scheme,fold,role,added,base,ap_gain,ap_gain_seed_sd,capture20_gain,selected_models
forward_run,2,test,H,P,-0.0017206763285086996,0.004573619801535735,0.0,catboost vs catboost
forward_run,2,validation,H,P,0.0034441036627825272,0.012340300524008651,0.03164556962025313,catboost vs catboost
forward_run,3,test,H,P,0.0027152755814199986,0.005033840114034258,0.07575757575757575,hist_gradient vs lightgbm
forward_run,3,validation,H,P,-0.00022236834455366625,0.006990184368658695,0.13333333333333336,hist_gradient vs lightgbm
forward_run,4,test,H,P,-0.006115877805174363,0.015020276771076643,0.002237136465324372,random_forest vs random_forest
forward_run,4,validation,H,P,0.0021306677593878657,0.003597549954871546,0.022727272727272735,random_forest vs random_forest
forward_run,6,test,H,P,0.019655269814893867,0.0013968913426602259,-0.004357298474945527,random_forest vs random_forest
forward_run,6,validation,H,P,0.013290487856976008,0.005851076690046896,0.007829977628635363,random_forest vs random_forest
within_run,primary,test,H,P,-0.004130468233146167,0.0007636511458938786,-0.015931372549019607,catboost vs catboost
within_run,primary,validation,H,P,0.013252080081161374,0.007124260683788601,0.02908277404921707,catboost vs catboost
forward_run,2,test,SH,S,0.0006584886395005988,0.0,0.0,logistic vs logistic
forward_run,2,validation,SH,S,0.0007865032903467128,0.0,0.0,logistic vs logistic
forward_run,3,test,SH,S,-8.426122167329991e-05,0.0,0.0,logistic vs logistic
forward_run,3,validation,SH,S,0.00036568707801579864,0.0,0.0,logistic vs logistic
forward_run,4,test,SH,S,0.0024479501485836774,0.008475400652809922,0.003355704697986609,catboost vs catboost
forward_run,4,validation,SH,S,0.0003987305542339642,0.002255024644388666,0.007575757575757597,catboost vs catboost
forward_run,6,test,SH,S,0.00034848855473157414,0.0,0.006535947712418305,logistic vs logistic
forward_run,6,validation,SH,S,0.0007973380105354977,0.0,-0.003355704697986517,logistic vs logistic
within_run,primary,test,SH,S,-0.046499564181615737,0.004912921961755219,-0.08578431372549017,random_forest vs logistic
within_run,primary,validation,SH,S,-0.015000097913989652,0.0008270064838019213,-0.02684563758389265,random_forest vs logistic
forward_run,2,test,S_FB,S,-7.99836651062015e-05,0.0,0.0,logistic vs logistic
forward_run,2,validation,S_FB,S,0.002081274627507096,0.0,0.012658227848101306,logistic vs logistic
forward_run,3,test,S_FB,S,0.0023159951405659004,0.0,0.022727272727272693,hist_gradient vs logistic
forward_run,3,validation,S_FB,S,0.0127692108002359,2.1245936804851847e-18,0.4000000000000001,hist_gradient vs logistic
forward_run,4,test,S_FB,S,0.004334559381286555,0.0005960757702872457,-0.019015659955257308,catboost vs catboost
forward_run,4,validation,S_FB,S,-0.0032885182991277684,0.00935320769557903,-0.015151515151515138,catboost vs catboost
forward_run,6,test,S_FB,S,0.013618769712336887,0.0,0.006535947712418305,logistic vs logistic
forward_run,6,validation,S_FB,S,-0.0043288009164846875,0.0,-0.010067114093959717,logistic vs logistic
within_run,primary,test,S_FB,S,0.013165691610167285,0.0,0.011029411764705899,logistic vs logistic
within_run,primary,validation,S_FB,S,0.09177970625041237,0.0,0.08053691275167779,logistic vs logistic
forward_run,2,test,SH_FB,S_FB,0.0006966897829915001,0.0,0.0,logistic vs logistic
forward_run,2,validation,SH_FB,S_FB,-0.0014225939670517995,0.0,-0.006329113924050611,logistic vs logistic
forward_run,3,test,SH_FB,S_FB,-0.0005079230617993993,0.0,-0.022727272727272693,hist_gradient vs hist_gradient
forward_run,3,validation,SH_FB,S_FB,0.0054943807967665036,0.0,0.0,hist_gradient vs hist_gradient
forward_run,4,test,SH_FB,S_FB,-0.0036042920839817194,0.012741152472963023,0.004474272930648772,catboost vs catboost
forward_run,4,validation,SH_FB,S_FB,0.00763521407855397,0.007313729669842007,0.01515151515151511,catboost vs catboost
forward_run,6,test,SH_FB,S_FB,-4.590229295881043e-05,0.0,0.006535947712418277,logistic vs logistic
forward_run,6,validation,SH_FB,S_FB,0.004076256184637861,0.0,0.0,logistic vs logistic
within_run,primary,test,SH_FB,S_FB,-0.04146532499922199,0.0025880939383309542,-0.03799019607843138,lightgbm vs logistic
within_run,primary,validation,SH_FB,S_FB,-0.012690879804601318,0.0048224373827498905,-0.011185682326621926,lightgbm vs logistic
