scheme,fold,representation,seed,dimension,value,product_seen_in_train,n,positive,prevalence,ap,auc,brier,threshold,tp,fp,fn,tn,fpr,inspect10,caught10,capture10,inspect20,caught20,capture20,inspect30,caught30,capture30
within_run,primary,P,17,run_id,0,True,330,125,0.3787878787878788,0.3879015394560481,0.49629268292682926,0.23811148743937752,0.39702995295353444,50,86,75,119,0.4195121951219512,33,10,0.08,66,26,0.208,99,38,0.304
within_run,primary,P,17,run_id,1,True,348,32,0.09195402298850575,0.16385485114015685,0.5305083069620253,0.09044528337412083,0.39702995295353444,1,0,31,316,0.0,34,5,0.15625,69,7,0.21875,104,12,0.375
within_run,primary,P,17,run_id,2,True,120,1,0.008333333333333333,0.009900990099009901,0.16386554621848737,0.018506924121647162,0.39702995295353444,0,0,1,119,0.0,12,0,0.0,24,0,0.0,36,0,0.0
within_run,primary,P,17,run_id,3,True,180,11,0.06111111111111111,0.05790457039849791,0.4123184507799892,0.06239003998065112,0.39702995295353444,0,0,11,169,0.0,18,1,0.09090909090909091,36,1,0.09090909090909091,54,2,0.18181818181818182
within_run,primary,P,17,run_id,4,True,218,63,0.2889908256880734,0.35713929400822364,0.5563236047107015,0.2035836834739924,0.39702995295353444,7,9,56,146,0.05806451612903226,21,9,0.14285714285714285,43,14,0.2222222222222222,65,25,0.3968253968253968
within_run,primary,P,17,run_id,6,True,191,40,0.2094240837696335,0.22383158714705095,0.5395695364238411,0.17067219021208482,0.39702995295353444,1,5,39,146,0.033112582781456956,19,3,0.075,38,5,0.125,57,12,0.3
within_run,primary,P,17,Product_Type,1,True,798,158,0.19799498746867167,0.3675522447434049,0.746810719936709,0.14069245659622343,0.39702995295353444,51,86,107,554,0.134375,79,30,0.189873417721519,159,58,0.3670886075949367,239,91,0.5759493670886076
within_run,primary,P,17,Product_Type,2,True,589,114,0.1935483870967742,0.29227260143272404,0.657876269621422,0.1497620348461048,0.39702995295353444,8,14,106,461,0.029473684210526315,58,14,0.12280701754385964,117,36,0.3157894736842105,176,49,0.4298245614035088
within_run,primary,P,29,run_id,0,True,330,125,0.3787878787878788,0.38194460936599484,0.4833170731707317,0.23849405912454524,0.3949978695192567,53,88,72,117,0.4292682926829268,33,12,0.096,66,26,0.208,99,35,0.28
within_run,primary,P,29,run_id,1,True,348,32,0.09195402298850575,0.15773942247431325,0.5313983386075949,0.08576015649749023,0.3949978695192567,1,0,31,316,0.0,34,5,0.15625,69,7,0.21875,104,13,0.40625
within_run,primary,P,29,run_id,2,True,120,1,0.008333333333333333,0.009259259259259259,0.10504201680672265,0.019517481989776604,0.3949978695192567,0,0,1,119,0.0,12,0,0.0,24,0,0.0,36,0,0.0
within_run,primary,P,29,run_id,3,True,180,11,0.06111111111111111,0.05561744641723887,0.41231845077998924,0.06165767423271938,0.3949978695192567,0,0,11,169,0.0,18,0,0.0,36,1,0.09090909090909091,54,3,0.2727272727272727
within_run,primary,P,29,run_id,4,True,218,63,0.2889908256880734,0.32726285092460783,0.5417818740399385,0.20592022800071563,0.3949978695192567,7,14,56,141,0.09032258064516129,21,7,0.1111111111111111,43,14,0.2222222222222222,65,24,0.38095238095238093
within_run,primary,P,29,run_id,6,True,191,40,0.2094240837696335,0.23906195283230836,0.5352649006622516,0.17058131069893126,0.3949978695192567,1,8,39,143,0.052980132450331126,19,4,0.1,38,8,0.2,57,12,0.3
within_run,primary,P,29,Product_Type,1,True,798,158,0.19799498746867167,0.36118934258920077,0.7418512658227848,0.13895948848496206,0.3949978695192567,54,88,104,552,0.1375,79,31,0.1962025316455696,159,55,0.34810126582278483,239,91,0.5759493670886076
within_run,primary,P,29,Product_Type,2,True,589,114,0.1935483870967742,0.28206257653166816,0.6506925207756233,0.15037355078020606,0.3949978695192567,8,22,106,453,0.04631578947368421,58,16,0.14035087719298245,117,34,0.2982456140350877,176,45,0.39473684210526316
within_run,primary,P,43,run_id,0,True,330,125,0.3787878787878788,0.37718062086322957,0.4853463414634146,0.23828732333164213,0.39133144575347395,58,107,67,98,0.5219512195121951,33,13,0.104,66,25,0.2,99,36,0.288
within_run,primary,P,43,run_id,1,True,348,32,0.09195402298850575,0.14368364783415727,0.5044996044303798,0.085759761610705,0.39133144575347395,0,0,32,316,0.0,34,4,0.125,69,5,0.15625,104,7,0.21875
within_run,primary,P,43,run_id,2,True,120,1,0.008333333333333333,0.009259259259259259,0.10504201680672265,0.02021882773556723,0.39133144575347395,0,0,1,119,0.0,12,0,0.0,24,0,0.0,36,0,0.0
within_run,primary,P,43,run_id,3,True,180,11,0.06111111111111111,0.054619658395693424,0.38488434642280794,0.06251908929881239,0.39133144575347395,0,0,11,169,0.0,18,1,0.09090909090909091,36,1,0.09090909090909091,54,2,0.18181818181818182
within_run,primary,P,43,run_id,4,True,218,63,0.2889908256880734,0.35489958520427234,0.5670762928827444,0.2033880429347078,0.39133144575347395,9,9,54,146,0.05806451612903226,21,9,0.14285714285714285,43,16,0.25396825396825395,65,23,0.36507936507936506
within_run,primary,P,43,run_id,6,True,191,40,0.2094240837696335,0.21855340873107987,0.5326158940397351,0.17119846241058756,0.39133144575347395,1,6,39,145,0.039735099337748346,19,2,0.05,38,8,0.2,57,13,0.325
within_run,primary,P,43,Product_Type,1,True,798,158,0.19799498746867167,0.35444474117141217,0.7378263449367088,0.13897928955919214,0.39133144575347395,58,107,100,533,0.1671875,79,30,0.189873417721519,159,56,0.35443037974683544,239,93,0.5886075949367089
within_run,primary,P,43,Product_Type,2,True,589,114,0.1935483870967742,0.2877956651965349,0.6573961218836565,0.14989972114426955,0.39133144575347395,10,15,104,460,0.031578947368421054,58,16,0.14035087719298245,117,35,0.30701754385964913,176,50,0.43859649122807015
within_run,primary,H,17,run_id,0,True,330,125,0.3787878787878788,0.3899958688852496,0.4865560975609756,0.23671260709855535,0.3883587553136046,45,66,80,139,0.32195121951219513,33,12,0.096,66,26,0.208,99,40,0.32
within_run,primary,H,17,run_id,1,True,348,32,0.09195402298850575,0.110853040456591,0.4414556962025316,0.0858955476748514,0.3883587553136046,0,0,32,316,0.0,34,2,0.0625,69,4,0.125,104,7,0.21875
within_run,primary,H,17,run_id,2,True,120,1,0.008333333333333333,0.00909090909090909,0.08403361344537819,0.01911869217765799,0.3883587553136046,0,0,1,119,0.0,12,0,0.0,24,0,0.0,36,0,0.0
within_run,primary,H,17,run_id,3,True,180,11,0.06111111111111111,0.06222456463631717,0.4316837009144701,0.0648584300560588,0.3883587553136046,0,0,11,169,0.0,18,1,0.09090909090909091,36,2,0.18181818181818182,54,3,0.2727272727272727
within_run,primary,H,17,run_id,4,True,218,63,0.2889908256880734,0.3504387338932291,0.5365079365079365,0.2060155613213128,0.3883587553136046,9,14,54,141,0.09032258064516129,21,9,0.14285714285714285,43,13,0.20634920634920634,65,25,0.3968253968253968
within_run,primary,H,17,run_id,6,True,191,40,0.2094240837696335,0.2391658166250642,0.5449503311258278,0.17074028989634535,0.3883587553136046,1,8,39,143,0.052980132450331126,19,2,0.05,38,6,0.15,57,13,0.325
within_run,primary,H,17,Product_Type,1,True,798,158,0.19799498746867167,0.3630354934355983,0.7339596518987341,0.13822187217379764,0.3883587553136046,45,66,113,574,0.103125,79,31,0.1962025316455696,159,58,0.3670886075949367,239,88,0.5569620253164557
within_run,primary,H,17,Product_Type,2,True,589,114,0.1935483870967742,0.28555429025283285,0.642049861495845,0.1514385486389452,0.3883587553136046,10,22,104,453,0.04631578947368421,58,15,0.13157894736842105,117,33,0.2894736842105263,176,48,0.42105263157894735
within_run,primary,H,29,run_id,0,True,330,125,0.3787878787878788,0.3767431152651635,0.468,0.2368008579587427,0.38436708288512567,45,91,80,114,0.44390243902439025,33,12,0.096,66,29,0.232,99,36,0.288
within_run,primary,H,29,run_id,1,True,348,32,0.09195402298850575,0.11071778002601385,0.4223694620253165,0.08630604646806599,0.38436708288512567,0,0,32,316,0.0,34,2,0.0625,69,3,0.09375,104,6,0.1875
within_run,primary,H,29,run_id,2,True,120,1,0.008333333333333333,0.008849557522123894,0.05882352941176472,0.021302619986939407,0.38436708288512567,0,0,1,119,0.0,12,0,0.0,24,0,0.0,36,0,0.0
within_run,primary,H,29,run_id,3,True,180,11,0.06111111111111111,0.060389001874851106,0.41984938138784295,0.06379188678169848,0.38436708288512567,0,0,11,169,0.0,18,0,0.0,36,3,0.2727272727272727,54,3,0.2727272727272727
within_run,primary,H,29,run_id,4,True,218,63,0.2889908256880734,0.34206050113573383,0.5329749103942651,0.20655839721102498,0.38436708288512567,10,12,53,143,0.07741935483870968,21,10,0.15873015873015872,43,15,0.23809523809523808,65,25,0.3968253968253968
within_run,primary,H,29,run_id,6,True,191,40,0.2094240837696335,0.22338430373162305,0.5491721854304635,0.1703834673390314,0.38436708288512567,1,9,39,142,0.059602649006622516,19,3,0.075,38,7,0.175,57,10,0.25
within_run,primary,H,29,Product_Type,1,True,798,158,0.19799498746867167,0.3513585308855082,0.7253115110759494,0.13876579159862754,0.38436708288512567,45,91,113,549,0.1421875,79,32,0.20253164556962025,159,51,0.3227848101265823,239,86,0.5443037974683544
within_run,primary,H,29,Product_Type,2,True,589,114,0.1935483870967742,0.27238682559244876,0.6399630655586334,0.15119781404832625,0.38436708288512567,11,21,103,454,0.04421052631578947,58,15,0.13157894736842105,117,33,0.2894736842105263,176,48,0.42105263157894735
within_run,primary,H,43,run_id,0,True,330,125,0.3787878787878788,0.37938871723014994,0.4852878048780488,0.23690254828671217,0.3907510989982024,50,92,75,113,0.44878048780487806,33,12,0.096,66,27,0.216,99,38,0.304
within_run,primary,H,43,run_id,1,True,348,32,0.09195402298850575,0.10800674323833881,0.4267207278481012,0.08654375836092508,0.3907510989982024,0,0,32,316,0.0,34,2,0.0625,69,4,0.125,104,4,0.125
within_run,primary,H,43,run_id,2,True,120,1,0.008333333333333333,0.009708737864077669,0.1428571428571429,0.022690679208377276,0.3907510989982024,0,0,1,119,0.0,12,0,0.0,24,0,0.0,36,0,0.0
within_run,primary,H,43,run_id,3,True,180,11,0.06111111111111111,0.06642985649059417,0.4381387842926305,0.06359268750497077,0.3907510989982024,0,0,11,169,0.0,18,1,0.09090909090909091,36,3,0.2727272727272727,54,3,0.2727272727272727
within_run,primary,H,43,run_id,4,True,218,63,0.2889908256880734,0.35256661215289475,0.5415770609318996,0.20596355374439407,0.3907510989982024,10,12,53,143,0.07741935483870968,21,10,0.15873015873015872,43,13,0.20634920634920634,65,25,0.3968253968253968
within_run,primary,H,43,run_id,6,True,191,40,0.2094240837696335,0.23265544085848555,0.5475165562913906,0.16982272899759687,0.3907510989982024,1,9,39,142,0.059602649006622516,19,3,0.075,38,9,0.225,57,14,0.35
within_run,primary,H,43,Product_Type,1,True,798,158,0.19799498746867167,0.3531170951976745,0.7284958465189875,0.13912023853285993,0.3907510989982024,50,92,108,548,0.14375,79,32,0.20253164556962025,159,54,0.34177215189873417,239,90,0.569620253164557
within_run,primary,H,43,Product_Type,2,True,589,114,0.1935483870967742,0.28923897875776683,0.6490489381348107,0.1507349400776123,0.3907510989982024,11,21,103,454,0.04421052631578947,58,15,0.13157894736842105,117,38,0.3333333333333333,176,54,0.47368421052631576
within_run,primary,S,17,run_id,0,True,330,125,0.3787878787878788,0.46225374601134644,0.5784585365853658,0.23349989271764257,0.3763421034019082,27,28,98,177,0.13658536585365855,33,15,0.12,66,31,0.248,99,48,0.384
within_run,primary,S,17,run_id,1,True,348,32,0.09195402298850575,0.13791515916826352,0.600870253164557,0.08869520911541874,0.3763421034019082,0,4,32,312,0.012658227848101266,34,6,0.1875,69,8,0.25,104,12,0.375
within_run,primary,S,17,run_id,2,True,120,1,0.008333333333333333,0.037037037037037035,0.7815126050420168,0.00964599286744594,0.3763421034019082,0,0,1,119,0.0,12,0,0.0,24,0,0.0,36,1,1.0
within_run,primary,S,17,run_id,3,True,180,11,0.06111111111111111,0.055178802694582516,0.4408284023668639,0.06314142684197785,0.3763421034019082,0,0,11,169,0.0,18,0,0.0,36,0,0.0,54,1,0.09090909090909091
within_run,primary,S,17,run_id,4,True,218,63,0.2889908256880734,0.42051503718055316,0.5250384024577572,0.20739054353984018,0.3763421034019082,10,9,53,146,0.05806451612903226,21,11,0.1746031746031746,43,17,0.2698412698412698,65,24,0.38095238095238093
within_run,primary,S,17,run_id,6,True,191,40,0.2094240837696335,0.20918743909992854,0.4502483443708609,0.17828459185634254,0.3763421034019082,0,0,40,151,0.0,19,3,0.075,38,8,0.2,57,9,0.225
within_run,primary,S,17,Product_Type,1,True,798,158,0.19799498746867167,0.396493163963415,0.775692246835443,0.13668974500386127,0.3763421034019082,27,32,131,608,0.05,79,36,0.22784810126582278,159,67,0.4240506329113924,239,96,0.6075949367088608
within_run,primary,S,17,Product_Type,2,True,589,114,0.1935483870967742,0.3140817868823604,0.5860941828254849,0.1538691890794611,0.3763421034019082,10,9,104,466,0.018947368421052633,58,22,0.19298245614035087,117,31,0.2719298245614035,176,43,0.37719298245614036
within_run,primary,S,29,run_id,0,True,330,125,0.3787878787878788,0.46225374601134644,0.5784585365853658,0.23349989271764257,0.3763421034019082,27,28,98,177,0.13658536585365855,33,15,0.12,66,31,0.248,99,48,0.384
within_run,primary,S,29,run_id,1,True,348,32,0.09195402298850575,0.13791515916826352,0.600870253164557,0.08869520911541874,0.3763421034019082,0,4,32,312,0.012658227848101266,34,6,0.1875,69,8,0.25,104,12,0.375
within_run,primary,S,29,run_id,2,True,120,1,0.008333333333333333,0.037037037037037035,0.7815126050420168,0.00964599286744594,0.3763421034019082,0,0,1,119,0.0,12,0,0.0,24,0,0.0,36,1,1.0
within_run,primary,S,29,run_id,3,True,180,11,0.06111111111111111,0.055178802694582516,0.4408284023668639,0.06314142684197785,0.3763421034019082,0,0,11,169,0.0,18,0,0.0,36,0,0.0,54,1,0.09090909090909091
within_run,primary,S,29,run_id,4,True,218,63,0.2889908256880734,0.42051503718055316,0.5250384024577572,0.20739054353984018,0.3763421034019082,10,9,53,146,0.05806451612903226,21,11,0.1746031746031746,43,17,0.2698412698412698,65,24,0.38095238095238093
within_run,primary,S,29,run_id,6,True,191,40,0.2094240837696335,0.20918743909992854,0.4502483443708609,0.17828459185634254,0.3763421034019082,0,0,40,151,0.0,19,3,0.075,38,8,0.2,57,9,0.225
within_run,primary,S,29,Product_Type,1,True,798,158,0.19799498746867167,0.396493163963415,0.775692246835443,0.13668974500386127,0.3763421034019082,27,32,131,608,0.05,79,36,0.22784810126582278,159,67,0.4240506329113924,239,96,0.6075949367088608
within_run,primary,S,29,Product_Type,2,True,589,114,0.1935483870967742,0.3140817868823604,0.5860941828254849,0.1538691890794611,0.3763421034019082,10,9,104,466,0.018947368421052633,58,22,0.19298245614035087,117,31,0.2719298245614035,176,43,0.37719298245614036
within_run,primary,S,43,run_id,0,True,330,125,0.3787878787878788,0.46225374601134644,0.5784585365853658,0.23349989271764257,0.3763421034019082,27,28,98,177,0.13658536585365855,33,15,0.12,66,31,0.248,99,48,0.384
within_run,primary,S,43,run_id,1,True,348,32,0.09195402298850575,0.13791515916826352,0.600870253164557,0.08869520911541874,0.3763421034019082,0,4,32,312,0.012658227848101266,34,6,0.1875,69,8,0.25,104,12,0.375
within_run,primary,S,43,run_id,2,True,120,1,0.008333333333333333,0.037037037037037035,0.7815126050420168,0.00964599286744594,0.3763421034019082,0,0,1,119,0.0,12,0,0.0,24,0,0.0,36,1,1.0
within_run,primary,S,43,run_id,3,True,180,11,0.06111111111111111,0.055178802694582516,0.4408284023668639,0.06314142684197785,0.3763421034019082,0,0,11,169,0.0,18,0,0.0,36,0,0.0,54,1,0.09090909090909091
within_run,primary,S,43,run_id,4,True,218,63,0.2889908256880734,0.42051503718055316,0.5250384024577572,0.20739054353984018,0.3763421034019082,10,9,53,146,0.05806451612903226,21,11,0.1746031746031746,43,17,0.2698412698412698,65,24,0.38095238095238093
within_run,primary,S,43,run_id,6,True,191,40,0.2094240837696335,0.20918743909992854,0.4502483443708609,0.17828459185634254,0.3763421034019082,0,0,40,151,0.0,19,3,0.075,38,8,0.2,57,9,0.225
within_run,primary,S,43,Product_Type,1,True,798,158,0.19799498746867167,0.396493163963415,0.775692246835443,0.13668974500386127,0.3763421034019082,27,32,131,608,0.05,79,36,0.22784810126582278,159,67,0.4240506329113924,239,96,0.6075949367088608
within_run,primary,S,43,Product_Type,2,True,589,114,0.1935483870967742,0.3140817868823604,0.5860941828254849,0.1538691890794611,0.3763421034019082,10,9,104,466,0.018947368421052633,58,22,0.19298245614035087,117,31,0.2719298245614035,176,43,0.37719298245614036
within_run,primary,SH,17,run_id,0,True,330,125,0.3787878787878788,0.38719878793075024,0.5088975609756097,0.2447079057123797,0.5025532418483496,26,39,99,166,0.1902439024390244,33,14,0.112,66,27,0.216,99,41,0.328
within_run,primary,SH,17,run_id,1,True,348,32,0.09195402298850575,0.09370475142976067,0.4791831487341772,0.09611690615708265,0.5025532418483496,0,0,32,316,0.0,34,4,0.125,69,4,0.125,104,6,0.1875
within_run,primary,SH,17,run_id,2,True,120,1,0.008333333333333333,0.009523809523809525,0.12605042016806722,0.010429732701646256,0.5025532418483496,0,0,1,119,0.0,12,0,0.0,24,0,0.0,36,0,0.0
within_run,primary,SH,17,run_id,3,True,180,11,0.06111111111111111,0.05457861464939091,0.40424959655728887,0.060972487823652874,0.5025532418483496,0,0,11,169,0.0,18,1,0.09090909090909091,36,1,0.09090909090909091,54,1,0.09090909090909091
within_run,primary,SH,17,run_id,4,True,218,63,0.2889908256880734,0.27213152336008894,0.4133640552995392,0.22446318157221268,0.5025532418483496,1,2,62,153,0.012903225806451613,21,5,0.07936507936507936,43,12,0.19047619047619047,65,16,0.25396825396825395
within_run,primary,SH,17,run_id,6,True,191,40,0.2094240837696335,0.20819435829370764,0.509933774834437,0.17408581051927519,0.5025532418483496,0,0,40,151,0.0,19,1,0.025,38,8,0.2,57,14,0.35
within_run,primary,SH,17,Product_Type,1,True,798,158,0.19799498746867167,0.3649108628654856,0.7521064082278481,0.14467902274680153,0.5025532418483496,26,39,132,601,0.0609375,79,34,0.21518987341772153,159,62,0.3924050632911392,239,92,0.5822784810126582
within_run,primary,SH,17,Product_Type,2,True,589,114,0.1935483870967742,0.2541972782434104,0.6251708217913204,0.1581636862481858,0.5025532418483496,1,2,113,473,0.004210526315789474,58,13,0.11403508771929824,117,25,0.21929824561403508,176,39,0.34210526315789475
within_run,primary,SH,29,run_id,0,True,330,125,0.3787878787878788,0.3887576431036988,0.5053463414634146,0.24511149185452336,0.5038818548085577,29,40,96,165,0.1951219512195122,33,14,0.112,66,27,0.216,99,43,0.344
within_run,primary,SH,29,run_id,1,True,348,32,0.09195402298850575,0.09532203262493158,0.47522745253164556,0.0978435605602008,0.5038818548085577,0,0,32,316,0.0,34,4,0.125,69,5,0.15625,104,6,0.1875
within_run,primary,SH,29,run_id,2,True,120,1,0.008333333333333333,0.008849557522123894,0.05882352941176472,0.010046320591580572,0.5038818548085577,0,0,1,119,0.0,12,0,0.0,24,0,0.0,36,0,0.0
within_run,primary,SH,29,run_id,3,True,180,11,0.06111111111111111,0.06300495291779588,0.44889725658956425,0.060451279739573455,0.5038818548085577,0,0,11,169,0.0,18,1,0.09090909090909091,36,1,0.09090909090909091,54,2,0.18181818181818182
within_run,primary,SH,29,run_id,4,True,218,63,0.2889908256880734,0.2745679515111036,0.4208397337429595,0.22523675091000467,0.5038818548085577,1,2,62,153,0.012903225806451613,21,7,0.1111111111111111,43,10,0.15873015873015872,65,18,0.2857142857142857
within_run,primary,SH,29,run_id,6,True,191,40,0.2094240837696335,0.21023149369977182,0.5139072847682119,0.17363206058830646,0.5038818548085577,0,0,40,151,0.0,19,3,0.075,38,6,0.15,57,14,0.35
within_run,primary,SH,29,Product_Type,1,True,798,158,0.19799498746867167,0.3661618688402847,0.7507614715189874,0.145541240423474,0.5038818548085577,29,40,129,600,0.0625,79,34,0.21518987341772153,159,59,0.37341772151898733,239,89,0.5632911392405063
within_run,primary,SH,29,Product_Type,2,True,589,114,0.1935483870967742,0.25611112810802883,0.6265373961218835,0.15814357491319317,0.5038818548085577,1,2,113,473,0.004210526315789474,58,14,0.12280701754385964,117,27,0.23684210526315788,176,43,0.37719298245614036
within_run,primary,SH,43,run_id,0,True,330,125,0.3787878787878788,0.38550007611196724,0.5049560975609756,0.2446087802047432,0.5004970202014558,22,35,103,170,0.17073170731707318,33,14,0.112,66,26,0.208,99,42,0.336
within_run,primary,SH,43,run_id,1,True,348,32,0.09195402298850575,0.0900816976408875,0.46454707278481006,0.09534568612759113,0.5004970202014558,0,0,32,316,0.0,34,4,0.125,69,5,0.15625,104,6,0.1875
within_run,primary,SH,43,run_id,2,True,120,1,0.008333333333333333,0.009174311926605505,0.09243697478991597,0.010726523593252569,0.5004970202014558,0,0,1,119,0.0,12,0,0.0,24,0,0.0,36,0,0.0
within_run,primary,SH,43,run_id,3,True,180,11,0.06111111111111111,0.06010447054289533,0.414470145239376,0.060626780882746555,0.5004970202014558,0,0,11,169,0.0,18,1,0.09090909090909091,36,1,0.09090909090909091,54,1,0.09090909090909091
within_run,primary,SH,43,run_id,4,True,218,63,0.2889908256880734,0.25510357628491065,0.38714797747055807,0.22944160089015042,0.5004970202014558,1,3,62,152,0.01935483870967742,21,4,0.06349206349206349,43,9,0.14285714285714285,65,14,0.2222222222222222
within_run,primary,SH,43,run_id,6,True,191,40,0.2094240837696335,0.20670929630985804,0.5046357615894039,0.17321101467467315,0.5004970202014558,0,0,40,151,0.0,19,2,0.05,38,4,0.1,57,14,0.35
within_run,primary,SH,43,Product_Type,1,True,798,158,0.19799498746867167,0.36319201431670306,0.7495549841772152,0.144346339688167,0.5004970202014558,22,35,136,605,0.0546875,79,34,0.21518987341772153,159,59,0.37341772151898733,239,88,0.5569620253164557
within_run,primary,SH,43,Product_Type,2,True,589,114,0.1935483870967742,0.24597544301183344,0.6202031394275161,0.1596169666482339,0.5004970202014558,1,3,113,472,0.00631578947368421,58,13,0.11403508771929824,117,25,0.21929824561403508,176,42,0.3684210526315789
within_run,primary,FB,17,run_id,0,True,330,125,0.3787878787878788,0.40076232104934095,0.5218926829268293,0.2563657168115944,0.3223765889295999,31,53,94,152,0.25853658536585367,33,13,0.104,66,26,0.208,99,36,0.288
within_run,primary,FB,17,run_id,1,True,348,32,0.09195402298850575,0.08347302414219351,0.46449762658227844,0.08436633206721937,0.3223765889295999,0,0,32,316,0.0,34,2,0.0625,69,3,0.09375,104,5,0.15625
within_run,primary,FB,17,run_id,2,True,120,1,0.008333333333333333,0.009174311926605505,0.09663865546218486,0.018717476243903124,0.3223765889295999,0,0,1,119,0.0,12,0,0.0,24,0,0.0,36,0,0.0
within_run,primary,FB,17,run_id,3,True,180,11,0.06111111111111111,0.06680813121082729,0.4217321140398063,0.06354300365337831,0.3223765889295999,0,0,11,169,0.0,18,1,0.09090909090909091,36,3,0.2727272727272727,54,3,0.2727272727272727
within_run,primary,FB,17,run_id,4,True,218,63,0.2889908256880734,0.47040509171211015,0.7032770097286226,0.18432037329539172,0.3223765889295999,39,42,24,113,0.2709677419354839,21,11,0.1746031746031746,43,24,0.38095238095238093,65,38,0.6031746031746031
within_run,primary,FB,17,run_id,6,True,191,40,0.2094240837696335,0.21184891392107003,0.4795529801324503,0.18146536982637324,0.3223765889295999,5,20,35,131,0.13245033112582782,19,4,0.1,38,7,0.175,57,11,0.275
within_run,primary,FB,17,Product_Type,1,True,798,158,0.19799498746867167,0.3492653537549323,0.6906447784810127,0.14562188879259005,0.3223765889295999,31,53,127,587,0.0828125,79,29,0.18354430379746836,159,63,0.3987341772151899,239,96,0.6075949367088608
within_run,primary,FB,17,Product_Type,2,True,589,114,0.1935483870967742,0.3620878155741746,0.649455216989843,0.14648466497935617,0.3223765889295999,44,62,70,413,0.13052631578947368,58,33,0.2894736842105263,117,48,0.42105263157894735,176,56,0.49122807017543857
within_run,primary,FB,29,run_id,0,True,330,125,0.3787878787878788,0.39593915395653273,0.5210926829268293,0.2562792619003883,0.32562236941396067,32,50,93,155,0.24390243902439024,33,12,0.096,66,26,0.208,99,36,0.288
within_run,primary,FB,29,run_id,1,True,348,32,0.09195402298850575,0.08982382316658502,0.48442444620253167,0.08423592794702395,0.32562236941396067,0,0,32,316,0.0,34,2,0.0625,69,4,0.125,104,10,0.3125
within_run,primary,FB,29,run_id,2,True,120,1,0.008333333333333333,0.009174311926605505,0.1050420168067227,0.020159190677907828,0.32562236941396067,0,0,1,119,0.0,12,0,0.0,24,0,0.0,36,0,0.0
within_run,primary,FB,29,run_id,3,True,180,11,0.06111111111111111,0.08325719097049654,0.41931145777299617,0.06391529665209307,0.32562236941396067,0,0,11,169,0.0,18,1,0.09090909090909091,36,3,0.2727272727272727,54,3,0.2727272727272727
within_run,primary,FB,29,run_id,4,True,218,63,0.2889908256880734,0.469204684668619,0.7035842293906811,0.18391536082479212,0.32562236941396067,39,42,24,113,0.2709677419354839,21,11,0.1746031746031746,43,24,0.38095238095238093,65,38,0.6031746031746031
within_run,primary,FB,29,run_id,6,True,191,40,0.2094240837696335,0.21250549106922384,0.4860927152317881,0.18084602811134526,0.32562236941396067,5,20,35,131,0.13245033112582782,19,3,0.075,38,8,0.2,57,10,0.25
within_run,primary,FB,29,Product_Type,1,True,798,158,0.19799498746867167,0.3439416362647409,0.687529667721519,0.14574606796245787,0.32562236941396067,32,50,126,590,0.078125,79,31,0.1962025316455696,159,63,0.3987341772151899,239,96,0.6075949367088608
within_run,primary,FB,29,Product_Type,2,True,589,114,0.1935483870967742,0.3616503985876788,0.6500092336103416,0.1462476968190974,0.32562236941396067,44,62,70,413,0.13052631578947368,58,33,0.2894736842105263,117,47,0.41228070175438597,176,56,0.49122807017543857
within_run,primary,FB,43,run_id,0,True,330,125,0.3787878787878788,0.39774813397561093,0.5261853658536586,0.2555456983640921,0.31895985033526814,35,61,90,144,0.2975609756097561,33,14,0.112,66,26,0.208,99,37,0.296
within_run,primary,FB,43,run_id,1,True,348,32,0.09195402298850575,0.08657082364024044,0.46909612341772156,0.08462723656950401,0.31895985033526814,0,0,32,316,0.0,34,2,0.0625,69,4,0.125,104,6,0.1875
within_run,primary,FB,43,run_id,2,True,120,1,0.008333333333333333,0.009174311926605505,0.09663865546218486,0.019053970194526038,0.31895985033526814,0,0,1,119,0.0,12,0,0.0,24,0,0.0,36,0,0.0
within_run,primary,FB,43,run_id,3,True,180,11,0.06111111111111111,0.07028930575836116,0.42630446476600325,0.06386462728435446,0.31895985033526814,0,0,11,169,0.0,18,1,0.09090909090909091,36,3,0.2727272727272727,54,3,0.2727272727272727
within_run,primary,FB,43,run_id,4,True,218,63,0.2889908256880734,0.47356429831712304,0.6999487967229903,0.183650861463765,0.31895985033526814,39,38,24,117,0.24516129032258063,21,11,0.1746031746031746,43,24,0.38095238095238093,65,38,0.6031746031746031
within_run,primary,FB,43,run_id,6,True,191,40,0.2094240837696335,0.2137572176429674,0.4889072847682119,0.18188305814335912,0.31895985033526814,6,26,34,125,0.17218543046357615,19,4,0.1,38,8,0.2,57,10,0.25
within_run,primary,FB,43,Product_Type,1,True,798,158,0.19799498746867167,0.34696901020254367,0.6933791534810128,0.14544716191689336,0.31895985033526814,35,61,123,579,0.0953125,79,30,0.189873417721519,159,65,0.41139240506329117,239,96,0.6075949367088608
within_run,primary,FB,43,Product_Type,2,True,589,114,0.1935483870967742,0.3619250951990598,0.6517174515235457,0.1464706024035079,0.31895985033526814,45,64,69,411,0.13473684210526315,58,33,0.2894736842105263,117,47,0.41228070175438597,176,56,0.49122807017543857
within_run,primary,S_FB,17,run_id,0,True,330,125,0.3787878787878788,0.4108988485459723,0.549619512195122,0.24410616957972814,0.31341528399357055,54,76,71,129,0.37073170731707317,33,13,0.104,66,25,0.2,99,38,0.304
within_run,primary,S_FB,17,run_id,1,True,348,32,0.09195402298850575,0.12349948242451428,0.5922666139240507,0.08512059317349434,0.31341528399357055,0,1,32,315,0.0031645569620253164,34,6,0.1875,69,8,0.25,104,12,0.375
within_run,primary,S_FB,17,run_id,2,True,120,1,0.008333333333333333,0.058823529411764705,0.865546218487395,0.0091069380543571,0.31341528399357055,0,0,1,119,0.0,12,0,0.0,24,1,1.0,36,1,1.0
within_run,primary,S_FB,17,run_id,3,True,180,11,0.06111111111111111,0.0560033612109502,0.4497041420118343,0.061756618100878916,0.31341528399357055,0,0,11,169,0.0,18,0,0.0,36,0,0.0,54,0,0.0
within_run,primary,S_FB,17,run_id,4,True,218,63,0.2889908256880734,0.5069346272325352,0.6964669738863287,0.18862855910008822,0.31341528399357055,26,29,37,126,0.1870967741935484,21,12,0.19047619047619047,43,22,0.3492063492063492,65,30,0.47619047619047616
within_run,primary,S_FB,17,run_id,6,True,191,40,0.2094240837696335,0.21128791742352732,0.48062913907284766,0.17457448109730642,0.31341528399357055,0,0,40,151,0.0,19,4,0.1,38,8,0.2,57,14,0.35
within_run,primary,S_FB,17,Product_Type,1,True,798,158,0.19799498746867167,0.38046341918526805,0.7695806962025317,0.13943588339875834,0.31341528399357055,54,77,104,563,0.1203125,79,32,0.20253164556962025,159,70,0.4430379746835443,239,98,0.620253164556962
within_run,primary,S_FB,17,Product_Type,2,True,589,114,0.1935483870967742,0.38431166938513023,0.6660203139427516,0.1452987148243853,0.31341528399357055,26,29,88,446,0.061052631578947365,58,26,0.22807017543859648,117,46,0.40350877192982454,176,56,0.49122807017543857
within_run,primary,S_FB,29,run_id,0,True,330,125,0.3787878787878788,0.4108988485459723,0.549619512195122,0.24410616957972814,0.31341528399357055,54,76,71,129,0.37073170731707317,33,13,0.104,66,25,0.2,99,38,0.304
within_run,primary,S_FB,29,run_id,1,True,348,32,0.09195402298850575,0.12349948242451428,0.5922666139240507,0.08512059317349434,0.31341528399357055,0,1,32,315,0.0031645569620253164,34,6,0.1875,69,8,0.25,104,12,0.375
within_run,primary,S_FB,29,run_id,2,True,120,1,0.008333333333333333,0.058823529411764705,0.865546218487395,0.0091069380543571,0.31341528399357055,0,0,1,119,0.0,12,0,0.0,24,1,1.0,36,1,1.0
within_run,primary,S_FB,29,run_id,3,True,180,11,0.06111111111111111,0.0560033612109502,0.4497041420118343,0.061756618100878916,0.31341528399357055,0,0,11,169,0.0,18,0,0.0,36,0,0.0,54,0,0.0
within_run,primary,S_FB,29,run_id,4,True,218,63,0.2889908256880734,0.5069346272325352,0.6964669738863287,0.18862855910008822,0.31341528399357055,26,29,37,126,0.1870967741935484,21,12,0.19047619047619047,43,22,0.3492063492063492,65,30,0.47619047619047616
within_run,primary,S_FB,29,run_id,6,True,191,40,0.2094240837696335,0.21128791742352732,0.48062913907284766,0.17457448109730642,0.31341528399357055,0,0,40,151,0.0,19,4,0.1,38,8,0.2,57,14,0.35
within_run,primary,S_FB,29,Product_Type,1,True,798,158,0.19799498746867167,0.38046341918526805,0.7695806962025317,0.13943588339875834,0.31341528399357055,54,77,104,563,0.1203125,79,32,0.20253164556962025,159,70,0.4430379746835443,239,98,0.620253164556962
within_run,primary,S_FB,29,Product_Type,2,True,589,114,0.1935483870967742,0.38431166938513023,0.6660203139427516,0.1452987148243853,0.31341528399357055,26,29,88,446,0.061052631578947365,58,26,0.22807017543859648,117,46,0.40350877192982454,176,56,0.49122807017543857
within_run,primary,S_FB,43,run_id,0,True,330,125,0.3787878787878788,0.4108988485459723,0.549619512195122,0.24410616957972814,0.31341528399357055,54,76,71,129,0.37073170731707317,33,13,0.104,66,25,0.2,99,38,0.304
within_run,primary,S_FB,43,run_id,1,True,348,32,0.09195402298850575,0.12349948242451428,0.5922666139240507,0.08512059317349434,0.31341528399357055,0,1,32,315,0.0031645569620253164,34,6,0.1875,69,8,0.25,104,12,0.375
within_run,primary,S_FB,43,run_id,2,True,120,1,0.008333333333333333,0.058823529411764705,0.865546218487395,0.0091069380543571,0.31341528399357055,0,0,1,119,0.0,12,0,0.0,24,1,1.0,36,1,1.0
within_run,primary,S_FB,43,run_id,3,True,180,11,0.06111111111111111,0.0560033612109502,0.4497041420118343,0.061756618100878916,0.31341528399357055,0,0,11,169,0.0,18,0,0.0,36,0,0.0,54,0,0.0
within_run,primary,S_FB,43,run_id,4,True,218,63,0.2889908256880734,0.5069346272325352,0.6964669738863287,0.18862855910008822,0.31341528399357055,26,29,37,126,0.1870967741935484,21,12,0.19047619047619047,43,22,0.3492063492063492,65,30,0.47619047619047616
within_run,primary,S_FB,43,run_id,6,True,191,40,0.2094240837696335,0.21128791742352732,0.48062913907284766,0.17457448109730642,0.31341528399357055,0,0,40,151,0.0,19,4,0.1,38,8,0.2,57,14,0.35
within_run,primary,S_FB,43,Product_Type,1,True,798,158,0.19799498746867167,0.38046341918526805,0.7695806962025317,0.13943588339875834,0.31341528399357055,54,77,104,563,0.1203125,79,32,0.20253164556962025,159,70,0.4430379746835443,239,98,0.620253164556962
within_run,primary,S_FB,43,Product_Type,2,True,589,114,0.1935483870967742,0.38431166938513023,0.6660203139427516,0.1452987148243853,0.31341528399357055,26,29,88,446,0.061052631578947365,58,26,0.22807017543859648,117,46,0.40350877192982454,176,56,0.49122807017543857
within_run,primary,SH_FB,17,run_id,0,True,330,125,0.3787878787878788,0.38638199986329613,0.5306536585365853,0.24651022637729733,0.3984142881844188,36,45,89,160,0.21951219512195122,33,9,0.072,66,26,0.208,99,43,0.344
within_run,primary,SH_FB,17,run_id,1,True,348,32,0.09195402298850575,0.09227075372004101,0.4545589398734177,0.08474961798157558,0.3984142881844188,0,0,32,316,0.0,34,2,0.0625,69,4,0.125,104,8,0.25
within_run,primary,SH_FB,17,run_id,2,True,120,1,0.008333333333333333,0.00980392156862745,0.1512605042016807,0.010080168365996537,0.3984142881844188,0,0,1,119,0.0,12,0,0.0,24,0,0.0,36,0,0.0
within_run,primary,SH_FB,17,run_id,3,True,180,11,0.06111111111111111,0.0553394869281296,0.42899408284023666,0.07641245513627906,0.3984142881844188,0,3,11,166,0.01775147928994083,18,0,0.0,36,1,0.09090909090909091,54,3,0.2727272727272727
within_run,primary,SH_FB,17,run_id,4,True,218,63,0.2889908256880734,0.41611714006664446,0.6671786994367639,0.1923822266077326,0.3984142881844188,35,42,28,113,0.2709677419354839,21,9,0.14285714285714285,43,22,0.3492063492063492,65,30,0.47619047619047616
within_run,primary,SH_FB,17,run_id,6,True,191,40,0.2094240837696335,0.2141338636137491,0.49677152317880796,0.17439571060998363,0.3984142881844188,0,5,40,146,0.033112582781456956,19,3,0.075,38,10,0.25,57,12,0.3
within_run,primary,SH_FB,17,Product_Type,1,True,798,158,0.19799498746867167,0.3624386669849517,0.7502521756329114,0.14041461399250127,0.3984142881844188,36,45,122,595,0.0703125,79,35,0.22151898734177214,159,65,0.41139240506329117,239,94,0.5949367088607594
within_run,primary,SH_FB,17,Product_Type,2,True,589,114,0.1935483870967742,0.32992017884307934,0.6593721144967682,0.151108910104453,0.3984142881844188,35,50,79,425,0.10526315789473684,58,27,0.23684210526315788,117,43,0.37719298245614036,176,55,0.4824561403508772
within_run,primary,SH_FB,29,run_id,0,True,330,125,0.3787878787878788,0.38869200350929645,0.5311414634146341,0.2458832817607159,0.39414819448483285,33,43,92,162,0.2097560975609756,33,9,0.072,66,25,0.2,99,41,0.328
within_run,primary,SH_FB,29,run_id,1,True,348,32,0.09195402298850575,0.09205389611309625,0.44808148734177217,0.0848923801263689,0.39414819448483285,0,0,32,316,0.0,34,3,0.09375,69,5,0.15625,104,7,0.21875
within_run,primary,SH_FB,29,run_id,2,True,120,1,0.008333333333333333,0.01020408163265306,0.18487394957983194,0.009742095579681373,0.39414819448483285,0,0,1,119,0.0,12,0,0.0,24,0,0.0,36,0,0.0
within_run,primary,SH_FB,29,run_id,3,True,180,11,0.06111111111111111,0.056653725190258984,0.4246906939214632,0.07625639286815863,0.39414819448483285,0,2,11,167,0.011834319526627219,18,0,0.0,36,2,0.18181818181818182,54,3,0.2727272727272727
within_run,primary,SH_FB,29,run_id,4,True,218,63,0.2889908256880734,0.4150565986220502,0.6663594470046083,0.1920761455981962,0.39414819448483285,30,37,33,118,0.23870967741935484,21,8,0.12698412698412698,43,22,0.3492063492063492,65,30,0.47619047619047616
within_run,primary,SH_FB,29,run_id,6,True,191,40,0.2094240837696335,0.21312126328596653,0.494453642384106,0.17421159204284484,0.39414819448483285,0,5,40,146,0.033112582781456956,19,3,0.075,38,9,0.225,57,13,0.325
within_run,primary,SH_FB,29,Product_Type,1,True,798,158,0.19799498746867167,0.3644378726080061,0.7508554193037973,0.1401667703440782,0.39414819448483285,33,43,125,597,0.0671875,79,34,0.21518987341772153,159,66,0.4177215189873418,239,95,0.6012658227848101
within_run,primary,SH_FB,29,Product_Type,2,True,589,114,0.1935483870967742,0.32421950681556944,0.6554755309325946,0.15088822502013358,0.39414819448483285,30,44,84,431,0.09263157894736843,58,27,0.23684210526315788,117,41,0.35964912280701755,176,55,0.4824561403508772
within_run,primary,SH_FB,43,run_id,0,True,330,125,0.3787878787878788,0.39146608266476524,0.5281951219512195,0.24487900950486927,0.4061038639351396,31,38,94,167,0.18536585365853658,33,10,0.08,66,31,0.248,99,44,0.352
within_run,primary,SH_FB,43,run_id,1,True,348,32,0.09195402298850575,0.09521400311079092,0.46444818037974683,0.08474213680357705,0.4061038639351396,0,0,32,316,0.0,34,3,0.09375,69,5,0.15625,104,8,0.25
within_run,primary,SH_FB,43,run_id,2,True,120,1,0.008333333333333333,0.009523809523809525,0.12605042016806722,0.010216369877095647,0.4061038639351396,0,0,1,119,0.0,12,0,0.0,24,0,0.0,36,0,0.0
within_run,primary,SH_FB,43,run_id,3,True,180,11,0.06111111111111111,0.05358088047203381,0.3977945131791285,0.08316796311927631,0.4061038639351396,0,6,11,163,0.03550295857988166,18,0,0.0,36,1,0.09090909090909091,54,3,0.2727272727272727
within_run,primary,SH_FB,43,run_id,4,True,218,63,0.2889908256880734,0.43381428339912503,0.688479262672811,0.1875562689801439,0.4061038639351396,35,36,28,119,0.23225806451612904,21,8,0.12698412698412698,43,23,0.36507936507936506,65,33,0.5238095238095238
within_run,primary,SH_FB,43,run_id,6,True,191,40,0.2094240837696335,0.21478110152579924,0.5009933774834437,0.1767799406330022,0.4061038639351396,0,8,40,143,0.052980132450331126,19,3,0.075,38,10,0.25,57,13,0.325
within_run,primary,SH_FB,43,Product_Type,1,True,798,158,0.19799498746867167,0.36631096333587665,0.7488083465189874,0.1397572695858435,0.4061038639351396,31,38,127,602,0.059375,79,34,0.21518987341772153,159,61,0.3860759493670886,239,94,0.5949367088607594
within_run,primary,SH_FB,43,Product_Type,2,True,589,114,0.1935483870967742,0.33420504306117604,0.6592336103416435,0.15216038821739308,0.4061038639351396,35,50,79,425,0.10526315789473684,58,30,0.2631578947368421,117,44,0.38596491228070173,176,53,0.4649122807017544
forward_run,2,P,17,run_id,2,True,397,5,0.012594458438287154,0.014836083566082112,0.5125,0.06699470885813553,0.37402127818187053,0,5,5,387,0.012755102040816327,39,0,0.0,79,0,0.0,119,1,0.2
forward_run,2,P,17,Product_Type,1,True,397,5,0.012594458438287154,0.014836083566082112,0.5125,0.06699470885813553,0.37402127818187053,0,5,5,387,0.012755102040816327,39,0,0.0,79,0,0.0,119,1,0.2
forward_run,2,P,29,run_id,2,True,397,5,0.012594458438287154,0.01736435174228025,0.5548469387755103,0.069906067550306,0.38092481259795424,0,5,5,387,0.012755102040816327,39,0,0.0,79,1,0.2,119,2,0.4
forward_run,2,P,29,Product_Type,1,True,397,5,0.012594458438287154,0.01736435174228025,0.5548469387755103,0.069906067550306,0.38092481259795424,0,5,5,387,0.012755102040816327,39,0,0.0,79,1,0.2,119,2,0.4
forward_run,2,P,43,run_id,2,True,397,5,0.012594458438287154,0.022217455912177633,0.565561224489796,0.07121982160983643,0.3866240191352005,0,4,5,388,0.01020408163265306,39,1,0.2,79,1,0.2,119,1,0.2
forward_run,2,P,43,Product_Type,1,True,397,5,0.012594458438287154,0.022217455912177633,0.565561224489796,0.07121982160983643,0.3866240191352005,0,4,5,388,0.01020408163265306,39,1,0.2,79,1,0.2,119,1,0.2
forward_run,2,H,17,run_id,2,True,397,5,0.012594458438287154,0.012413768274354017,0.4247448979591837,0.07881376867136558,0.40616200768656907,0,11,5,381,0.02806122448979592,39,0,0.0,79,0,0.0,119,0,0.0
forward_run,2,H,17,Product_Type,1,True,397,5,0.012594458438287154,0.012413768274354017,0.4247448979591837,0.07881376867136558,0.40616200768656907,0,11,5,381,0.02806122448979592,39,0,0.0,79,0,0.0,119,0,0.0
forward_run,2,H,29,run_id,2,True,397,5,0.012594458438287154,0.020527570580053712,0.6145408163265306,0.06626375517666051,0.3907713255167112,0,7,5,385,0.017857142857142856,39,1,0.2,79,1,0.2,119,1,0.2
forward_run,2,H,29,Product_Type,1,True,397,5,0.012594458438287154,0.020527570580053712,0.6145408163265306,0.06626375517666051,0.3907713255167112,0,7,5,385,0.017857142857142856,39,1,0.2,79,1,0.2,119,1,0.2
forward_run,2,H,43,run_id,2,True,397,5,0.012594458438287154,0.016314523380606183,0.5073979591836735,0.06001835821395446,0.3871545137514112,0,4,5,388,0.01020408163265306,39,0,0.0,79,1,0.2,119,1,0.2
forward_run,2,H,43,Product_Type,1,True,397,5,0.012594458438287154,0.016314523380606183,0.5073979591836735,0.06001835821395446,0.3871545137514112,0,4,5,388,0.01020408163265306,39,0,0.0,79,1,0.2,119,1,0.2
forward_run,2,S,17,run_id,2,True,397,5,0.012594458438287154,0.011442528567481448,0.3806122448979592,0.013252784743960131,0.2529911048551535,0,0,5,392,0.0,39,0,0.0,79,0,0.0,119,0,0.0
forward_run,2,S,17,Product_Type,1,True,397,5,0.012594458438287154,0.011442528567481448,0.3806122448979592,0.013252784743960131,0.2529911048551535,0,0,5,392,0.0,39,0,0.0,79,0,0.0,119,0,0.0
forward_run,2,S,29,run_id,2,True,397,5,0.012594458438287154,0.011442528567481448,0.3806122448979592,0.013252784743960131,0.2529911048551535,0,0,5,392,0.0,39,0,0.0,79,0,0.0,119,0,0.0
forward_run,2,S,29,Product_Type,1,True,397,5,0.012594458438287154,0.011442528567481448,0.3806122448979592,0.013252784743960131,0.2529911048551535,0,0,5,392,0.0,39,0,0.0,79,0,0.0,119,0,0.0
forward_run,2,S,43,run_id,2,True,397,5,0.012594458438287154,0.011442528567481448,0.3806122448979592,0.013252784743960131,0.2529911048551535,0,0,5,392,0.0,39,0,0.0,79,0,0.0,119,0,0.0
forward_run,2,S,43,Product_Type,1,True,397,5,0.012594458438287154,0.011442528567481448,0.3806122448979592,0.013252784743960131,0.2529911048551535,0,0,5,392,0.0,39,0,0.0,79,0,0.0,119,0,0.0
forward_run,2,SH,17,run_id,2,True,397,5,0.012594458438287154,0.012101017206982081,0.41428571428571426,0.013256256412422155,0.2611699893755205,0,1,5,391,0.002551020408163265,39,0,0.0,79,0,0.0,119,0,0.0
forward_run,2,SH,17,Product_Type,1,True,397,5,0.012594458438287154,0.012101017206982081,0.41428571428571426,0.013256256412422155,0.2611699893755205,0,1,5,391,0.002551020408163265,39,0,0.0,79,0,0.0,119,0,0.0
forward_run,2,SH,29,run_id,2,True,397,5,0.012594458438287154,0.012101017206982081,0.41428571428571426,0.013256256412422155,0.2611699893755205,0,1,5,391,0.002551020408163265,39,0,0.0,79,0,0.0,119,0,0.0
forward_run,2,SH,29,Product_Type,1,True,397,5,0.012594458438287154,0.012101017206982081,0.41428571428571426,0.013256256412422155,0.2611699893755205,0,1,5,391,0.002551020408163265,39,0,0.0,79,0,0.0,119,0,0.0
forward_run,2,SH,43,run_id,2,True,397,5,0.012594458438287154,0.012101017206982081,0.41428571428571426,0.013256256412422155,0.2611699893755205,0,1,5,391,0.002551020408163265,39,0,0.0,79,0,0.0,119,0,0.0
forward_run,2,SH,43,Product_Type,1,True,397,5,0.012594458438287154,0.012101017206982081,0.41428571428571426,0.013256256412422155,0.2611699893755205,0,1,5,391,0.002551020408163265,39,0,0.0,79,0,0.0,119,0,0.0
forward_run,2,FB,17,run_id,2,True,397,5,0.012594458438287154,0.010757685955321032,0.326530612244898,0.11105416988417452,0.35903207035474527,0,20,5,372,0.05102040816326531,39,0,0.0,79,0,0.0,119,0,0.0
forward_run,2,FB,17,Product_Type,1,True,397,5,0.012594458438287154,0.010757685955321032,0.326530612244898,0.11105416988417452,0.35903207035474527,0,20,5,372,0.05102040816326531,39,0,0.0,79,0,0.0,119,0,0.0
forward_run,2,FB,29,run_id,2,True,397,5,0.012594458438287154,0.010757685955321032,0.326530612244898,0.11105416988417452,0.35903207035474527,0,20,5,372,0.05102040816326531,39,0,0.0,79,0,0.0,119,0,0.0
forward_run,2,FB,29,Product_Type,1,True,397,5,0.012594458438287154,0.010757685955321032,0.326530612244898,0.11105416988417452,0.35903207035474527,0,20,5,372,0.05102040816326531,39,0,0.0,79,0,0.0,119,0,0.0
forward_run,2,FB,43,run_id,2,True,397,5,0.012594458438287154,0.010757685955321032,0.326530612244898,0.11105416988417452,0.35903207035474527,0,20,5,372,0.05102040816326531,39,0,0.0,79,0,0.0,119,0,0.0
forward_run,2,FB,43,Product_Type,1,True,397,5,0.012594458438287154,0.010757685955321032,0.326530612244898,0.11105416988417452,0.35903207035474527,0,20,5,372,0.05102040816326531,39,0,0.0,79,0,0.0,119,0,0.0
forward_run,2,S_FB,17,run_id,2,True,397,5,0.012594458438287154,0.011362544902375205,0.35714285714285715,0.01930671053827774,0.19791204904199775,0,19,5,373,0.04846938775510204,39,0,0.0,79,0,0.0,119,1,0.2
forward_run,2,S_FB,17,Product_Type,1,True,397,5,0.012594458438287154,0.011362544902375205,0.35714285714285715,0.01930671053827774,0.19791204904199775,0,19,5,373,0.04846938775510204,39,0,0.0,79,0,0.0,119,1,0.2
forward_run,2,S_FB,29,run_id,2,True,397,5,0.012594458438287154,0.011362544902375205,0.35714285714285715,0.01930671053827774,0.19791204904199775,0,19,5,373,0.04846938775510204,39,0,0.0,79,0,0.0,119,1,0.2
forward_run,2,S_FB,29,Product_Type,1,True,397,5,0.012594458438287154,0.011362544902375205,0.35714285714285715,0.01930671053827774,0.19791204904199775,0,19,5,373,0.04846938775510204,39,0,0.0,79,0,0.0,119,1,0.2
forward_run,2,S_FB,43,run_id,2,True,397,5,0.012594458438287154,0.011362544902375205,0.35714285714285715,0.01930671053827774,0.19791204904199775,0,19,5,373,0.04846938775510204,39,0,0.0,79,0,0.0,119,1,0.2
forward_run,2,S_FB,43,Product_Type,1,True,397,5,0.012594458438287154,0.011362544902375205,0.35714285714285715,0.01930671053827774,0.19791204904199775,0,19,5,373,0.04846938775510204,39,0,0.0,79,0,0.0,119,1,0.2
forward_run,2,SH_FB,17,run_id,2,True,397,5,0.012594458438287154,0.012059234685366738,0.39132653061224487,0.018499583248115074,0.19983129251542184,0,16,5,376,0.04081632653061224,39,0,0.0,79,0,0.0,119,1,0.2
forward_run,2,SH_FB,17,Product_Type,1,True,397,5,0.012594458438287154,0.012059234685366738,0.39132653061224487,0.018499583248115074,0.19983129251542184,0,16,5,376,0.04081632653061224,39,0,0.0,79,0,0.0,119,1,0.2
forward_run,2,SH_FB,29,run_id,2,True,397,5,0.012594458438287154,0.012059234685366738,0.39132653061224487,0.018499583248115074,0.19983129251542184,0,16,5,376,0.04081632653061224,39,0,0.0,79,0,0.0,119,1,0.2
forward_run,2,SH_FB,29,Product_Type,1,True,397,5,0.012594458438287154,0.012059234685366738,0.39132653061224487,0.018499583248115074,0.19983129251542184,0,16,5,376,0.04081632653061224,39,0,0.0,79,0,0.0,119,1,0.2
forward_run,2,SH_FB,43,run_id,2,True,397,5,0.012594458438287154,0.012059234685366738,0.39132653061224487,0.018499583248115074,0.19983129251542184,0,16,5,376,0.04081632653061224,39,0,0.0,79,0,0.0,119,1,0.2
forward_run,2,SH_FB,43,Product_Type,1,True,397,5,0.012594458438287154,0.012059234685366738,0.39132653061224487,0.018499583248115074,0.19983129251542184,0,16,5,376,0.04081632653061224,39,0,0.0,79,0,0.0,119,1,0.2
forward_run,3,P,17,run_id,3,False,600,44,0.07333333333333333,0.06481419939543516,0.44183289731850883,0.07144750981113053,0.17273626430084882,0,4,44,552,0.007194244604316547,60,4,0.09090909090909091,120,6,0.13636363636363635,180,11,0.25
forward_run,3,P,17,Product_Type,2,False,600,44,0.07333333333333333,0.06481419939543516,0.44183289731850883,0.07144750981113053,0.17273626430084882,0,4,44,552,0.007194244604316547,60,4,0.09090909090909091,120,6,0.13636363636363635,180,11,0.25
forward_run,3,P,29,run_id,3,False,600,44,0.07333333333333333,0.06312695095551275,0.4404431000654022,0.07138644267625054,0.1848769102638166,0,4,44,552,0.007194244604316547,60,3,0.06818181818181818,120,4,0.09090909090909091,180,10,0.22727272727272727
forward_run,3,P,29,Product_Type,2,False,600,44,0.07333333333333333,0.06312695095551275,0.4404431000654022,0.07138644267625054,0.1848769102638166,0,4,44,552,0.007194244604316547,60,3,0.06818181818181818,120,4,0.09090909090909091,180,10,0.22727272727272727
forward_run,3,P,43,run_id,3,False,600,44,0.07333333333333333,0.07256612829365461,0.4708551340745586,0.07034651890917835,0.1685150326142222,0,4,44,552,0.007194244604316547,60,6,0.13636363636363635,120,7,0.1590909090909091,180,12,0.2727272727272727
forward_run,3,P,43,Product_Type,2,False,600,44,0.07333333333333333,0.07256612829365461,0.4708551340745586,0.07034651890917835,0.1685150326142222,0,4,44,552,0.007194244604316547,60,6,0.13636363636363635,120,7,0.1590909090909091,180,12,0.2727272727272727
forward_run,3,H,17,run_id,3,False,600,44,0.07333333333333333,0.06955103512962085,0.4693018312622629,0.07175790306419953,0.14728885107783402,5,63,39,493,0.11330935251798561,60,5,0.11363636363636363,120,9,0.20454545454545456,180,13,0.29545454545454547
forward_run,3,H,17,Product_Type,2,False,600,44,0.07333333333333333,0.06955103512962085,0.4693018312622629,0.07175790306419953,0.14728885107783402,5,63,39,493,0.11330935251798561,60,5,0.11363636363636363,120,9,0.20454545454545456,180,13,0.29545454545454547
forward_run,3,H,29,run_id,3,False,600,44,0.07333333333333333,0.06955103512962085,0.4693018312622629,0.07175790306419953,0.14728885107783402,5,63,39,493,0.11330935251798561,60,5,0.11363636363636363,120,9,0.20454545454545456,180,13,0.29545454545454547
forward_run,3,H,29,Product_Type,2,False,600,44,0.07333333333333333,0.06955103512962085,0.4693018312622629,0.07175790306419953,0.14728885107783402,5,63,39,493,0.11330935251798561,60,5,0.11363636363636363,120,9,0.20454545454545456,180,13,0.29545454545454547
forward_run,3,H,43,run_id,3,False,600,44,0.07333333333333333,0.06955103512962085,0.4693018312622629,0.07175790306419953,0.14728885107783402,5,63,39,493,0.11330935251798561,60,5,0.11363636363636363,120,9,0.20454545454545456,180,13,0.29545454545454547
forward_run,3,H,43,Product_Type,2,False,600,44,0.07333333333333333,0.06955103512962085,0.4693018312622629,0.07175790306419953,0.14728885107783402,5,63,39,493,0.11330935251798561,60,5,0.11363636363636363,120,9,0.20454545454545456,180,13,0.29545454545454547
forward_run,3,S,17,run_id,3,False,600,44,0.07333333333333333,0.0603201353800203,0.42499182472204056,0.07333331952856342,0.7155245136988317,0,0,44,556,0.0,60,2,0.045454545454545456,120,5,0.11363636363636363,180,8,0.18181818181818182
forward_run,3,S,17,Product_Type,2,False,600,44,0.07333333333333333,0.0603201353800203,0.42499182472204056,0.07333331952856342,0.7155245136988317,0,0,44,556,0.0,60,2,0.045454545454545456,120,5,0.11363636363636363,180,8,0.18181818181818182
forward_run,3,S,29,run_id,3,False,600,44,0.07333333333333333,0.0603201353800203,0.42499182472204056,0.07333331952856342,0.7155245136988317,0,0,44,556,0.0,60,2,0.045454545454545456,120,5,0.11363636363636363,180,8,0.18181818181818182
forward_run,3,S,29,Product_Type,2,False,600,44,0.07333333333333333,0.0603201353800203,0.42499182472204056,0.07333331952856342,0.7155245136988317,0,0,44,556,0.0,60,2,0.045454545454545456,120,5,0.11363636363636363,180,8,0.18181818181818182
forward_run,3,S,43,run_id,3,False,600,44,0.07333333333333333,0.0603201353800203,0.42499182472204056,0.07333331952856342,0.7155245136988317,0,0,44,556,0.0,60,2,0.045454545454545456,120,5,0.11363636363636363,180,8,0.18181818181818182
forward_run,3,S,43,Product_Type,2,False,600,44,0.07333333333333333,0.0603201353800203,0.42499182472204056,0.07333331952856342,0.7155245136988317,0,0,44,556,0.0,60,2,0.045454545454545456,120,5,0.11363636363636363,180,8,0.18181818181818182
forward_run,3,SH,17,run_id,3,False,600,44,0.07333333333333333,0.060235874158347025,0.4248283191628516,0.07333332521575521,0.7534282243800944,0,0,44,556,0.0,60,2,0.045454545454545456,120,5,0.11363636363636363,180,8,0.18181818181818182
forward_run,3,SH,17,Product_Type,2,False,600,44,0.07333333333333333,0.060235874158347025,0.4248283191628516,0.07333332521575521,0.7534282243800944,0,0,44,556,0.0,60,2,0.045454545454545456,120,5,0.11363636363636363,180,8,0.18181818181818182
forward_run,3,SH,29,run_id,3,False,600,44,0.07333333333333333,0.060235874158347025,0.4248283191628516,0.07333332521575521,0.7534282243800944,0,0,44,556,0.0,60,2,0.045454545454545456,120,5,0.11363636363636363,180,8,0.18181818181818182
forward_run,3,SH,29,Product_Type,2,False,600,44,0.07333333333333333,0.060235874158347025,0.4248283191628516,0.07333332521575521,0.7534282243800944,0,0,44,556,0.0,60,2,0.045454545454545456,120,5,0.11363636363636363,180,8,0.18181818181818182
forward_run,3,SH,43,run_id,3,False,600,44,0.07333333333333333,0.060235874158347025,0.4248283191628516,0.07333332521575521,0.7534282243800944,0,0,44,556,0.0,60,2,0.045454545454545456,120,5,0.11363636363636363,180,8,0.18181818181818182
forward_run,3,SH,43,Product_Type,2,False,600,44,0.07333333333333333,0.060235874158347025,0.4248283191628516,0.07333332521575521,0.7534282243800944,0,0,44,556,0.0,60,2,0.045454545454545456,120,5,0.11363636363636363,180,8,0.18181818181818182
forward_run,3,FB,17,run_id,3,False,600,44,0.07333333333333333,0.0655136422343154,0.43149117069980375,0.09975038082373285,0.3571221973717924,6,94,38,462,0.16906474820143885,60,3,0.06818181818181818,120,7,0.1590909090909091,180,9,0.20454545454545456
forward_run,3,FB,17,Product_Type,2,False,600,44,0.07333333333333333,0.0655136422343154,0.43149117069980375,0.09975038082373285,0.3571221973717924,6,94,38,462,0.16906474820143885,60,3,0.06818181818181818,120,7,0.1590909090909091,180,9,0.20454545454545456
forward_run,3,FB,29,run_id,3,False,600,44,0.07333333333333333,0.0655136422343154,0.43149117069980375,0.09975038082373285,0.3571221973717924,6,94,38,462,0.16906474820143885,60,3,0.06818181818181818,120,7,0.1590909090909091,180,9,0.20454545454545456
forward_run,3,FB,29,Product_Type,2,False,600,44,0.07333333333333333,0.0655136422343154,0.43149117069980375,0.09975038082373285,0.3571221973717924,6,94,38,462,0.16906474820143885,60,3,0.06818181818181818,120,7,0.1590909090909091,180,9,0.20454545454545456
forward_run,3,FB,43,run_id,3,False,600,44,0.07333333333333333,0.0655136422343154,0.43149117069980375,0.09975038082373285,0.3571221973717924,6,94,38,462,0.16906474820143885,60,3,0.06818181818181818,120,7,0.1590909090909091,180,9,0.20454545454545456
forward_run,3,FB,43,Product_Type,2,False,600,44,0.07333333333333333,0.0655136422343154,0.43149117069980375,0.09975038082373285,0.3571221973717924,6,94,38,462,0.16906474820143885,60,3,0.06818181818181818,120,7,0.1590909090909091,180,9,0.20454545454545456
forward_run,3,S_FB,17,run_id,3,False,600,44,0.07333333333333333,0.06263613052058621,0.432247383911053,0.22331493034580888,0.18449649162869733,42,539,2,17,0.9694244604316546,60,2,0.045454545454545456,120,6,0.13636363636363635,180,8,0.18181818181818182
forward_run,3,S_FB,17,Product_Type,2,False,600,44,0.07333333333333333,0.06263613052058621,0.432247383911053,0.22331493034580888,0.18449649162869733,42,539,2,17,0.9694244604316546,60,2,0.045454545454545456,120,6,0.13636363636363635,180,8,0.18181818181818182
forward_run,3,S_FB,29,run_id,3,False,600,44,0.07333333333333333,0.06263613052058621,0.432247383911053,0.22331493034580888,0.18449649162869733,42,539,2,17,0.9694244604316546,60,2,0.045454545454545456,120,6,0.13636363636363635,180,8,0.18181818181818182
forward_run,3,S_FB,29,Product_Type,2,False,600,44,0.07333333333333333,0.06263613052058621,0.432247383911053,0.22331493034580888,0.18449649162869733,42,539,2,17,0.9694244604316546,60,2,0.045454545454545456,120,6,0.13636363636363635,180,8,0.18181818181818182
forward_run,3,S_FB,43,run_id,3,False,600,44,0.07333333333333333,0.06263613052058621,0.432247383911053,0.22331493034580888,0.18449649162869733,42,539,2,17,0.9694244604316546,60,2,0.045454545454545456,120,6,0.13636363636363635,180,8,0.18181818181818182
forward_run,3,S_FB,43,Product_Type,2,False,600,44,0.07333333333333333,0.06263613052058621,0.432247383911053,0.22331493034580888,0.18449649162869733,42,539,2,17,0.9694244604316546,60,2,0.045454545454545456,120,6,0.13636363636363635,180,8,0.18181818181818182
forward_run,3,SH_FB,17,run_id,3,False,600,44,0.07333333333333333,0.062128207458786874,0.44354970568999347,0.21106651607359883,0.18229993496337538,42,528,2,28,0.9496402877697842,60,1,0.022727272727272728,120,5,0.11363636363636363,180,9,0.20454545454545456
forward_run,3,SH_FB,17,Product_Type,2,False,600,44,0.07333333333333333,0.062128207458786874,0.44354970568999347,0.21106651607359883,0.18229993496337538,42,528,2,28,0.9496402877697842,60,1,0.022727272727272728,120,5,0.11363636363636363,180,9,0.20454545454545456
forward_run,3,SH_FB,29,run_id,3,False,600,44,0.07333333333333333,0.062128207458786874,0.44354970568999347,0.21106651607359883,0.18229993496337538,42,528,2,28,0.9496402877697842,60,1,0.022727272727272728,120,5,0.11363636363636363,180,9,0.20454545454545456
forward_run,3,SH_FB,29,Product_Type,2,False,600,44,0.07333333333333333,0.062128207458786874,0.44354970568999347,0.21106651607359883,0.18229993496337538,42,528,2,28,0.9496402877697842,60,1,0.022727272727272728,120,5,0.11363636363636363,180,9,0.20454545454545456
forward_run,3,SH_FB,43,run_id,3,False,600,44,0.07333333333333333,0.062128207458786874,0.44354970568999347,0.21106651607359883,0.18229993496337538,42,528,2,28,0.9496402877697842,60,1,0.022727272727272728,120,5,0.11363636363636363,180,9,0.20454545454545456
forward_run,3,SH_FB,43,Product_Type,2,False,600,44,0.07333333333333333,0.062128207458786874,0.44354970568999347,0.21106651607359883,0.18229993496337538,42,528,2,28,0.9496402877697842,60,1,0.022727272727272728,120,5,0.11363636363636363,180,9,0.20454545454545456
forward_run,4,P,17,run_id,4,False,725,298,0.4110344827586207,0.46135894573570174,0.5442528645301228,0.3744651169127548,0.052156373416602245,34,22,264,405,0.05152224824355972,72,41,0.13758389261744966,145,75,0.2516778523489933,217,105,0.3523489932885906
forward_run,4,P,17,Product_Type,2,False,725,298,0.4110344827586207,0.46135894573570174,0.5442528645301228,0.3744651169127548,0.052156373416602245,34,22,264,405,0.05152224824355972,72,41,0.13758389261744966,145,75,0.2516778523489933,217,105,0.3523489932885906
forward_run,4,P,29,run_id,4,False,725,298,0.4110344827586207,0.41961107634824396,0.5081142039828365,0.3737174393121356,0.053820685603268664,11,17,287,410,0.03981264637002342,72,36,0.12080536912751678,145,63,0.21140939597315436,217,99,0.33221476510067116
forward_run,4,P,29,Product_Type,2,False,725,298,0.4110344827586207,0.41961107634824396,0.5081142039828365,0.3737174393121356,0.053820685603268664,11,17,287,410,0.03981264637002342,72,36,0.12080536912751678,145,63,0.21140939597315436,217,99,0.33221476510067116
forward_run,4,P,43,run_id,4,False,725,298,0.4110344827586207,0.43096759537385454,0.5138550524181507,0.3812169837538347,0.044248764669802924,11,17,287,410,0.03981264637002342,72,36,0.12080536912751678,145,76,0.2550335570469799,217,98,0.3288590604026846
forward_run,4,P,43,Product_Type,2,False,725,298,0.4110344827586207,0.43096759537385454,0.5138550524181507,0.3812169837538347,0.044248764669802924,11,17,287,410,0.03981264637002342,72,36,0.12080536912751678,145,76,0.2550335570469799,217,98,0.3288590604026846
forward_run,4,H,17,run_id,4,False,725,298,0.4110344827586207,0.43841334524645914,0.5184799522185373,0.3779579474732522,0.049931395562912206,13,17,285,410,0.03981264637002342,72,34,0.11409395973154363,145,77,0.25838926174496646,217,98,0.3288590604026846
forward_run,4,H,17,Product_Type,2,False,725,298,0.4110344827586207,0.43841334524645914,0.5184799522185373,0.3779579474732522,0.049931395562912206,13,17,285,410,0.03981264637002342,72,34,0.11409395973154363,145,77,0.25838926174496646,217,98,0.3288590604026846
forward_run,4,H,29,run_id,4,False,725,298,0.4110344827586207,0.4182797651225859,0.5052614620498876,0.37778668437728496,0.04427710921084627,41,63,257,364,0.14754098360655737,72,27,0.09060402684563758,145,64,0.21476510067114093,217,96,0.3221476510067114
forward_run,4,H,29,Product_Type,2,False,725,298,0.4110344827586207,0.4182797651225859,0.5052614620498876,0.37778668437728496,0.04427710921084627,41,63,257,364,0.14754098360655737,72,27,0.09060402684563758,145,64,0.21476510067114093,217,96,0.3221476510067114
forward_run,4,H,43,run_id,4,False,725,298,0.4110344827586207,0.436896873673232,0.5155525517501531,0.37937938032285956,0.04525053503754575,13,17,285,410,0.03981264637002342,72,36,0.12080536912751678,145,75,0.2516778523489933,217,100,0.33557046979865773
forward_run,4,H,43,Product_Type,2,False,725,298,0.4110344827586207,0.436896873673232,0.5155525517501531,0.37937938032285956,0.04525053503754575,13,17,285,410,0.03981264637002342,72,36,0.12080536912751678,145,75,0.2516778523489933,217,100,0.33557046979865773
forward_run,4,S,17,run_id,4,False,725,298,0.4110344827586207,0.4450385285035058,0.5200399226694749,0.37831526794035075,0.1445107730868181,1,1,297,426,0.00234192037470726,72,35,0.1174496644295302,145,68,0.22818791946308725,217,94,0.31543624161073824
forward_run,4,S,17,Product_Type,2,False,725,298,0.4110344827586207,0.4450385285035058,0.5200399226694749,0.37831526794035075,0.1445107730868181,1,1,297,426,0.00234192037470726,72,35,0.1174496644295302,145,68,0.22818791946308725,217,94,0.31543624161073824
forward_run,4,S,29,run_id,4,False,725,298,0.4110344827586207,0.4387391290334515,0.5166409946088679,0.3746499366870537,0.21771249938726558,0,0,298,427,0.0,72,35,0.1174496644295302,145,64,0.21476510067114093,217,94,0.31543624161073824
forward_run,4,S,29,Product_Type,2,False,725,298,0.4110344827586207,0.4387391290334515,0.5166409946088679,0.3746499366870537,0.21771249938726558,0,0,298,427,0.0,72,35,0.1174496644295302,145,64,0.21476510067114093,217,94,0.31543624161073824
forward_run,4,S,43,run_id,4,False,725,298,0.4110344827586207,0.4423268269359191,0.5053125442057118,0.37764108084254405,0.13624555124318238,14,9,284,418,0.02107728337236534,72,35,0.1174496644295302,145,62,0.2080536912751678,217,89,0.2986577181208054
forward_run,4,S,43,Product_Type,2,False,725,298,0.4110344827586207,0.4423268269359191,0.5053125442057118,0.37764108084254405,0.13624555124318238,14,9,284,418,0.02107728337236534,72,35,0.1174496644295302,145,62,0.2080536912751678,217,89,0.2986577181208054
forward_run,4,SH,17,run_id,4,False,725,298,0.4110344827586207,0.4401491019765033,0.501603193813558,0.3847192039200738,0.08726313557716395,4,1,294,426,0.00234192037470726,72,36,0.12080536912751678,145,66,0.2214765100671141,217,88,0.2953020134228188
forward_run,4,SH,17,Product_Type,2,False,725,298,0.4110344827586207,0.4401491019765033,0.501603193813558,0.3847192039200738,0.08726313557716395,4,1,294,426,0.00234192037470726,72,36,0.12080536912751678,145,66,0.2214765100671141,217,88,0.2953020134228188
forward_run,4,SH,29,run_id,4,False,725,298,0.4110344827586207,0.45046420704130613,0.519898464391808,0.3824837776355148,0.11128579841266818,4,1,294,426,0.00234192037470726,72,37,0.12416107382550336,145,65,0.2181208053691275,217,94,0.31543624161073824
forward_run,4,SH,29,Product_Type,2,False,725,298,0.4110344827586207,0.45046420704130613,0.519898464391808,0.3824837776355148,0.11128579841266818,4,1,294,426,0.00234192037470726,72,37,0.12416107382550336,145,65,0.2181208053691275,217,94,0.31543624161073824
forward_run,4,SH,43,run_id,4,False,725,298,0.4110344827586207,0.44283502590081814,0.517356144790406,0.35884038803353413,0.09034072535104015,51,59,247,368,0.13817330210772832,72,37,0.12416107382550336,145,66,0.2214765100671141,217,98,0.3288590604026846
forward_run,4,SH,43,Product_Type,2,False,725,298,0.4110344827586207,0.44283502590081814,0.517356144790406,0.35884038803353413,0.09034072535104015,51,59,247,368,0.13817330210772832,72,37,0.12416107382550336,145,66,0.2214765100671141,217,98,0.3288590604026846
forward_run,4,FB,17,run_id,4,False,725,298,0.4110344827586207,0.4758380929217795,0.5961051820882386,0.2421158132699528,0.16136948413357674,282,384,16,43,0.8992974238875878,72,33,0.11073825503355705,145,71,0.23825503355704697,217,108,0.3624161073825503
forward_run,4,FB,17,Product_Type,2,False,725,298,0.4110344827586207,0.4758380929217795,0.5961051820882386,0.2421158132699528,0.16136948413357674,282,384,16,43,0.8992974238875878,72,33,0.11073825503355705,145,71,0.23825503355704697,217,108,0.3624161073825503
forward_run,4,FB,29,run_id,4,False,725,298,0.4110344827586207,0.47617874058260556,0.5938418496455683,0.24201198281944533,0.16391533607532457,282,382,16,45,0.8946135831381733,72,35,0.1174496644295302,145,70,0.2348993288590604,217,108,0.3624161073825503
forward_run,4,FB,29,Product_Type,2,False,725,298,0.4110344827586207,0.47617874058260556,0.5938418496455683,0.24201198281944533,0.16391533607532457,282,382,16,45,0.8946135831381733,72,35,0.1174496644295302,145,70,0.2348993288590604,217,108,0.3624161073825503
forward_run,4,FB,43,run_id,4,False,725,298,0.4110344827586207,0.47868629482146163,0.5980698803891675,0.24177247899999732,0.16875129332038016,281,377,17,50,0.882903981264637,72,35,0.1174496644295302,145,75,0.2516778523489933,217,110,0.3691275167785235
forward_run,4,FB,43,Product_Type,2,False,725,298,0.4110344827586207,0.47868629482146163,0.5980698803891675,0.24177247899999732,0.16875129332038016,281,377,17,50,0.882903981264637,72,35,0.1174496644295302,145,75,0.2516778523489933,217,110,0.3691275167785235
forward_run,4,S_FB,17,run_id,4,False,725,298,0.4110344827586207,0.44975150083501336,0.5760220360561432,0.31929272018573496,0.11685696114428587,211,245,87,182,0.5737704918032787,72,32,0.10738255033557047,145,59,0.19798657718120805,217,96,0.3221476510067114
forward_run,4,S_FB,17,Product_Type,2,False,725,298,0.4110344827586207,0.44975150083501336,0.5760220360561432,0.31929272018573496,0.11685696114428587,211,245,87,182,0.5737704918032787,72,32,0.10738255033557047,145,59,0.19798657718120805,217,96,0.3221476510067114
forward_run,4,S_FB,29,run_id,4,False,725,298,0.4110344827586207,0.4423865772768132,0.5545125190575735,0.3077665880477794,0.13055646882961788,223,267,75,160,0.6252927400468384,72,32,0.10738255033557047,145,58,0.19463087248322147,217,85,0.28523489932885904
forward_run,4,S_FB,29,Product_Type,2,False,725,298,0.4110344827586207,0.4423865772768132,0.5545125190575735,0.3077665880477794,0.13055646882961788,223,267,75,160,0.6252927400468384,72,32,0.10738255033557047,145,58,0.19463087248322147,217,85,0.28523489932885904
forward_run,4,S_FB,43,run_id,4,False,725,298,0.4110344827586207,0.4469700845049096,0.5659745689451928,0.32418014289873537,0.10083427785435989,225,265,73,162,0.6206088992974239,72,32,0.10738255033557047,145,60,0.20134228187919462,217,93,0.31208053691275167
forward_run,4,S_FB,43,Product_Type,2,False,725,298,0.4110344827586207,0.4469700845049096,0.5659745689451928,0.32418014289873537,0.10083427785435989,225,265,73,162,0.6206088992974239,72,32,0.10738255033557047,145,60,0.20134228187919462,217,93,0.31208053691275167
forward_run,4,SH_FB,17,run_id,4,False,725,298,0.4110344827586207,0.44574143643317043,0.5628153340772992,0.33100708647691107,0.08512307235009352,241,287,57,140,0.6721311475409836,72,33,0.11073825503355705,145,59,0.19798657718120805,217,87,0.29194630872483224
forward_run,4,SH_FB,17,Product_Type,2,False,725,298,0.4110344827586207,0.44574143643317043,0.5628153340772992,0.33100708647691107,0.08512307235009352,241,287,57,140,0.6721311475409836,72,33,0.11073825503355705,145,59,0.19798657718120805,217,87,0.29194630872483224
forward_run,4,SH_FB,29,run_id,4,False,725,298,0.4110344827586207,0.42624886584510774,0.5308771984973988,0.359930137562582,0.05189804017674436,247,318,51,109,0.7447306791569087,72,30,0.10067114093959731,145,54,0.18120805369127516,217,89,0.2986577181208054
forward_run,4,SH_FB,29,Product_Type,2,False,725,298,0.4110344827586207,0.42624886584510774,0.5308771984973988,0.359930137562582,0.05189804017674436,247,318,51,109,0.7447306791569087,72,30,0.10067114093959731,145,54,0.18120805369127516,217,89,0.2986577181208054
forward_run,4,SH_FB,43,run_id,4,False,725,298,0.4110344827586207,0.4563049840865129,0.5814013800040866,0.33493131236413964,0.13404740730540113,47,64,251,363,0.14988290398126464,72,34,0.11409395973154363,145,68,0.22818791946308725,217,97,0.32550335570469796
forward_run,4,SH_FB,43,Product_Type,2,False,725,298,0.4110344827586207,0.4563049840865129,0.5814013800040866,0.33493131236413964,0.13404740730540113,47,64,251,363,0.14988290398126464,72,34,0.11409395973154363,145,68,0.22818791946308725,217,97,0.32550335570469796
forward_run,6,P,17,run_id,6,True,635,153,0.2409448818897638,0.2723436125648214,0.5407750928863939,0.2185952279592918,0.07323561328809845,9,24,144,458,0.04979253112033195,63,18,0.11764705882352941,127,40,0.26143790849673204,190,53,0.3464052287581699
forward_run,6,P,17,Product_Type,2,True,635,153,0.2409448818897638,0.2723436125648214,0.5407750928863939,0.2185952279592918,0.07323561328809845,9,24,144,458,0.04979253112033195,63,18,0.11764705882352941,127,40,0.26143790849673204,190,53,0.3464052287581699
forward_run,6,P,29,run_id,6,True,635,153,0.2409448818897638,0.2648143577045287,0.5398936891492421,0.21624275753611794,0.07487238392780253,20,43,133,439,0.08921161825726141,63,20,0.13071895424836602,127,35,0.22875816993464052,190,50,0.32679738562091504
forward_run,6,P,29,Product_Type,2,True,635,153,0.2409448818897638,0.2648143577045287,0.5398936891492421,0.21624275753611794,0.07487238392780253,20,43,133,439,0.08921161825726141,63,20,0.13071895424836602,127,35,0.22875816993464052,190,50,0.32679738562091504
forward_run,6,P,43,run_id,6,True,635,153,0.2409448818897638,0.2746923479540083,0.545263471917121,0.21560536425428672,0.07945082408144219,20,47,133,435,0.0975103734439834,63,19,0.12418300653594772,127,35,0.22875816993464052,190,53,0.3464052287581699
forward_run,6,P,43,Product_Type,2,True,635,153,0.2409448818897638,0.2746923479540083,0.545263471917121,0.21560536425428672,0.07945082408144219,20,47,133,435,0.0975103734439834,63,19,0.12418300653594772,127,35,0.22875816993464052,190,53,0.3464052287581699
forward_run,6,H,17,run_id,6,True,635,153,0.2409448818897638,0.29039787960126523,0.5494806497979552,0.22168575666592946,0.060144214361813816,10,27,143,455,0.056016597510373446,63,21,0.13725490196078433,127,35,0.22875816993464052,190,55,0.35947712418300654
forward_run,6,H,17,Product_Type,2,True,635,153,0.2409448818897638,0.29039787960126523,0.5494806497979552,0.22168575666592946,0.060144214361813816,10,27,143,455,0.056016597510373446,63,21,0.13725490196078433,127,35,0.22875816993464052,190,55,0.35947712418300654
forward_run,6,H,29,run_id,6,True,635,153,0.2409448818897638,0.28510013478891016,0.5497382908903534,0.22038746952065166,0.06170596224873537,11,28,142,454,0.058091286307053944,63,15,0.09803921568627451,127,38,0.24836601307189543,190,58,0.3790849673202614
forward_run,6,H,29,Product_Type,2,True,635,153,0.2409448818897638,0.28510013478891016,0.5497382908903534,0.22038746952065166,0.06170596224873537,11,28,142,454,0.058091286307053944,63,15,0.09803921568627451,127,38,0.24836601307189543,190,58,0.3790849673202614
forward_run,6,H,43,run_id,6,True,635,153,0.2409448818897638,0.29531811327786484,0.5487890868657282,0.21740030033422253,0.07229978432479761,23,43,130,439,0.08921161825726141,63,23,0.1503267973856209,127,35,0.22875816993464052,190,52,0.33986928104575165
forward_run,6,H,43,Product_Type,2,True,635,153,0.2409448818897638,0.29531811327786484,0.5487890868657282,0.21740030033422253,0.07229978432479761,23,43,130,439,0.08921161825726141,63,23,0.1503267973856209,127,35,0.22875816993464052,190,52,0.33986928104575165
forward_run,6,S,17,run_id,6,True,635,153,0.2409448818897638,0.25786982962728466,0.4770360426328208,0.23913702964573771,0.023074199496755647,1,0,152,482,0.0,63,19,0.12418300653594772,127,33,0.21568627450980393,190,44,0.2875816993464052
forward_run,6,S,17,Product_Type,2,True,635,153,0.2409448818897638,0.25786982962728466,0.4770360426328208,0.23913702964573771,0.023074199496755647,1,0,152,482,0.0,63,19,0.12418300653594772,127,33,0.21568627450980393,190,44,0.2875816993464052
forward_run,6,S,29,run_id,6,True,635,153,0.2409448818897638,0.25786982962728466,0.4770360426328208,0.23913702964573771,0.023074199496755647,1,0,152,482,0.0,63,19,0.12418300653594772,127,33,0.21568627450980393,190,44,0.2875816993464052
forward_run,6,S,29,Product_Type,2,True,635,153,0.2409448818897638,0.25786982962728466,0.4770360426328208,0.23913702964573771,0.023074199496755647,1,0,152,482,0.0,63,19,0.12418300653594772,127,33,0.21568627450980393,190,44,0.2875816993464052
forward_run,6,S,43,run_id,6,True,635,153,0.2409448818897638,0.25786982962728466,0.4770360426328208,0.23913702964573771,0.023074199496755647,1,0,152,482,0.0,63,19,0.12418300653594772,127,33,0.21568627450980393,190,44,0.2875816993464052
forward_run,6,S,43,Product_Type,2,True,635,153,0.2409448818897638,0.25786982962728466,0.4770360426328208,0.23913702964573771,0.023074199496755647,1,0,152,482,0.0,63,19,0.12418300653594772,127,33,0.21568627450980393,190,44,0.2875816993464052
forward_run,6,SH,17,run_id,6,True,635,153,0.2409448818897638,0.25821831818201624,0.480093835597863,0.23885487334446664,0.02507897306858858,1,0,152,482,0.0,63,19,0.12418300653594772,127,34,0.2222222222222222,190,43,0.28104575163398693
forward_run,6,SH,17,Product_Type,2,True,635,153,0.2409448818897638,0.25821831818201624,0.480093835597863,0.23885487334446664,0.02507897306858858,1,0,152,482,0.0,63,19,0.12418300653594772,127,34,0.2222222222222222,190,43,0.28104575163398693
forward_run,6,SH,29,run_id,6,True,635,153,0.2409448818897638,0.25821831818201624,0.480093835597863,0.23885487334446664,0.02507897306858858,1,0,152,482,0.0,63,19,0.12418300653594772,127,34,0.2222222222222222,190,43,0.28104575163398693
forward_run,6,SH,29,Product_Type,2,True,635,153,0.2409448818897638,0.25821831818201624,0.480093835597863,0.23885487334446664,0.02507897306858858,1,0,152,482,0.0,63,19,0.12418300653594772,127,34,0.2222222222222222,190,43,0.28104575163398693
forward_run,6,SH,43,run_id,6,True,635,153,0.2409448818897638,0.25821831818201624,0.480093835597863,0.23885487334446664,0.02507897306858858,1,0,152,482,0.0,63,19,0.12418300653594772,127,34,0.2222222222222222,190,43,0.28104575163398693
forward_run,6,SH,43,Product_Type,2,True,635,153,0.2409448818897638,0.25821831818201624,0.480093835597863,0.23885487334446664,0.02507897306858858,1,0,152,482,0.0,63,19,0.12418300653594772,127,34,0.2222222222222222,190,43,0.28104575163398693
forward_run,6,FB,17,run_id,6,True,635,153,0.2409448818897638,0.2653863955384689,0.5284761207387519,0.18850966825876392,0.44838014809411436,24,44,129,438,0.0912863070539419,63,20,0.13071895424836602,127,40,0.26143790849673204,190,56,0.3660130718954248
forward_run,6,FB,17,Product_Type,2,True,635,153,0.2409448818897638,0.2653863955384689,0.5284761207387519,0.18850966825876392,0.44838014809411436,24,44,129,438,0.0912863070539419,63,20,0.13071895424836602,127,40,0.26143790849673204,190,56,0.3660130718954248
forward_run,6,FB,29,run_id,6,True,635,153,0.2409448818897638,0.2785316894070631,0.541812437284734,0.18777104661277308,0.4553612087529923,19,40,134,442,0.08298755186721991,63,19,0.12418300653594772,127,40,0.26143790849673204,190,56,0.3660130718954248
forward_run,6,FB,29,Product_Type,2,True,635,153,0.2409448818897638,0.2785316894070631,0.541812437284734,0.18777104661277308,0.4553612087529923,19,40,134,442,0.08298755186721991,63,19,0.12418300653594772,127,40,0.26143790849673204,190,56,0.3660130718954248
forward_run,6,FB,43,run_id,6,True,635,153,0.2409448818897638,0.27047812318824926,0.544022726656361,0.18852449274785837,0.4491468836240946,16,44,137,438,0.0912863070539419,63,18,0.11764705882352941,127,40,0.26143790849673204,190,55,0.35947712418300654
forward_run,6,FB,43,Product_Type,2,True,635,153,0.2409448818897638,0.27047812318824926,0.544022726656361,0.18852449274785837,0.4491468836240946,16,44,137,438,0.0912863070539419,63,18,0.11764705882352941,127,40,0.26143790849673204,190,55,0.35947712418300654
forward_run,6,S_FB,17,run_id,6,True,635,153,0.2409448818897638,0.27148859933962155,0.5130854554823312,0.23785167232035576,0.03495298888968599,1,0,152,482,0.0,63,19,0.12418300653594772,127,34,0.2222222222222222,190,48,0.3137254901960784
forward_run,6,S_FB,17,Product_Type,2,True,635,153,0.2409448818897638,0.27148859933962155,0.5130854554823312,0.23785167232035576,0.03495298888968599,1,0,152,482,0.0,63,19,0.12418300653594772,127,34,0.2222222222222222,190,48,0.3137254901960784
forward_run,6,S_FB,29,run_id,6,True,635,153,0.2409448818897638,0.27148859933962155,0.5130854554823312,0.23785167232035576,0.03495298888968599,1,0,152,482,0.0,63,19,0.12418300653594772,127,34,0.2222222222222222,190,48,0.3137254901960784
forward_run,6,S_FB,29,Product_Type,2,True,635,153,0.2409448818897638,0.27148859933962155,0.5130854554823312,0.23785167232035576,0.03495298888968599,1,0,152,482,0.0,63,19,0.12418300653594772,127,34,0.2222222222222222,190,48,0.3137254901960784
forward_run,6,S_FB,43,run_id,6,True,635,153,0.2409448818897638,0.27148859933962155,0.5130854554823312,0.23785167232035576,0.03495298888968599,1,0,152,482,0.0,63,19,0.12418300653594772,127,34,0.2222222222222222,190,48,0.3137254901960784
forward_run,6,S_FB,43,Product_Type,2,True,635,153,0.2409448818897638,0.27148859933962155,0.5130854554823312,0.23785167232035576,0.03495298888968599,1,0,152,482,0.0,63,19,0.12418300653594772,127,34,0.2222222222222222,190,48,0.3137254901960784
forward_run,6,SH_FB,17,run_id,6,True,635,153,0.2409448818897638,0.27144269704666274,0.5151872643940011,0.23721074451548946,0.03817417506391668,1,0,152,482,0.0,63,18,0.11764705882352941,127,35,0.22875816993464052,190,50,0.32679738562091504
forward_run,6,SH_FB,17,Product_Type,2,True,635,153,0.2409448818897638,0.27144269704666274,0.5151872643940011,0.23721074451548946,0.03817417506391668,1,0,152,482,0.0,63,18,0.11764705882352941,127,35,0.22875816993464052,190,50,0.32679738562091504
forward_run,6,SH_FB,29,run_id,6,True,635,153,0.2409448818897638,0.27144269704666274,0.5151872643940011,0.23721074451548946,0.03817417506391668,1,0,152,482,0.0,63,18,0.11764705882352941,127,35,0.22875816993464052,190,50,0.32679738562091504
forward_run,6,SH_FB,29,Product_Type,2,True,635,153,0.2409448818897638,0.27144269704666274,0.5151872643940011,0.23721074451548946,0.03817417506391668,1,0,152,482,0.0,63,18,0.11764705882352941,127,35,0.22875816993464052,190,50,0.32679738562091504
forward_run,6,SH_FB,43,run_id,6,True,635,153,0.2409448818897638,0.27144269704666274,0.5151872643940011,0.23721074451548946,0.03817417506391668,1,0,152,482,0.0,63,18,0.11764705882352941,127,35,0.22875816993464052,190,50,0.32679738562091504
forward_run,6,SH_FB,43,Product_Type,2,True,635,153,0.2409448818897638,0.27144269704666274,0.5151872643940011,0.23721074451548946,0.03817417506391668,1,0,152,482,0.0,63,18,0.11764705882352941,127,35,0.22875816993464052,190,50,0.32679738562091504
