scheme,fold,representation,seed,product,x_bin,y_bin,train_n,test_n,test_positive,supported,ap,auc,fp,fn,fpr
within_run,primary,S,17,1,0,0,1,1,0,False,,,1.0,0.0,1.0
within_run,primary,S,17,1,0,1,397,126,20,True,0.22529570210398583,0.6596698113207548,19.0,15.0,0.1792452830188679
within_run,primary,S,17,1,0,2,486,236,51,True,0.4843946767564512,0.789401165871754,10.0,40.0,0.05405405405405406
within_run,primary,S,17,1,1,0,0,0,0,False,,,,,
within_run,primary,S,17,1,1,1,327,148,33,True,0.5944185082799031,0.8181818181818182,2.0,26.0,0.017391304347826087
within_run,primary,S,17,1,1,2,272,287,54,True,0.5000362944951804,0.8104037513908758,0.0,50.0,0.0
within_run,primary,S,17,1,2,0,0,0,0,False,,,,,
within_run,primary,S,17,1,2,1,0,0,0,False,,,,,
within_run,primary,S,17,1,2,2,0,0,0,False,,,,,
within_run,primary,S,17,2,0,0,0,0,0,False,,,,,
within_run,primary,S,17,2,0,1,0,0,0,False,,,,,
within_run,primary,S,17,2,0,2,0,0,0,False,,,,,
within_run,primary,S,17,2,1,0,240,185,53,True,0.42498145229558193,0.5567467124070898,7.0,45.0,0.05303030303030303
within_run,primary,S,17,2,1,1,15,12,3,False,0.33535353535353535,0.5185185185185186,0.0,3.0,0.0
within_run,primary,S,17,2,1,2,0,0,0,False,,,,,
within_run,primary,S,17,2,2,0,809,376,56,True,0.23443408594966092,0.5688337053571428,2.0,54.0,0.00625
within_run,primary,S,17,2,2,1,32,16,2,False,0.12698412698412698,0.3035714285714286,0.0,2.0,0.0
within_run,primary,S,17,2,2,2,0,0,0,False,,,,,
within_run,primary,S,29,1,0,0,1,1,0,False,,,1.0,0.0,1.0
within_run,primary,S,29,1,0,1,397,126,20,True,0.22529570210398583,0.6596698113207548,19.0,15.0,0.1792452830188679
within_run,primary,S,29,1,0,2,486,236,51,True,0.4843946767564512,0.789401165871754,10.0,40.0,0.05405405405405406
within_run,primary,S,29,1,1,0,0,0,0,False,,,,,
within_run,primary,S,29,1,1,1,327,148,33,True,0.5944185082799031,0.8181818181818182,2.0,26.0,0.017391304347826087
within_run,primary,S,29,1,1,2,272,287,54,True,0.5000362944951804,0.8104037513908758,0.0,50.0,0.0
within_run,primary,S,29,1,2,0,0,0,0,False,,,,,
within_run,primary,S,29,1,2,1,0,0,0,False,,,,,
within_run,primary,S,29,1,2,2,0,0,0,False,,,,,
within_run,primary,S,29,2,0,0,0,0,0,False,,,,,
within_run,primary,S,29,2,0,1,0,0,0,False,,,,,
within_run,primary,S,29,2,0,2,0,0,0,False,,,,,
within_run,primary,S,29,2,1,0,240,185,53,True,0.42498145229558193,0.5567467124070898,7.0,45.0,0.05303030303030303
within_run,primary,S,29,2,1,1,15,12,3,False,0.33535353535353535,0.5185185185185186,0.0,3.0,0.0
within_run,primary,S,29,2,1,2,0,0,0,False,,,,,
within_run,primary,S,29,2,2,0,809,376,56,True,0.23443408594966092,0.5688337053571428,2.0,54.0,0.00625
within_run,primary,S,29,2,2,1,32,16,2,False,0.12698412698412698,0.3035714285714286,0.0,2.0,0.0
within_run,primary,S,29,2,2,2,0,0,0,False,,,,,
within_run,primary,S,43,1,0,0,1,1,0,False,,,1.0,0.0,1.0
within_run,primary,S,43,1,0,1,397,126,20,True,0.22529570210398583,0.6596698113207548,19.0,15.0,0.1792452830188679
within_run,primary,S,43,1,0,2,486,236,51,True,0.4843946767564512,0.789401165871754,10.0,40.0,0.05405405405405406
within_run,primary,S,43,1,1,0,0,0,0,False,,,,,
within_run,primary,S,43,1,1,1,327,148,33,True,0.5944185082799031,0.8181818181818182,2.0,26.0,0.017391304347826087
within_run,primary,S,43,1,1,2,272,287,54,True,0.5000362944951804,0.8104037513908758,0.0,50.0,0.0
within_run,primary,S,43,1,2,0,0,0,0,False,,,,,
within_run,primary,S,43,1,2,1,0,0,0,False,,,,,
within_run,primary,S,43,1,2,2,0,0,0,False,,,,,
within_run,primary,S,43,2,0,0,0,0,0,False,,,,,
within_run,primary,S,43,2,0,1,0,0,0,False,,,,,
within_run,primary,S,43,2,0,2,0,0,0,False,,,,,
within_run,primary,S,43,2,1,0,240,185,53,True,0.42498145229558193,0.5567467124070898,7.0,45.0,0.05303030303030303
within_run,primary,S,43,2,1,1,15,12,3,False,0.33535353535353535,0.5185185185185186,0.0,3.0,0.0
within_run,primary,S,43,2,1,2,0,0,0,False,,,,,
within_run,primary,S,43,2,2,0,809,376,56,True,0.23443408594966092,0.5688337053571428,2.0,54.0,0.00625
within_run,primary,S,43,2,2,1,32,16,2,False,0.12698412698412698,0.3035714285714286,0.0,2.0,0.0
within_run,primary,S,43,2,2,2,0,0,0,False,,,,,
within_run,primary,SH,17,1,0,0,1,1,0,False,,,0.0,0.0,0.0
within_run,primary,SH,17,1,0,1,397,126,20,True,0.19192922909753624,0.6058962264150943,9.0,20.0,0.08490566037735849
within_run,primary,SH,17,1,0,2,486,236,51,True,0.4009062376048146,0.7575516693163752,11.0,41.0,0.05945945945945946
within_run,primary,SH,17,1,1,0,0,0,0,False,,,,,
within_run,primary,SH,17,1,1,1,327,148,33,True,0.4952840085900422,0.8002635046113307,5.0,25.0,0.043478260869565216
within_run,primary,SH,17,1,1,2,272,287,54,True,0.3749678100499431,0.7742012398664759,14.0,46.0,0.060085836909871244
within_run,primary,SH,17,1,2,0,0,0,0,False,,,,,
within_run,primary,SH,17,1,2,1,0,0,0,False,,,,,
within_run,primary,SH,17,1,2,2,0,0,0,False,,,,,
within_run,primary,SH,17,2,0,0,0,0,0,False,,,,,
within_run,primary,SH,17,2,0,1,0,0,0,False,,,,,
within_run,primary,SH,17,2,0,2,0,0,0,False,,,,,
within_run,primary,SH,17,2,1,0,240,185,53,True,0.3167975351250374,0.49528301886792453,2.0,52.0,0.015151515151515152
within_run,primary,SH,17,2,1,1,15,12,3,False,0.6805555555555556,0.7777777777777777,0.0,3.0,0.0
within_run,primary,SH,17,2,1,2,0,0,0,False,,,,,
within_run,primary,SH,17,2,2,0,809,376,56,True,0.20683195628691348,0.6542131696428571,0.0,56.0,0.0
within_run,primary,SH,17,2,2,1,32,16,2,False,0.17692307692307693,0.48214285714285715,0.0,2.0,0.0
within_run,primary,SH,17,2,2,2,0,0,0,False,,,,,
within_run,primary,SH,29,1,0,0,1,1,0,False,,,0.0,0.0,0.0
within_run,primary,SH,29,1,0,1,397,126,20,True,0.20170624879418889,0.6259433962264151,11.0,19.0,0.10377358490566038
within_run,primary,SH,29,1,0,2,486,236,51,True,0.41519354842796646,0.7621091679915208,11.0,40.0,0.05945945945945946
within_run,primary,SH,29,1,1,0,0,0,0,False,,,,,
within_run,primary,SH,29,1,1,1,327,148,33,True,0.49890089414755845,0.7876152832674572,5.0,24.0,0.043478260869565216
within_run,primary,SH,29,1,1,2,272,287,54,True,0.36318985850944097,0.7687569543792719,13.0,46.0,0.055793991416309016
within_run,primary,SH,29,1,2,0,0,0,0,False,,,,,
within_run,primary,SH,29,1,2,1,0,0,0,False,,,,,
within_run,primary,SH,29,1,2,2,0,0,0,False,,,,,
within_run,primary,SH,29,2,0,0,0,0,0,False,,,,,
within_run,primary,SH,29,2,0,1,0,0,0,False,,,,,
within_run,primary,SH,29,2,0,2,0,0,0,False,,,,,
within_run,primary,SH,29,2,1,0,240,185,53,True,0.3188498460181475,0.4921383647798742,2.0,52.0,0.015151515151515152
within_run,primary,SH,29,2,1,1,15,12,3,False,0.6555555555555554,0.7037037037037037,0.0,3.0,0.0
within_run,primary,SH,29,2,1,2,0,0,0,False,,,,,
within_run,primary,SH,29,2,2,0,809,376,56,True,0.2148080869351807,0.6632533482142856,0.0,56.0,0.0
within_run,primary,SH,29,2,2,1,32,16,2,False,0.16025641025641024,0.44642857142857145,0.0,2.0,0.0
within_run,primary,SH,29,2,2,2,0,0,0,False,,,,,
within_run,primary,SH,43,1,0,0,1,1,0,False,,,0.0,0.0,0.0
within_run,primary,SH,43,1,0,1,397,126,20,True,0.1965436658561864,0.621933962264151,10.0,20.0,0.09433962264150944
within_run,primary,SH,43,1,0,2,486,236,51,True,0.41369078991341096,0.7647588765235823,11.0,42.0,0.05945945945945946
within_run,primary,SH,43,1,1,0,0,0,0,False,,,,,
within_run,primary,SH,43,1,1,1,327,148,33,True,0.4978355919838331,0.7818181818181819,5.0,26.0,0.043478260869565216
within_run,primary,SH,43,1,1,2,272,287,54,True,0.3629875819052022,0.7697504371324113,9.0,48.0,0.03862660944206009
within_run,primary,SH,43,1,2,0,0,0,0,False,,,,,
within_run,primary,SH,43,1,2,1,0,0,0,False,,,,,
within_run,primary,SH,43,1,2,2,0,0,0,False,,,,,
within_run,primary,SH,43,2,0,0,0,0,0,False,,,,,
within_run,primary,SH,43,2,0,1,0,0,0,False,,,,,
within_run,primary,SH,43,2,0,2,0,0,0,False,,,,,
within_run,primary,SH,43,2,1,0,240,185,53,True,0.30341155379328244,0.4821326472269868,2.0,52.0,0.015151515151515152
within_run,primary,SH,43,2,1,1,15,12,3,False,0.7575757575757576,0.7037037037037037,0.0,3.0,0.0
within_run,primary,SH,43,2,1,2,0,0,0,False,,,,,
within_run,primary,SH,43,2,2,0,809,376,56,True,0.20608920245950285,0.6553292410714285,1.0,56.0,0.003125
within_run,primary,SH,43,2,2,1,32,16,2,False,0.16025641025641024,0.44642857142857145,0.0,2.0,0.0
within_run,primary,SH,43,2,2,2,0,0,0,False,,,,,
within_run,primary,S_FB,17,1,0,0,1,1,0,False,,,1.0,0.0,1.0
within_run,primary,S_FB,17,1,0,1,397,126,20,True,0.24581474364479497,0.660377358490566,24.0,15.0,0.22641509433962265
within_run,primary,S_FB,17,1,0,2,486,236,51,True,0.435635787128233,0.7747747747747747,22.0,33.0,0.11891891891891893
within_run,primary,S_FB,17,1,1,0,0,0,0,False,,,,,
within_run,primary,S_FB,17,1,1,1,327,148,33,True,0.5329407102412177,0.807905138339921,8.0,20.0,0.06956521739130435
within_run,primary,S_FB,17,1,1,2,272,287,54,True,0.4098849412313908,0.8032904148783977,22.0,36.0,0.0944206008583691
within_run,primary,S_FB,17,1,2,0,0,0,0,False,,,,,
within_run,primary,S_FB,17,1,2,1,0,0,0,False,,,,,
within_run,primary,S_FB,17,1,2,2,0,0,0,False,,,,,
within_run,primary,S_FB,17,2,0,0,0,0,0,False,,,,,
within_run,primary,S_FB,17,2,0,1,0,0,0,False,,,,,
within_run,primary,S_FB,17,2,0,2,0,0,0,False,,,,,
within_run,primary,S_FB,17,2,1,0,240,185,53,True,0.5088003081616699,0.6849628359062321,15.0,35.0,0.11363636363636363
within_run,primary,S_FB,17,2,1,1,15,12,3,False,0.273015873015873,0.4444444444444444,3.0,3.0,0.3333333333333333
within_run,primary,S_FB,17,2,1,2,0,0,0,False,,,,,
within_run,primary,S_FB,17,2,2,0,809,376,56,True,0.2841960173605318,0.6184709821428572,11.0,48.0,0.034375
within_run,primary,S_FB,17,2,2,1,32,16,2,False,0.23809523809523808,0.5,0.0,2.0,0.0
within_run,primary,S_FB,17,2,2,2,0,0,0,False,,,,,
within_run,primary,S_FB,29,1,0,0,1,1,0,False,,,1.0,0.0,1.0
within_run,primary,S_FB,29,1,0,1,397,126,20,True,0.24581474364479497,0.660377358490566,24.0,15.0,0.22641509433962265
within_run,primary,S_FB,29,1,0,2,486,236,51,True,0.435635787128233,0.7747747747747747,22.0,33.0,0.11891891891891893
within_run,primary,S_FB,29,1,1,0,0,0,0,False,,,,,
within_run,primary,S_FB,29,1,1,1,327,148,33,True,0.5329407102412177,0.807905138339921,8.0,20.0,0.06956521739130435
within_run,primary,S_FB,29,1,1,2,272,287,54,True,0.4098849412313908,0.8032904148783977,22.0,36.0,0.0944206008583691
within_run,primary,S_FB,29,1,2,0,0,0,0,False,,,,,
within_run,primary,S_FB,29,1,2,1,0,0,0,False,,,,,
within_run,primary,S_FB,29,1,2,2,0,0,0,False,,,,,
within_run,primary,S_FB,29,2,0,0,0,0,0,False,,,,,
within_run,primary,S_FB,29,2,0,1,0,0,0,False,,,,,
within_run,primary,S_FB,29,2,0,2,0,0,0,False,,,,,
within_run,primary,S_FB,29,2,1,0,240,185,53,True,0.5088003081616699,0.6849628359062321,15.0,35.0,0.11363636363636363
within_run,primary,S_FB,29,2,1,1,15,12,3,False,0.273015873015873,0.4444444444444444,3.0,3.0,0.3333333333333333
within_run,primary,S_FB,29,2,1,2,0,0,0,False,,,,,
within_run,primary,S_FB,29,2,2,0,809,376,56,True,0.2841960173605318,0.6184709821428572,11.0,48.0,0.034375
within_run,primary,S_FB,29,2,2,1,32,16,2,False,0.23809523809523808,0.5,0.0,2.0,0.0
within_run,primary,S_FB,29,2,2,2,0,0,0,False,,,,,
within_run,primary,S_FB,43,1,0,0,1,1,0,False,,,1.0,0.0,1.0
within_run,primary,S_FB,43,1,0,1,397,126,20,True,0.24581474364479497,0.660377358490566,24.0,15.0,0.22641509433962265
within_run,primary,S_FB,43,1,0,2,486,236,51,True,0.435635787128233,0.7747747747747747,22.0,33.0,0.11891891891891893
within_run,primary,S_FB,43,1,1,0,0,0,0,False,,,,,
within_run,primary,S_FB,43,1,1,1,327,148,33,True,0.5329407102412177,0.807905138339921,8.0,20.0,0.06956521739130435
within_run,primary,S_FB,43,1,1,2,272,287,54,True,0.4098849412313908,0.8032904148783977,22.0,36.0,0.0944206008583691
within_run,primary,S_FB,43,1,2,0,0,0,0,False,,,,,
within_run,primary,S_FB,43,1,2,1,0,0,0,False,,,,,
within_run,primary,S_FB,43,1,2,2,0,0,0,False,,,,,
within_run,primary,S_FB,43,2,0,0,0,0,0,False,,,,,
within_run,primary,S_FB,43,2,0,1,0,0,0,False,,,,,
within_run,primary,S_FB,43,2,0,2,0,0,0,False,,,,,
within_run,primary,S_FB,43,2,1,0,240,185,53,True,0.5088003081616699,0.6849628359062321,15.0,35.0,0.11363636363636363
within_run,primary,S_FB,43,2,1,1,15,12,3,False,0.273015873015873,0.4444444444444444,3.0,3.0,0.3333333333333333
within_run,primary,S_FB,43,2,1,2,0,0,0,False,,,,,
within_run,primary,S_FB,43,2,2,0,809,376,56,True,0.2841960173605318,0.6184709821428572,11.0,48.0,0.034375
within_run,primary,S_FB,43,2,2,1,32,16,2,False,0.23809523809523808,0.5,0.0,2.0,0.0
within_run,primary,S_FB,43,2,2,2,0,0,0,False,,,,,
within_run,primary,SH_FB,17,1,0,0,1,1,0,False,,,0.0,0.0,0.0
within_run,primary,SH_FB,17,1,0,1,397,126,20,True,0.20995998570725052,0.6337264150943396,11.0,19.0,0.10377358490566038
within_run,primary,SH_FB,17,1,0,2,486,236,51,True,0.39282836125332055,0.7447270800211977,13.0,41.0,0.07027027027027027
within_run,primary,SH_FB,17,1,1,0,0,0,0,False,,,,,
within_run,primary,SH_FB,17,1,1,1,327,148,33,True,0.5089205583966305,0.8035573122529643,8.0,21.0,0.06956521739130435
within_run,primary,SH_FB,17,1,1,2,272,287,54,True,0.3815010401464274,0.7787315212207916,13.0,41.0,0.055793991416309016
within_run,primary,SH_FB,17,1,2,0,0,0,0,False,,,,,
within_run,primary,SH_FB,17,1,2,1,0,0,0,False,,,,,
within_run,primary,SH_FB,17,1,2,2,0,0,0,False,,,,,
within_run,primary,SH_FB,17,2,0,0,0,0,0,False,,,,,
within_run,primary,SH_FB,17,2,0,1,0,0,0,False,,,,,
within_run,primary,SH_FB,17,2,0,2,0,0,0,False,,,,,
within_run,primary,SH_FB,17,2,1,0,240,185,53,True,0.4343519695057665,0.6778873642081189,23.0,31.0,0.17424242424242425
within_run,primary,SH_FB,17,2,1,1,15,12,3,False,0.22424242424242424,0.2592592592592593,4.0,3.0,0.4444444444444444
within_run,primary,SH_FB,17,2,1,2,0,0,0,False,,,,,
within_run,primary,SH_FB,17,2,2,0,809,376,56,True,0.2540270156402028,0.6207310267857142,20.0,44.0,0.0625
within_run,primary,SH_FB,17,2,2,1,32,16,2,False,0.3214285714285714,0.5357142857142858,3.0,1.0,0.21428571428571427
within_run,primary,SH_FB,17,2,2,2,0,0,0,False,,,,,
within_run,primary,SH_FB,29,1,0,0,1,1,0,False,,,0.0,0.0,0.0
within_run,primary,SH_FB,29,1,0,1,397,126,20,True,0.21985862025802638,0.6403301886792453,12.0,19.0,0.11320754716981132
within_run,primary,SH_FB,29,1,0,2,486,236,51,True,0.3967332124184709,0.7465818759936407,13.0,42.0,0.07027027027027027
within_run,primary,SH_FB,29,1,1,0,0,0,0,False,,,,,
within_run,primary,SH_FB,29,1,1,1,327,148,33,True,0.5160349467277517,0.8013175230566536,5.0,23.0,0.043478260869565216
within_run,primary,SH_FB,29,1,1,2,272,287,54,True,0.38408200479668453,0.7816722301700842,13.0,41.0,0.055793991416309016
within_run,primary,SH_FB,29,1,2,0,0,0,0,False,,,,,
within_run,primary,SH_FB,29,1,2,1,0,0,0,False,,,,,
within_run,primary,SH_FB,29,1,2,2,0,0,0,False,,,,,
within_run,primary,SH_FB,29,2,0,0,0,0,0,False,,,,,
within_run,primary,SH_FB,29,2,0,1,0,0,0,False,,,,,
within_run,primary,SH_FB,29,2,0,2,0,0,0,False,,,,,
within_run,primary,SH_FB,29,2,1,0,240,185,53,True,0.4291308730924025,0.673885077186964,20.0,34.0,0.15151515151515152
within_run,primary,SH_FB,29,2,1,1,15,12,3,False,0.22424242424242424,0.2592592592592593,3.0,3.0,0.3333333333333333
within_run,primary,SH_FB,29,2,1,2,0,0,0,False,,,,,
within_run,primary,SH_FB,29,2,2,0,809,376,56,True,0.2564150282253394,0.6197823660714284,18.0,46.0,0.05625
within_run,primary,SH_FB,29,2,2,1,32,16,2,False,0.3125,0.4642857142857143,3.0,1.0,0.21428571428571427
within_run,primary,SH_FB,29,2,2,2,0,0,0,False,,,,,
within_run,primary,SH_FB,43,1,0,0,1,1,0,False,,,0.0,0.0,0.0
within_run,primary,SH_FB,43,1,0,1,397,126,20,True,0.2208631833934673,0.6349056603773585,10.0,19.0,0.09433962264150944
within_run,primary,SH_FB,43,1,0,2,486,236,51,True,0.39711825688632074,0.7351351351351351,10.0,44.0,0.05405405405405406
within_run,primary,SH_FB,43,1,1,0,0,0,0,False,,,,,
within_run,primary,SH_FB,43,1,1,1,327,148,33,True,0.5058625309723161,0.7989459815546772,5.0,23.0,0.043478260869565216
within_run,primary,SH_FB,43,1,1,2,272,287,54,True,0.38575793233308825,0.7836989349864886,13.0,41.0,0.055793991416309016
within_run,primary,SH_FB,43,1,2,0,0,0,0,False,,,,,
within_run,primary,SH_FB,43,1,2,1,0,0,0,False,,,,,
within_run,primary,SH_FB,43,1,2,2,0,0,0,False,,,,,
within_run,primary,SH_FB,43,2,0,0,0,0,0,False,,,,,
within_run,primary,SH_FB,43,2,0,1,0,0,0,False,,,,,
within_run,primary,SH_FB,43,2,0,2,0,0,0,False,,,,,
within_run,primary,SH_FB,43,2,1,0,240,185,53,True,0.4466736487640807,0.6886792452830188,23.0,31.0,0.17424242424242425
within_run,primary,SH_FB,43,2,1,1,15,12,3,False,0.22424242424242424,0.2592592592592593,4.0,3.0,0.4444444444444444
within_run,primary,SH_FB,43,2,1,2,0,0,0,False,,,,,
within_run,primary,SH_FB,43,2,2,0,809,376,56,True,0.2653371697421019,0.6163225446428572,21.0,44.0,0.065625
within_run,primary,SH_FB,43,2,2,1,32,16,2,False,0.3214285714285714,0.5357142857142858,2.0,1.0,0.14285714285714285
within_run,primary,SH_FB,43,2,2,2,0,0,0,False,,,,,
forward_run,2,S,17,1,0,0,142,4,0,False,,,0.0,0.0,0.0
forward_run,2,S,17,1,0,1,181,8,0,False,,,0.0,0.0,0.0
forward_run,2,S,17,1,0,2,70,11,0,False,,,0.0,0.0,0.0
forward_run,2,S,17,1,1,0,93,4,0,False,,,0.0,0.0,0.0
forward_run,2,S,17,1,1,1,158,3,0,False,,,0.0,0.0,0.0
forward_run,2,S,17,1,1,2,95,6,0,False,,,0.0,0.0,0.0
forward_run,2,S,17,1,2,0,137,1,0,False,,,0.0,0.0,0.0
forward_run,2,S,17,1,2,1,148,0,0,False,,,,,
forward_run,2,S,17,1,2,2,75,1,0,False,,,0.0,0.0,0.0
forward_run,2,S,17,2,0,0,0,0,0,False,,,,,
forward_run,2,S,17,2,0,1,0,0,0,False,,,,,
forward_run,2,S,17,2,0,2,0,0,0,False,,,,,
forward_run,2,S,17,2,1,0,0,0,0,False,,,,,
forward_run,2,S,17,2,1,1,0,0,0,False,,,,,
forward_run,2,S,17,2,1,2,0,0,0,False,,,,,
forward_run,2,S,17,2,2,0,0,0,0,False,,,,,
forward_run,2,S,17,2,2,1,0,0,0,False,,,,,
forward_run,2,S,17,2,2,2,0,0,0,False,,,,,
forward_run,2,S,29,1,0,0,142,4,0,False,,,0.0,0.0,0.0
forward_run,2,S,29,1,0,1,181,8,0,False,,,0.0,0.0,0.0
forward_run,2,S,29,1,0,2,70,11,0,False,,,0.0,0.0,0.0
forward_run,2,S,29,1,1,0,93,4,0,False,,,0.0,0.0,0.0
forward_run,2,S,29,1,1,1,158,3,0,False,,,0.0,0.0,0.0
forward_run,2,S,29,1,1,2,95,6,0,False,,,0.0,0.0,0.0
forward_run,2,S,29,1,2,0,137,1,0,False,,,0.0,0.0,0.0
forward_run,2,S,29,1,2,1,148,0,0,False,,,,,
forward_run,2,S,29,1,2,2,75,1,0,False,,,0.0,0.0,0.0
forward_run,2,S,29,2,0,0,0,0,0,False,,,,,
forward_run,2,S,29,2,0,1,0,0,0,False,,,,,
forward_run,2,S,29,2,0,2,0,0,0,False,,,,,
forward_run,2,S,29,2,1,0,0,0,0,False,,,,,
forward_run,2,S,29,2,1,1,0,0,0,False,,,,,
forward_run,2,S,29,2,1,2,0,0,0,False,,,,,
forward_run,2,S,29,2,2,0,0,0,0,False,,,,,
forward_run,2,S,29,2,2,1,0,0,0,False,,,,,
forward_run,2,S,29,2,2,2,0,0,0,False,,,,,
forward_run,2,S,43,1,0,0,142,4,0,False,,,0.0,0.0,0.0
forward_run,2,S,43,1,0,1,181,8,0,False,,,0.0,0.0,0.0
forward_run,2,S,43,1,0,2,70,11,0,False,,,0.0,0.0,0.0
forward_run,2,S,43,1,1,0,93,4,0,False,,,0.0,0.0,0.0
forward_run,2,S,43,1,1,1,158,3,0,False,,,0.0,0.0,0.0
forward_run,2,S,43,1,1,2,95,6,0,False,,,0.0,0.0,0.0
forward_run,2,S,43,1,2,0,137,1,0,False,,,0.0,0.0,0.0
forward_run,2,S,43,1,2,1,148,0,0,False,,,,,
forward_run,2,S,43,1,2,2,75,1,0,False,,,0.0,0.0,0.0
forward_run,2,S,43,2,0,0,0,0,0,False,,,,,
forward_run,2,S,43,2,0,1,0,0,0,False,,,,,
forward_run,2,S,43,2,0,2,0,0,0,False,,,,,
forward_run,2,S,43,2,1,0,0,0,0,False,,,,,
forward_run,2,S,43,2,1,1,0,0,0,False,,,,,
forward_run,2,S,43,2,1,2,0,0,0,False,,,,,
forward_run,2,S,43,2,2,0,0,0,0,False,,,,,
forward_run,2,S,43,2,2,1,0,0,0,False,,,,,
forward_run,2,S,43,2,2,2,0,0,0,False,,,,,
forward_run,2,SH,17,1,0,0,142,4,0,False,,,0.0,0.0,0.0
forward_run,2,SH,17,1,0,1,181,8,0,False,,,1.0,0.0,0.125
forward_run,2,SH,17,1,0,2,70,11,0,False,,,0.0,0.0,0.0
forward_run,2,SH,17,1,1,0,93,4,0,False,,,0.0,0.0,0.0
forward_run,2,SH,17,1,1,1,158,3,0,False,,,0.0,0.0,0.0
forward_run,2,SH,17,1,1,2,95,6,0,False,,,0.0,0.0,0.0
forward_run,2,SH,17,1,2,0,137,1,0,False,,,0.0,0.0,0.0
forward_run,2,SH,17,1,2,1,148,0,0,False,,,,,
forward_run,2,SH,17,1,2,2,75,1,0,False,,,0.0,0.0,0.0
forward_run,2,SH,17,2,0,0,0,0,0,False,,,,,
forward_run,2,SH,17,2,0,1,0,0,0,False,,,,,
forward_run,2,SH,17,2,0,2,0,0,0,False,,,,,
forward_run,2,SH,17,2,1,0,0,0,0,False,,,,,
forward_run,2,SH,17,2,1,1,0,0,0,False,,,,,
forward_run,2,SH,17,2,1,2,0,0,0,False,,,,,
forward_run,2,SH,17,2,2,0,0,0,0,False,,,,,
forward_run,2,SH,17,2,2,1,0,0,0,False,,,,,
forward_run,2,SH,17,2,2,2,0,0,0,False,,,,,
forward_run,2,SH,29,1,0,0,142,4,0,False,,,0.0,0.0,0.0
forward_run,2,SH,29,1,0,1,181,8,0,False,,,1.0,0.0,0.125
forward_run,2,SH,29,1,0,2,70,11,0,False,,,0.0,0.0,0.0
forward_run,2,SH,29,1,1,0,93,4,0,False,,,0.0,0.0,0.0
forward_run,2,SH,29,1,1,1,158,3,0,False,,,0.0,0.0,0.0
forward_run,2,SH,29,1,1,2,95,6,0,False,,,0.0,0.0,0.0
forward_run,2,SH,29,1,2,0,137,1,0,False,,,0.0,0.0,0.0
forward_run,2,SH,29,1,2,1,148,0,0,False,,,,,
forward_run,2,SH,29,1,2,2,75,1,0,False,,,0.0,0.0,0.0
forward_run,2,SH,29,2,0,0,0,0,0,False,,,,,
forward_run,2,SH,29,2,0,1,0,0,0,False,,,,,
forward_run,2,SH,29,2,0,2,0,0,0,False,,,,,
forward_run,2,SH,29,2,1,0,0,0,0,False,,,,,
forward_run,2,SH,29,2,1,1,0,0,0,False,,,,,
forward_run,2,SH,29,2,1,2,0,0,0,False,,,,,
forward_run,2,SH,29,2,2,0,0,0,0,False,,,,,
forward_run,2,SH,29,2,2,1,0,0,0,False,,,,,
forward_run,2,SH,29,2,2,2,0,0,0,False,,,,,
forward_run,2,SH,43,1,0,0,142,4,0,False,,,0.0,0.0,0.0
forward_run,2,SH,43,1,0,1,181,8,0,False,,,1.0,0.0,0.125
forward_run,2,SH,43,1,0,2,70,11,0,False,,,0.0,0.0,0.0
forward_run,2,SH,43,1,1,0,93,4,0,False,,,0.0,0.0,0.0
forward_run,2,SH,43,1,1,1,158,3,0,False,,,0.0,0.0,0.0
forward_run,2,SH,43,1,1,2,95,6,0,False,,,0.0,0.0,0.0
forward_run,2,SH,43,1,2,0,137,1,0,False,,,0.0,0.0,0.0
forward_run,2,SH,43,1,2,1,148,0,0,False,,,,,
forward_run,2,SH,43,1,2,2,75,1,0,False,,,0.0,0.0,0.0
forward_run,2,SH,43,2,0,0,0,0,0,False,,,,,
forward_run,2,SH,43,2,0,1,0,0,0,False,,,,,
forward_run,2,SH,43,2,0,2,0,0,0,False,,,,,
forward_run,2,SH,43,2,1,0,0,0,0,False,,,,,
forward_run,2,SH,43,2,1,1,0,0,0,False,,,,,
forward_run,2,SH,43,2,1,2,0,0,0,False,,,,,
forward_run,2,SH,43,2,2,0,0,0,0,False,,,,,
forward_run,2,SH,43,2,2,1,0,0,0,False,,,,,
forward_run,2,SH,43,2,2,2,0,0,0,False,,,,,
forward_run,2,S_FB,17,1,0,0,142,4,0,False,,,0.0,0.0,0.0
forward_run,2,S_FB,17,1,0,1,181,8,0,False,,,0.0,0.0,0.0
forward_run,2,S_FB,17,1,0,2,70,11,0,False,,,1.0,0.0,0.09090909090909091
forward_run,2,S_FB,17,1,1,0,93,4,0,False,,,0.0,0.0,0.0
forward_run,2,S_FB,17,1,1,1,158,3,0,False,,,0.0,0.0,0.0
forward_run,2,S_FB,17,1,1,2,95,6,0,False,,,0.0,0.0,0.0
forward_run,2,S_FB,17,1,2,0,137,1,0,False,,,0.0,0.0,0.0
forward_run,2,S_FB,17,1,2,1,148,0,0,False,,,,,
forward_run,2,S_FB,17,1,2,2,75,1,0,False,,,0.0,0.0,0.0
forward_run,2,S_FB,17,2,0,0,0,0,0,False,,,,,
forward_run,2,S_FB,17,2,0,1,0,0,0,False,,,,,
forward_run,2,S_FB,17,2,0,2,0,0,0,False,,,,,
forward_run,2,S_FB,17,2,1,0,0,0,0,False,,,,,
forward_run,2,S_FB,17,2,1,1,0,0,0,False,,,,,
forward_run,2,S_FB,17,2,1,2,0,0,0,False,,,,,
forward_run,2,S_FB,17,2,2,0,0,0,0,False,,,,,
forward_run,2,S_FB,17,2,2,1,0,0,0,False,,,,,
forward_run,2,S_FB,17,2,2,2,0,0,0,False,,,,,
forward_run,2,S_FB,29,1,0,0,142,4,0,False,,,0.0,0.0,0.0
forward_run,2,S_FB,29,1,0,1,181,8,0,False,,,0.0,0.0,0.0
forward_run,2,S_FB,29,1,0,2,70,11,0,False,,,1.0,0.0,0.09090909090909091
forward_run,2,S_FB,29,1,1,0,93,4,0,False,,,0.0,0.0,0.0
forward_run,2,S_FB,29,1,1,1,158,3,0,False,,,0.0,0.0,0.0
forward_run,2,S_FB,29,1,1,2,95,6,0,False,,,0.0,0.0,0.0
forward_run,2,S_FB,29,1,2,0,137,1,0,False,,,0.0,0.0,0.0
forward_run,2,S_FB,29,1,2,1,148,0,0,False,,,,,
forward_run,2,S_FB,29,1,2,2,75,1,0,False,,,0.0,0.0,0.0
forward_run,2,S_FB,29,2,0,0,0,0,0,False,,,,,
forward_run,2,S_FB,29,2,0,1,0,0,0,False,,,,,
forward_run,2,S_FB,29,2,0,2,0,0,0,False,,,,,
forward_run,2,S_FB,29,2,1,0,0,0,0,False,,,,,
forward_run,2,S_FB,29,2,1,1,0,0,0,False,,,,,
forward_run,2,S_FB,29,2,1,2,0,0,0,False,,,,,
forward_run,2,S_FB,29,2,2,0,0,0,0,False,,,,,
forward_run,2,S_FB,29,2,2,1,0,0,0,False,,,,,
forward_run,2,S_FB,29,2,2,2,0,0,0,False,,,,,
forward_run,2,S_FB,43,1,0,0,142,4,0,False,,,0.0,0.0,0.0
forward_run,2,S_FB,43,1,0,1,181,8,0,False,,,0.0,0.0,0.0
forward_run,2,S_FB,43,1,0,2,70,11,0,False,,,1.0,0.0,0.09090909090909091
forward_run,2,S_FB,43,1,1,0,93,4,0,False,,,0.0,0.0,0.0
forward_run,2,S_FB,43,1,1,1,158,3,0,False,,,0.0,0.0,0.0
forward_run,2,S_FB,43,1,1,2,95,6,0,False,,,0.0,0.0,0.0
forward_run,2,S_FB,43,1,2,0,137,1,0,False,,,0.0,0.0,0.0
forward_run,2,S_FB,43,1,2,1,148,0,0,False,,,,,
forward_run,2,S_FB,43,1,2,2,75,1,0,False,,,0.0,0.0,0.0
forward_run,2,S_FB,43,2,0,0,0,0,0,False,,,,,
forward_run,2,S_FB,43,2,0,1,0,0,0,False,,,,,
forward_run,2,S_FB,43,2,0,2,0,0,0,False,,,,,
forward_run,2,S_FB,43,2,1,0,0,0,0,False,,,,,
forward_run,2,S_FB,43,2,1,1,0,0,0,False,,,,,
forward_run,2,S_FB,43,2,1,2,0,0,0,False,,,,,
forward_run,2,S_FB,43,2,2,0,0,0,0,False,,,,,
forward_run,2,S_FB,43,2,2,1,0,0,0,False,,,,,
forward_run,2,S_FB,43,2,2,2,0,0,0,False,,,,,
forward_run,2,SH_FB,17,1,0,0,142,4,0,False,,,0.0,0.0,0.0
forward_run,2,SH_FB,17,1,0,1,181,8,0,False,,,1.0,0.0,0.125
forward_run,2,SH_FB,17,1,0,2,70,11,0,False,,,0.0,0.0,0.0
forward_run,2,SH_FB,17,1,1,0,93,4,0,False,,,0.0,0.0,0.0
forward_run,2,SH_FB,17,1,1,1,158,3,0,False,,,0.0,0.0,0.0
forward_run,2,SH_FB,17,1,1,2,95,6,0,False,,,0.0,0.0,0.0
forward_run,2,SH_FB,17,1,2,0,137,1,0,False,,,0.0,0.0,0.0
forward_run,2,SH_FB,17,1,2,1,148,0,0,False,,,,,
forward_run,2,SH_FB,17,1,2,2,75,1,0,False,,,0.0,0.0,0.0
forward_run,2,SH_FB,17,2,0,0,0,0,0,False,,,,,
forward_run,2,SH_FB,17,2,0,1,0,0,0,False,,,,,
forward_run,2,SH_FB,17,2,0,2,0,0,0,False,,,,,
forward_run,2,SH_FB,17,2,1,0,0,0,0,False,,,,,
forward_run,2,SH_FB,17,2,1,1,0,0,0,False,,,,,
forward_run,2,SH_FB,17,2,1,2,0,0,0,False,,,,,
forward_run,2,SH_FB,17,2,2,0,0,0,0,False,,,,,
forward_run,2,SH_FB,17,2,2,1,0,0,0,False,,,,,
forward_run,2,SH_FB,17,2,2,2,0,0,0,False,,,,,
forward_run,2,SH_FB,29,1,0,0,142,4,0,False,,,0.0,0.0,0.0
forward_run,2,SH_FB,29,1,0,1,181,8,0,False,,,1.0,0.0,0.125
forward_run,2,SH_FB,29,1,0,2,70,11,0,False,,,0.0,0.0,0.0
forward_run,2,SH_FB,29,1,1,0,93,4,0,False,,,0.0,0.0,0.0
forward_run,2,SH_FB,29,1,1,1,158,3,0,False,,,0.0,0.0,0.0
forward_run,2,SH_FB,29,1,1,2,95,6,0,False,,,0.0,0.0,0.0
forward_run,2,SH_FB,29,1,2,0,137,1,0,False,,,0.0,0.0,0.0
forward_run,2,SH_FB,29,1,2,1,148,0,0,False,,,,,
forward_run,2,SH_FB,29,1,2,2,75,1,0,False,,,0.0,0.0,0.0
forward_run,2,SH_FB,29,2,0,0,0,0,0,False,,,,,
forward_run,2,SH_FB,29,2,0,1,0,0,0,False,,,,,
forward_run,2,SH_FB,29,2,0,2,0,0,0,False,,,,,
forward_run,2,SH_FB,29,2,1,0,0,0,0,False,,,,,
forward_run,2,SH_FB,29,2,1,1,0,0,0,False,,,,,
forward_run,2,SH_FB,29,2,1,2,0,0,0,False,,,,,
forward_run,2,SH_FB,29,2,2,0,0,0,0,False,,,,,
forward_run,2,SH_FB,29,2,2,1,0,0,0,False,,,,,
forward_run,2,SH_FB,29,2,2,2,0,0,0,False,,,,,
forward_run,2,SH_FB,43,1,0,0,142,4,0,False,,,0.0,0.0,0.0
forward_run,2,SH_FB,43,1,0,1,181,8,0,False,,,1.0,0.0,0.125
forward_run,2,SH_FB,43,1,0,2,70,11,0,False,,,0.0,0.0,0.0
forward_run,2,SH_FB,43,1,1,0,93,4,0,False,,,0.0,0.0,0.0
forward_run,2,SH_FB,43,1,1,1,158,3,0,False,,,0.0,0.0,0.0
forward_run,2,SH_FB,43,1,1,2,95,6,0,False,,,0.0,0.0,0.0
forward_run,2,SH_FB,43,1,2,0,137,1,0,False,,,0.0,0.0,0.0
forward_run,2,SH_FB,43,1,2,1,148,0,0,False,,,,,
forward_run,2,SH_FB,43,1,2,2,75,1,0,False,,,0.0,0.0,0.0
forward_run,2,SH_FB,43,2,0,0,0,0,0,False,,,,,
forward_run,2,SH_FB,43,2,0,1,0,0,0,False,,,,,
forward_run,2,SH_FB,43,2,0,2,0,0,0,False,,,,,
forward_run,2,SH_FB,43,2,1,0,0,0,0,False,,,,,
forward_run,2,SH_FB,43,2,1,1,0,0,0,False,,,,,
forward_run,2,SH_FB,43,2,1,2,0,0,0,False,,,,,
forward_run,2,SH_FB,43,2,2,0,0,0,0,False,,,,,
forward_run,2,SH_FB,43,2,2,1,0,0,0,False,,,,,
forward_run,2,SH_FB,43,2,2,2,0,0,0,False,,,,,
forward_run,3,S,17,1,0,0,295,0,0,False,,,,,
forward_run,3,S,17,1,0,1,321,0,0,False,,,,,
forward_run,3,S,17,1,0,2,144,0,0,False,,,,,
forward_run,3,S,17,1,1,0,267,0,0,False,,,,,
forward_run,3,S,17,1,1,1,295,0,0,False,,,,,
forward_run,3,S,17,1,1,2,190,0,0,False,,,,,
forward_run,3,S,17,1,2,0,272,0,0,False,,,,,
forward_run,3,S,17,1,2,1,282,0,0,False,,,,,
forward_run,3,S,17,1,2,2,190,0,0,False,,,,,
forward_run,3,S,17,2,0,0,0,0,0,False,,,,,
forward_run,3,S,17,2,0,1,0,0,0,False,,,,,
forward_run,3,S,17,2,0,2,0,0,0,False,,,,,
forward_run,3,S,17,2,1,0,0,0,0,False,,,,,
forward_run,3,S,17,2,1,1,0,0,0,False,,,,,
forward_run,3,S,17,2,1,2,0,0,0,False,,,,,
forward_run,3,S,17,2,2,0,0,0,0,False,,,,,
forward_run,3,S,17,2,2,1,0,0,0,False,,,,,
forward_run,3,S,17,2,2,2,0,0,0,False,,,,,
forward_run,3,S,29,1,0,0,295,0,0,False,,,,,
forward_run,3,S,29,1,0,1,321,0,0,False,,,,,
forward_run,3,S,29,1,0,2,144,0,0,False,,,,,
forward_run,3,S,29,1,1,0,267,0,0,False,,,,,
forward_run,3,S,29,1,1,1,295,0,0,False,,,,,
forward_run,3,S,29,1,1,2,190,0,0,False,,,,,
forward_run,3,S,29,1,2,0,272,0,0,False,,,,,
forward_run,3,S,29,1,2,1,282,0,0,False,,,,,
forward_run,3,S,29,1,2,2,190,0,0,False,,,,,
forward_run,3,S,29,2,0,0,0,0,0,False,,,,,
forward_run,3,S,29,2,0,1,0,0,0,False,,,,,
forward_run,3,S,29,2,0,2,0,0,0,False,,,,,
forward_run,3,S,29,2,1,0,0,0,0,False,,,,,
forward_run,3,S,29,2,1,1,0,0,0,False,,,,,
forward_run,3,S,29,2,1,2,0,0,0,False,,,,,
forward_run,3,S,29,2,2,0,0,0,0,False,,,,,
forward_run,3,S,29,2,2,1,0,0,0,False,,,,,
forward_run,3,S,29,2,2,2,0,0,0,False,,,,,
forward_run,3,S,43,1,0,0,295,0,0,False,,,,,
forward_run,3,S,43,1,0,1,321,0,0,False,,,,,
forward_run,3,S,43,1,0,2,144,0,0,False,,,,,
forward_run,3,S,43,1,1,0,267,0,0,False,,,,,
forward_run,3,S,43,1,1,1,295,0,0,False,,,,,
forward_run,3,S,43,1,1,2,190,0,0,False,,,,,
forward_run,3,S,43,1,2,0,272,0,0,False,,,,,
forward_run,3,S,43,1,2,1,282,0,0,False,,,,,
forward_run,3,S,43,1,2,2,190,0,0,False,,,,,
forward_run,3,S,43,2,0,0,0,0,0,False,,,,,
forward_run,3,S,43,2,0,1,0,0,0,False,,,,,
forward_run,3,S,43,2,0,2,0,0,0,False,,,,,
forward_run,3,S,43,2,1,0,0,0,0,False,,,,,
forward_run,3,S,43,2,1,1,0,0,0,False,,,,,
forward_run,3,S,43,2,1,2,0,0,0,False,,,,,
forward_run,3,S,43,2,2,0,0,0,0,False,,,,,
forward_run,3,S,43,2,2,1,0,0,0,False,,,,,
forward_run,3,S,43,2,2,2,0,0,0,False,,,,,
forward_run,3,SH,17,1,0,0,295,0,0,False,,,,,
forward_run,3,SH,17,1,0,1,321,0,0,False,,,,,
forward_run,3,SH,17,1,0,2,144,0,0,False,,,,,
forward_run,3,SH,17,1,1,0,267,0,0,False,,,,,
forward_run,3,SH,17,1,1,1,295,0,0,False,,,,,
forward_run,3,SH,17,1,1,2,190,0,0,False,,,,,
forward_run,3,SH,17,1,2,0,272,0,0,False,,,,,
forward_run,3,SH,17,1,2,1,282,0,0,False,,,,,
forward_run,3,SH,17,1,2,2,190,0,0,False,,,,,
forward_run,3,SH,17,2,0,0,0,0,0,False,,,,,
forward_run,3,SH,17,2,0,1,0,0,0,False,,,,,
forward_run,3,SH,17,2,0,2,0,0,0,False,,,,,
forward_run,3,SH,17,2,1,0,0,0,0,False,,,,,
forward_run,3,SH,17,2,1,1,0,0,0,False,,,,,
forward_run,3,SH,17,2,1,2,0,0,0,False,,,,,
forward_run,3,SH,17,2,2,0,0,0,0,False,,,,,
forward_run,3,SH,17,2,2,1,0,0,0,False,,,,,
forward_run,3,SH,17,2,2,2,0,0,0,False,,,,,
forward_run,3,SH,29,1,0,0,295,0,0,False,,,,,
forward_run,3,SH,29,1,0,1,321,0,0,False,,,,,
forward_run,3,SH,29,1,0,2,144,0,0,False,,,,,
forward_run,3,SH,29,1,1,0,267,0,0,False,,,,,
forward_run,3,SH,29,1,1,1,295,0,0,False,,,,,
forward_run,3,SH,29,1,1,2,190,0,0,False,,,,,
forward_run,3,SH,29,1,2,0,272,0,0,False,,,,,
forward_run,3,SH,29,1,2,1,282,0,0,False,,,,,
forward_run,3,SH,29,1,2,2,190,0,0,False,,,,,
forward_run,3,SH,29,2,0,0,0,0,0,False,,,,,
forward_run,3,SH,29,2,0,1,0,0,0,False,,,,,
forward_run,3,SH,29,2,0,2,0,0,0,False,,,,,
forward_run,3,SH,29,2,1,0,0,0,0,False,,,,,
forward_run,3,SH,29,2,1,1,0,0,0,False,,,,,
forward_run,3,SH,29,2,1,2,0,0,0,False,,,,,
forward_run,3,SH,29,2,2,0,0,0,0,False,,,,,
forward_run,3,SH,29,2,2,1,0,0,0,False,,,,,
forward_run,3,SH,29,2,2,2,0,0,0,False,,,,,
forward_run,3,SH,43,1,0,0,295,0,0,False,,,,,
forward_run,3,SH,43,1,0,1,321,0,0,False,,,,,
forward_run,3,SH,43,1,0,2,144,0,0,False,,,,,
forward_run,3,SH,43,1,1,0,267,0,0,False,,,,,
forward_run,3,SH,43,1,1,1,295,0,0,False,,,,,
forward_run,3,SH,43,1,1,2,190,0,0,False,,,,,
forward_run,3,SH,43,1,2,0,272,0,0,False,,,,,
forward_run,3,SH,43,1,2,1,282,0,0,False,,,,,
forward_run,3,SH,43,1,2,2,190,0,0,False,,,,,
forward_run,3,SH,43,2,0,0,0,0,0,False,,,,,
forward_run,3,SH,43,2,0,1,0,0,0,False,,,,,
forward_run,3,SH,43,2,0,2,0,0,0,False,,,,,
forward_run,3,SH,43,2,1,0,0,0,0,False,,,,,
forward_run,3,SH,43,2,1,1,0,0,0,False,,,,,
forward_run,3,SH,43,2,1,2,0,0,0,False,,,,,
forward_run,3,SH,43,2,2,0,0,0,0,False,,,,,
forward_run,3,SH,43,2,2,1,0,0,0,False,,,,,
forward_run,3,SH,43,2,2,2,0,0,0,False,,,,,
forward_run,3,S_FB,17,1,0,0,295,0,0,False,,,,,
forward_run,3,S_FB,17,1,0,1,321,0,0,False,,,,,
forward_run,3,S_FB,17,1,0,2,144,0,0,False,,,,,
forward_run,3,S_FB,17,1,1,0,267,0,0,False,,,,,
forward_run,3,S_FB,17,1,1,1,295,0,0,False,,,,,
forward_run,3,S_FB,17,1,1,2,190,0,0,False,,,,,
forward_run,3,S_FB,17,1,2,0,272,0,0,False,,,,,
forward_run,3,S_FB,17,1,2,1,282,0,0,False,,,,,
forward_run,3,S_FB,17,1,2,2,190,0,0,False,,,,,
forward_run,3,S_FB,17,2,0,0,0,0,0,False,,,,,
forward_run,3,S_FB,17,2,0,1,0,0,0,False,,,,,
forward_run,3,S_FB,17,2,0,2,0,0,0,False,,,,,
forward_run,3,S_FB,17,2,1,0,0,0,0,False,,,,,
forward_run,3,S_FB,17,2,1,1,0,0,0,False,,,,,
forward_run,3,S_FB,17,2,1,2,0,0,0,False,,,,,
forward_run,3,S_FB,17,2,2,0,0,0,0,False,,,,,
forward_run,3,S_FB,17,2,2,1,0,0,0,False,,,,,
forward_run,3,S_FB,17,2,2,2,0,0,0,False,,,,,
forward_run,3,S_FB,29,1,0,0,295,0,0,False,,,,,
forward_run,3,S_FB,29,1,0,1,321,0,0,False,,,,,
forward_run,3,S_FB,29,1,0,2,144,0,0,False,,,,,
forward_run,3,S_FB,29,1,1,0,267,0,0,False,,,,,
forward_run,3,S_FB,29,1,1,1,295,0,0,False,,,,,
forward_run,3,S_FB,29,1,1,2,190,0,0,False,,,,,
forward_run,3,S_FB,29,1,2,0,272,0,0,False,,,,,
forward_run,3,S_FB,29,1,2,1,282,0,0,False,,,,,
forward_run,3,S_FB,29,1,2,2,190,0,0,False,,,,,
forward_run,3,S_FB,29,2,0,0,0,0,0,False,,,,,
forward_run,3,S_FB,29,2,0,1,0,0,0,False,,,,,
forward_run,3,S_FB,29,2,0,2,0,0,0,False,,,,,
forward_run,3,S_FB,29,2,1,0,0,0,0,False,,,,,
forward_run,3,S_FB,29,2,1,1,0,0,0,False,,,,,
forward_run,3,S_FB,29,2,1,2,0,0,0,False,,,,,
forward_run,3,S_FB,29,2,2,0,0,0,0,False,,,,,
forward_run,3,S_FB,29,2,2,1,0,0,0,False,,,,,
forward_run,3,S_FB,29,2,2,2,0,0,0,False,,,,,
forward_run,3,S_FB,43,1,0,0,295,0,0,False,,,,,
forward_run,3,S_FB,43,1,0,1,321,0,0,False,,,,,
forward_run,3,S_FB,43,1,0,2,144,0,0,False,,,,,
forward_run,3,S_FB,43,1,1,0,267,0,0,False,,,,,
forward_run,3,S_FB,43,1,1,1,295,0,0,False,,,,,
forward_run,3,S_FB,43,1,1,2,190,0,0,False,,,,,
forward_run,3,S_FB,43,1,2,0,272,0,0,False,,,,,
forward_run,3,S_FB,43,1,2,1,282,0,0,False,,,,,
forward_run,3,S_FB,43,1,2,2,190,0,0,False,,,,,
forward_run,3,S_FB,43,2,0,0,0,0,0,False,,,,,
forward_run,3,S_FB,43,2,0,1,0,0,0,False,,,,,
forward_run,3,S_FB,43,2,0,2,0,0,0,False,,,,,
forward_run,3,S_FB,43,2,1,0,0,0,0,False,,,,,
forward_run,3,S_FB,43,2,1,1,0,0,0,False,,,,,
forward_run,3,S_FB,43,2,1,2,0,0,0,False,,,,,
forward_run,3,S_FB,43,2,2,0,0,0,0,False,,,,,
forward_run,3,S_FB,43,2,2,1,0,0,0,False,,,,,
forward_run,3,S_FB,43,2,2,2,0,0,0,False,,,,,
forward_run,3,SH_FB,17,1,0,0,295,0,0,False,,,,,
forward_run,3,SH_FB,17,1,0,1,321,0,0,False,,,,,
forward_run,3,SH_FB,17,1,0,2,144,0,0,False,,,,,
forward_run,3,SH_FB,17,1,1,0,267,0,0,False,,,,,
forward_run,3,SH_FB,17,1,1,1,295,0,0,False,,,,,
forward_run,3,SH_FB,17,1,1,2,190,0,0,False,,,,,
forward_run,3,SH_FB,17,1,2,0,272,0,0,False,,,,,
forward_run,3,SH_FB,17,1,2,1,282,0,0,False,,,,,
forward_run,3,SH_FB,17,1,2,2,190,0,0,False,,,,,
forward_run,3,SH_FB,17,2,0,0,0,0,0,False,,,,,
forward_run,3,SH_FB,17,2,0,1,0,0,0,False,,,,,
forward_run,3,SH_FB,17,2,0,2,0,0,0,False,,,,,
forward_run,3,SH_FB,17,2,1,0,0,0,0,False,,,,,
forward_run,3,SH_FB,17,2,1,1,0,0,0,False,,,,,
forward_run,3,SH_FB,17,2,1,2,0,0,0,False,,,,,
forward_run,3,SH_FB,17,2,2,0,0,0,0,False,,,,,
forward_run,3,SH_FB,17,2,2,1,0,0,0,False,,,,,
forward_run,3,SH_FB,17,2,2,2,0,0,0,False,,,,,
forward_run,3,SH_FB,29,1,0,0,295,0,0,False,,,,,
forward_run,3,SH_FB,29,1,0,1,321,0,0,False,,,,,
forward_run,3,SH_FB,29,1,0,2,144,0,0,False,,,,,
forward_run,3,SH_FB,29,1,1,0,267,0,0,False,,,,,
forward_run,3,SH_FB,29,1,1,1,295,0,0,False,,,,,
forward_run,3,SH_FB,29,1,1,2,190,0,0,False,,,,,
forward_run,3,SH_FB,29,1,2,0,272,0,0,False,,,,,
forward_run,3,SH_FB,29,1,2,1,282,0,0,False,,,,,
forward_run,3,SH_FB,29,1,2,2,190,0,0,False,,,,,
forward_run,3,SH_FB,29,2,0,0,0,0,0,False,,,,,
forward_run,3,SH_FB,29,2,0,1,0,0,0,False,,,,,
forward_run,3,SH_FB,29,2,0,2,0,0,0,False,,,,,
forward_run,3,SH_FB,29,2,1,0,0,0,0,False,,,,,
forward_run,3,SH_FB,29,2,1,1,0,0,0,False,,,,,
forward_run,3,SH_FB,29,2,1,2,0,0,0,False,,,,,
forward_run,3,SH_FB,29,2,2,0,0,0,0,False,,,,,
forward_run,3,SH_FB,29,2,2,1,0,0,0,False,,,,,
forward_run,3,SH_FB,29,2,2,2,0,0,0,False,,,,,
forward_run,3,SH_FB,43,1,0,0,295,0,0,False,,,,,
forward_run,3,SH_FB,43,1,0,1,321,0,0,False,,,,,
forward_run,3,SH_FB,43,1,0,2,144,0,0,False,,,,,
forward_run,3,SH_FB,43,1,1,0,267,0,0,False,,,,,
forward_run,3,SH_FB,43,1,1,1,295,0,0,False,,,,,
forward_run,3,SH_FB,43,1,1,2,190,0,0,False,,,,,
forward_run,3,SH_FB,43,1,2,0,272,0,0,False,,,,,
forward_run,3,SH_FB,43,1,2,1,282,0,0,False,,,,,
forward_run,3,SH_FB,43,1,2,2,190,0,0,False,,,,,
forward_run,3,SH_FB,43,2,0,0,0,0,0,False,,,,,
forward_run,3,SH_FB,43,2,0,1,0,0,0,False,,,,,
forward_run,3,SH_FB,43,2,0,2,0,0,0,False,,,,,
forward_run,3,SH_FB,43,2,1,0,0,0,0,False,,,,,
forward_run,3,SH_FB,43,2,1,1,0,0,0,False,,,,,
forward_run,3,SH_FB,43,2,1,2,0,0,0,False,,,,,
forward_run,3,SH_FB,43,2,2,0,0,0,0,False,,,,,
forward_run,3,SH_FB,43,2,2,1,0,0,0,False,,,,,
forward_run,3,SH_FB,43,2,2,2,0,0,0,False,,,,,
forward_run,4,S,17,1,0,0,297,0,0,False,,,,,
forward_run,4,S,17,1,0,1,340,0,0,False,,,,,
forward_run,4,S,17,1,0,2,303,0,0,False,,,,,
forward_run,4,S,17,1,1,0,297,0,0,False,,,,,
forward_run,4,S,17,1,1,1,364,0,0,False,,,,,
forward_run,4,S,17,1,1,2,182,0,0,False,,,,,
forward_run,4,S,17,1,2,0,319,0,0,False,,,,,
forward_run,4,S,17,1,2,1,350,0,0,False,,,,,
forward_run,4,S,17,1,2,2,201,0,0,False,,,,,
forward_run,4,S,17,2,0,0,0,0,0,False,,,,,
forward_run,4,S,17,2,0,1,0,0,0,False,,,,,
forward_run,4,S,17,2,0,2,0,0,0,False,,,,,
forward_run,4,S,17,2,1,0,0,0,0,False,,,,,
forward_run,4,S,17,2,1,1,0,0,0,False,,,,,
forward_run,4,S,17,2,1,2,0,0,0,False,,,,,
forward_run,4,S,17,2,2,0,0,0,0,False,,,,,
forward_run,4,S,17,2,2,1,0,0,0,False,,,,,
forward_run,4,S,17,2,2,2,0,0,0,False,,,,,
forward_run,4,S,29,1,0,0,297,0,0,False,,,,,
forward_run,4,S,29,1,0,1,340,0,0,False,,,,,
forward_run,4,S,29,1,0,2,303,0,0,False,,,,,
forward_run,4,S,29,1,1,0,297,0,0,False,,,,,
forward_run,4,S,29,1,1,1,364,0,0,False,,,,,
forward_run,4,S,29,1,1,2,182,0,0,False,,,,,
forward_run,4,S,29,1,2,0,319,0,0,False,,,,,
forward_run,4,S,29,1,2,1,350,0,0,False,,,,,
forward_run,4,S,29,1,2,2,201,0,0,False,,,,,
forward_run,4,S,29,2,0,0,0,0,0,False,,,,,
forward_run,4,S,29,2,0,1,0,0,0,False,,,,,
forward_run,4,S,29,2,0,2,0,0,0,False,,,,,
forward_run,4,S,29,2,1,0,0,0,0,False,,,,,
forward_run,4,S,29,2,1,1,0,0,0,False,,,,,
forward_run,4,S,29,2,1,2,0,0,0,False,,,,,
forward_run,4,S,29,2,2,0,0,0,0,False,,,,,
forward_run,4,S,29,2,2,1,0,0,0,False,,,,,
forward_run,4,S,29,2,2,2,0,0,0,False,,,,,
forward_run,4,S,43,1,0,0,297,0,0,False,,,,,
forward_run,4,S,43,1,0,1,340,0,0,False,,,,,
forward_run,4,S,43,1,0,2,303,0,0,False,,,,,
forward_run,4,S,43,1,1,0,297,0,0,False,,,,,
forward_run,4,S,43,1,1,1,364,0,0,False,,,,,
forward_run,4,S,43,1,1,2,182,0,0,False,,,,,
forward_run,4,S,43,1,2,0,319,0,0,False,,,,,
forward_run,4,S,43,1,2,1,350,0,0,False,,,,,
forward_run,4,S,43,1,2,2,201,0,0,False,,,,,
forward_run,4,S,43,2,0,0,0,0,0,False,,,,,
forward_run,4,S,43,2,0,1,0,0,0,False,,,,,
forward_run,4,S,43,2,0,2,0,0,0,False,,,,,
forward_run,4,S,43,2,1,0,0,0,0,False,,,,,
forward_run,4,S,43,2,1,1,0,0,0,False,,,,,
forward_run,4,S,43,2,1,2,0,0,0,False,,,,,
forward_run,4,S,43,2,2,0,0,0,0,False,,,,,
forward_run,4,S,43,2,2,1,0,0,0,False,,,,,
forward_run,4,S,43,2,2,2,0,0,0,False,,,,,
forward_run,4,SH,17,1,0,0,297,0,0,False,,,,,
forward_run,4,SH,17,1,0,1,340,0,0,False,,,,,
forward_run,4,SH,17,1,0,2,303,0,0,False,,,,,
forward_run,4,SH,17,1,1,0,297,0,0,False,,,,,
forward_run,4,SH,17,1,1,1,364,0,0,False,,,,,
forward_run,4,SH,17,1,1,2,182,0,0,False,,,,,
forward_run,4,SH,17,1,2,0,319,0,0,False,,,,,
forward_run,4,SH,17,1,2,1,350,0,0,False,,,,,
forward_run,4,SH,17,1,2,2,201,0,0,False,,,,,
forward_run,4,SH,17,2,0,0,0,0,0,False,,,,,
forward_run,4,SH,17,2,0,1,0,0,0,False,,,,,
forward_run,4,SH,17,2,0,2,0,0,0,False,,,,,
forward_run,4,SH,17,2,1,0,0,0,0,False,,,,,
forward_run,4,SH,17,2,1,1,0,0,0,False,,,,,
forward_run,4,SH,17,2,1,2,0,0,0,False,,,,,
forward_run,4,SH,17,2,2,0,0,0,0,False,,,,,
forward_run,4,SH,17,2,2,1,0,0,0,False,,,,,
forward_run,4,SH,17,2,2,2,0,0,0,False,,,,,
forward_run,4,SH,29,1,0,0,297,0,0,False,,,,,
forward_run,4,SH,29,1,0,1,340,0,0,False,,,,,
forward_run,4,SH,29,1,0,2,303,0,0,False,,,,,
forward_run,4,SH,29,1,1,0,297,0,0,False,,,,,
forward_run,4,SH,29,1,1,1,364,0,0,False,,,,,
forward_run,4,SH,29,1,1,2,182,0,0,False,,,,,
forward_run,4,SH,29,1,2,0,319,0,0,False,,,,,
forward_run,4,SH,29,1,2,1,350,0,0,False,,,,,
forward_run,4,SH,29,1,2,2,201,0,0,False,,,,,
forward_run,4,SH,29,2,0,0,0,0,0,False,,,,,
forward_run,4,SH,29,2,0,1,0,0,0,False,,,,,
forward_run,4,SH,29,2,0,2,0,0,0,False,,,,,
forward_run,4,SH,29,2,1,0,0,0,0,False,,,,,
forward_run,4,SH,29,2,1,1,0,0,0,False,,,,,
forward_run,4,SH,29,2,1,2,0,0,0,False,,,,,
forward_run,4,SH,29,2,2,0,0,0,0,False,,,,,
forward_run,4,SH,29,2,2,1,0,0,0,False,,,,,
forward_run,4,SH,29,2,2,2,0,0,0,False,,,,,
forward_run,4,SH,43,1,0,0,297,0,0,False,,,,,
forward_run,4,SH,43,1,0,1,340,0,0,False,,,,,
forward_run,4,SH,43,1,0,2,303,0,0,False,,,,,
forward_run,4,SH,43,1,1,0,297,0,0,False,,,,,
forward_run,4,SH,43,1,1,1,364,0,0,False,,,,,
forward_run,4,SH,43,1,1,2,182,0,0,False,,,,,
forward_run,4,SH,43,1,2,0,319,0,0,False,,,,,
forward_run,4,SH,43,1,2,1,350,0,0,False,,,,,
forward_run,4,SH,43,1,2,2,201,0,0,False,,,,,
forward_run,4,SH,43,2,0,0,0,0,0,False,,,,,
forward_run,4,SH,43,2,0,1,0,0,0,False,,,,,
forward_run,4,SH,43,2,0,2,0,0,0,False,,,,,
forward_run,4,SH,43,2,1,0,0,0,0,False,,,,,
forward_run,4,SH,43,2,1,1,0,0,0,False,,,,,
forward_run,4,SH,43,2,1,2,0,0,0,False,,,,,
forward_run,4,SH,43,2,2,0,0,0,0,False,,,,,
forward_run,4,SH,43,2,2,1,0,0,0,False,,,,,
forward_run,4,SH,43,2,2,2,0,0,0,False,,,,,
forward_run,4,S_FB,17,1,0,0,297,0,0,False,,,,,
forward_run,4,S_FB,17,1,0,1,340,0,0,False,,,,,
forward_run,4,S_FB,17,1,0,2,303,0,0,False,,,,,
forward_run,4,S_FB,17,1,1,0,297,0,0,False,,,,,
forward_run,4,S_FB,17,1,1,1,364,0,0,False,,,,,
forward_run,4,S_FB,17,1,1,2,182,0,0,False,,,,,
forward_run,4,S_FB,17,1,2,0,319,0,0,False,,,,,
forward_run,4,S_FB,17,1,2,1,350,0,0,False,,,,,
forward_run,4,S_FB,17,1,2,2,201,0,0,False,,,,,
forward_run,4,S_FB,17,2,0,0,0,0,0,False,,,,,
forward_run,4,S_FB,17,2,0,1,0,0,0,False,,,,,
forward_run,4,S_FB,17,2,0,2,0,0,0,False,,,,,
forward_run,4,S_FB,17,2,1,0,0,0,0,False,,,,,
forward_run,4,S_FB,17,2,1,1,0,0,0,False,,,,,
forward_run,4,S_FB,17,2,1,2,0,0,0,False,,,,,
forward_run,4,S_FB,17,2,2,0,0,0,0,False,,,,,
forward_run,4,S_FB,17,2,2,1,0,0,0,False,,,,,
forward_run,4,S_FB,17,2,2,2,0,0,0,False,,,,,
forward_run,4,S_FB,29,1,0,0,297,0,0,False,,,,,
forward_run,4,S_FB,29,1,0,1,340,0,0,False,,,,,
forward_run,4,S_FB,29,1,0,2,303,0,0,False,,,,,
forward_run,4,S_FB,29,1,1,0,297,0,0,False,,,,,
forward_run,4,S_FB,29,1,1,1,364,0,0,False,,,,,
forward_run,4,S_FB,29,1,1,2,182,0,0,False,,,,,
forward_run,4,S_FB,29,1,2,0,319,0,0,False,,,,,
forward_run,4,S_FB,29,1,2,1,350,0,0,False,,,,,
forward_run,4,S_FB,29,1,2,2,201,0,0,False,,,,,
forward_run,4,S_FB,29,2,0,0,0,0,0,False,,,,,
forward_run,4,S_FB,29,2,0,1,0,0,0,False,,,,,
forward_run,4,S_FB,29,2,0,2,0,0,0,False,,,,,
forward_run,4,S_FB,29,2,1,0,0,0,0,False,,,,,
forward_run,4,S_FB,29,2,1,1,0,0,0,False,,,,,
forward_run,4,S_FB,29,2,1,2,0,0,0,False,,,,,
forward_run,4,S_FB,29,2,2,0,0,0,0,False,,,,,
forward_run,4,S_FB,29,2,2,1,0,0,0,False,,,,,
forward_run,4,S_FB,29,2,2,2,0,0,0,False,,,,,
forward_run,4,S_FB,43,1,0,0,297,0,0,False,,,,,
forward_run,4,S_FB,43,1,0,1,340,0,0,False,,,,,
forward_run,4,S_FB,43,1,0,2,303,0,0,False,,,,,
forward_run,4,S_FB,43,1,1,0,297,0,0,False,,,,,
forward_run,4,S_FB,43,1,1,1,364,0,0,False,,,,,
forward_run,4,S_FB,43,1,1,2,182,0,0,False,,,,,
forward_run,4,S_FB,43,1,2,0,319,0,0,False,,,,,
forward_run,4,S_FB,43,1,2,1,350,0,0,False,,,,,
forward_run,4,S_FB,43,1,2,2,201,0,0,False,,,,,
forward_run,4,S_FB,43,2,0,0,0,0,0,False,,,,,
forward_run,4,S_FB,43,2,0,1,0,0,0,False,,,,,
forward_run,4,S_FB,43,2,0,2,0,0,0,False,,,,,
forward_run,4,S_FB,43,2,1,0,0,0,0,False,,,,,
forward_run,4,S_FB,43,2,1,1,0,0,0,False,,,,,
forward_run,4,S_FB,43,2,1,2,0,0,0,False,,,,,
forward_run,4,S_FB,43,2,2,0,0,0,0,False,,,,,
forward_run,4,S_FB,43,2,2,1,0,0,0,False,,,,,
forward_run,4,S_FB,43,2,2,2,0,0,0,False,,,,,
forward_run,4,SH_FB,17,1,0,0,297,0,0,False,,,,,
forward_run,4,SH_FB,17,1,0,1,340,0,0,False,,,,,
forward_run,4,SH_FB,17,1,0,2,303,0,0,False,,,,,
forward_run,4,SH_FB,17,1,1,0,297,0,0,False,,,,,
forward_run,4,SH_FB,17,1,1,1,364,0,0,False,,,,,
forward_run,4,SH_FB,17,1,1,2,182,0,0,False,,,,,
forward_run,4,SH_FB,17,1,2,0,319,0,0,False,,,,,
forward_run,4,SH_FB,17,1,2,1,350,0,0,False,,,,,
forward_run,4,SH_FB,17,1,2,2,201,0,0,False,,,,,
forward_run,4,SH_FB,17,2,0,0,0,0,0,False,,,,,
forward_run,4,SH_FB,17,2,0,1,0,0,0,False,,,,,
forward_run,4,SH_FB,17,2,0,2,0,0,0,False,,,,,
forward_run,4,SH_FB,17,2,1,0,0,0,0,False,,,,,
forward_run,4,SH_FB,17,2,1,1,0,0,0,False,,,,,
forward_run,4,SH_FB,17,2,1,2,0,0,0,False,,,,,
forward_run,4,SH_FB,17,2,2,0,0,0,0,False,,,,,
forward_run,4,SH_FB,17,2,2,1,0,0,0,False,,,,,
forward_run,4,SH_FB,17,2,2,2,0,0,0,False,,,,,
forward_run,4,SH_FB,29,1,0,0,297,0,0,False,,,,,
forward_run,4,SH_FB,29,1,0,1,340,0,0,False,,,,,
forward_run,4,SH_FB,29,1,0,2,303,0,0,False,,,,,
forward_run,4,SH_FB,29,1,1,0,297,0,0,False,,,,,
forward_run,4,SH_FB,29,1,1,1,364,0,0,False,,,,,
forward_run,4,SH_FB,29,1,1,2,182,0,0,False,,,,,
forward_run,4,SH_FB,29,1,2,0,319,0,0,False,,,,,
forward_run,4,SH_FB,29,1,2,1,350,0,0,False,,,,,
forward_run,4,SH_FB,29,1,2,2,201,0,0,False,,,,,
forward_run,4,SH_FB,29,2,0,0,0,0,0,False,,,,,
forward_run,4,SH_FB,29,2,0,1,0,0,0,False,,,,,
forward_run,4,SH_FB,29,2,0,2,0,0,0,False,,,,,
forward_run,4,SH_FB,29,2,1,0,0,0,0,False,,,,,
forward_run,4,SH_FB,29,2,1,1,0,0,0,False,,,,,
forward_run,4,SH_FB,29,2,1,2,0,0,0,False,,,,,
forward_run,4,SH_FB,29,2,2,0,0,0,0,False,,,,,
forward_run,4,SH_FB,29,2,2,1,0,0,0,False,,,,,
forward_run,4,SH_FB,29,2,2,2,0,0,0,False,,,,,
forward_run,4,SH_FB,43,1,0,0,297,0,0,False,,,,,
forward_run,4,SH_FB,43,1,0,1,340,0,0,False,,,,,
forward_run,4,SH_FB,43,1,0,2,303,0,0,False,,,,,
forward_run,4,SH_FB,43,1,1,0,297,0,0,False,,,,,
forward_run,4,SH_FB,43,1,1,1,364,0,0,False,,,,,
forward_run,4,SH_FB,43,1,1,2,182,0,0,False,,,,,
forward_run,4,SH_FB,43,1,2,0,319,0,0,False,,,,,
forward_run,4,SH_FB,43,1,2,1,350,0,0,False,,,,,
forward_run,4,SH_FB,43,1,2,2,201,0,0,False,,,,,
forward_run,4,SH_FB,43,2,0,0,0,0,0,False,,,,,
forward_run,4,SH_FB,43,2,0,1,0,0,0,False,,,,,
forward_run,4,SH_FB,43,2,0,2,0,0,0,False,,,,,
forward_run,4,SH_FB,43,2,1,0,0,0,0,False,,,,,
forward_run,4,SH_FB,43,2,1,1,0,0,0,False,,,,,
forward_run,4,SH_FB,43,2,1,2,0,0,0,False,,,,,
forward_run,4,SH_FB,43,2,2,0,0,0,0,False,,,,,
forward_run,4,SH_FB,43,2,2,1,0,0,0,False,,,,,
forward_run,4,SH_FB,43,2,2,2,0,0,0,False,,,,,
forward_run,6,S,17,1,0,0,237,0,0,False,,,,,
forward_run,6,S,17,1,0,1,451,0,0,False,,,,,
forward_run,6,S,17,1,0,2,402,0,0,False,,,,,
forward_run,6,S,17,1,1,0,274,0,0,False,,,,,
forward_run,6,S,17,1,1,1,493,0,0,False,,,,,
forward_run,6,S,17,1,1,2,322,0,0,False,,,,,
forward_run,6,S,17,1,2,0,86,0,0,False,,,,,
forward_run,6,S,17,1,2,1,214,0,0,False,,,,,
forward_run,6,S,17,1,2,2,174,0,0,False,,,,,
forward_run,6,S,17,2,0,0,0,0,0,False,,,,,
forward_run,6,S,17,2,0,1,0,0,0,False,,,,,
forward_run,6,S,17,2,0,2,0,0,0,False,,,,,
forward_run,6,S,17,2,1,0,0,0,0,False,,,,,
forward_run,6,S,17,2,1,1,0,0,0,False,,,,,
forward_run,6,S,17,2,1,2,0,0,0,False,,,,,
forward_run,6,S,17,2,2,0,600,635,153,True,0.25786982962728466,0.4770360426328208,0.0,152.0,0.0
forward_run,6,S,17,2,2,1,0,0,0,False,,,,,
forward_run,6,S,17,2,2,2,0,0,0,False,,,,,
forward_run,6,S,29,1,0,0,237,0,0,False,,,,,
forward_run,6,S,29,1,0,1,451,0,0,False,,,,,
forward_run,6,S,29,1,0,2,402,0,0,False,,,,,
forward_run,6,S,29,1,1,0,274,0,0,False,,,,,
forward_run,6,S,29,1,1,1,493,0,0,False,,,,,
forward_run,6,S,29,1,1,2,322,0,0,False,,,,,
forward_run,6,S,29,1,2,0,86,0,0,False,,,,,
forward_run,6,S,29,1,2,1,214,0,0,False,,,,,
forward_run,6,S,29,1,2,2,174,0,0,False,,,,,
forward_run,6,S,29,2,0,0,0,0,0,False,,,,,
forward_run,6,S,29,2,0,1,0,0,0,False,,,,,
forward_run,6,S,29,2,0,2,0,0,0,False,,,,,
forward_run,6,S,29,2,1,0,0,0,0,False,,,,,
forward_run,6,S,29,2,1,1,0,0,0,False,,,,,
forward_run,6,S,29,2,1,2,0,0,0,False,,,,,
forward_run,6,S,29,2,2,0,600,635,153,True,0.25786982962728466,0.4770360426328208,0.0,152.0,0.0
forward_run,6,S,29,2,2,1,0,0,0,False,,,,,
forward_run,6,S,29,2,2,2,0,0,0,False,,,,,
forward_run,6,S,43,1,0,0,237,0,0,False,,,,,
forward_run,6,S,43,1,0,1,451,0,0,False,,,,,
forward_run,6,S,43,1,0,2,402,0,0,False,,,,,
forward_run,6,S,43,1,1,0,274,0,0,False,,,,,
forward_run,6,S,43,1,1,1,493,0,0,False,,,,,
forward_run,6,S,43,1,1,2,322,0,0,False,,,,,
forward_run,6,S,43,1,2,0,86,0,0,False,,,,,
forward_run,6,S,43,1,2,1,214,0,0,False,,,,,
forward_run,6,S,43,1,2,2,174,0,0,False,,,,,
forward_run,6,S,43,2,0,0,0,0,0,False,,,,,
forward_run,6,S,43,2,0,1,0,0,0,False,,,,,
forward_run,6,S,43,2,0,2,0,0,0,False,,,,,
forward_run,6,S,43,2,1,0,0,0,0,False,,,,,
forward_run,6,S,43,2,1,1,0,0,0,False,,,,,
forward_run,6,S,43,2,1,2,0,0,0,False,,,,,
forward_run,6,S,43,2,2,0,600,635,153,True,0.25786982962728466,0.4770360426328208,0.0,152.0,0.0
forward_run,6,S,43,2,2,1,0,0,0,False,,,,,
forward_run,6,S,43,2,2,2,0,0,0,False,,,,,
forward_run,6,SH,17,1,0,0,237,0,0,False,,,,,
forward_run,6,SH,17,1,0,1,451,0,0,False,,,,,
forward_run,6,SH,17,1,0,2,402,0,0,False,,,,,
forward_run,6,SH,17,1,1,0,274,0,0,False,,,,,
forward_run,6,SH,17,1,1,1,493,0,0,False,,,,,
forward_run,6,SH,17,1,1,2,322,0,0,False,,,,,
forward_run,6,SH,17,1,2,0,86,0,0,False,,,,,
forward_run,6,SH,17,1,2,1,214,0,0,False,,,,,
forward_run,6,SH,17,1,2,2,174,0,0,False,,,,,
forward_run,6,SH,17,2,0,0,0,0,0,False,,,,,
forward_run,6,SH,17,2,0,1,0,0,0,False,,,,,
forward_run,6,SH,17,2,0,2,0,0,0,False,,,,,
forward_run,6,SH,17,2,1,0,0,0,0,False,,,,,
forward_run,6,SH,17,2,1,1,0,0,0,False,,,,,
forward_run,6,SH,17,2,1,2,0,0,0,False,,,,,
forward_run,6,SH,17,2,2,0,600,635,153,True,0.25821831818201624,0.480093835597863,0.0,152.0,0.0
forward_run,6,SH,17,2,2,1,0,0,0,False,,,,,
forward_run,6,SH,17,2,2,2,0,0,0,False,,,,,
forward_run,6,SH,29,1,0,0,237,0,0,False,,,,,
forward_run,6,SH,29,1,0,1,451,0,0,False,,,,,
forward_run,6,SH,29,1,0,2,402,0,0,False,,,,,
forward_run,6,SH,29,1,1,0,274,0,0,False,,,,,
forward_run,6,SH,29,1,1,1,493,0,0,False,,,,,
forward_run,6,SH,29,1,1,2,322,0,0,False,,,,,
forward_run,6,SH,29,1,2,0,86,0,0,False,,,,,
forward_run,6,SH,29,1,2,1,214,0,0,False,,,,,
forward_run,6,SH,29,1,2,2,174,0,0,False,,,,,
forward_run,6,SH,29,2,0,0,0,0,0,False,,,,,
forward_run,6,SH,29,2,0,1,0,0,0,False,,,,,
forward_run,6,SH,29,2,0,2,0,0,0,False,,,,,
forward_run,6,SH,29,2,1,0,0,0,0,False,,,,,
forward_run,6,SH,29,2,1,1,0,0,0,False,,,,,
forward_run,6,SH,29,2,1,2,0,0,0,False,,,,,
forward_run,6,SH,29,2,2,0,600,635,153,True,0.25821831818201624,0.480093835597863,0.0,152.0,0.0
forward_run,6,SH,29,2,2,1,0,0,0,False,,,,,
forward_run,6,SH,29,2,2,2,0,0,0,False,,,,,
forward_run,6,SH,43,1,0,0,237,0,0,False,,,,,
forward_run,6,SH,43,1,0,1,451,0,0,False,,,,,
forward_run,6,SH,43,1,0,2,402,0,0,False,,,,,
forward_run,6,SH,43,1,1,0,274,0,0,False,,,,,
forward_run,6,SH,43,1,1,1,493,0,0,False,,,,,
forward_run,6,SH,43,1,1,2,322,0,0,False,,,,,
forward_run,6,SH,43,1,2,0,86,0,0,False,,,,,
forward_run,6,SH,43,1,2,1,214,0,0,False,,,,,
forward_run,6,SH,43,1,2,2,174,0,0,False,,,,,
forward_run,6,SH,43,2,0,0,0,0,0,False,,,,,
forward_run,6,SH,43,2,0,1,0,0,0,False,,,,,
forward_run,6,SH,43,2,0,2,0,0,0,False,,,,,
forward_run,6,SH,43,2,1,0,0,0,0,False,,,,,
forward_run,6,SH,43,2,1,1,0,0,0,False,,,,,
forward_run,6,SH,43,2,1,2,0,0,0,False,,,,,
forward_run,6,SH,43,2,2,0,600,635,153,True,0.25821831818201624,0.480093835597863,0.0,152.0,0.0
forward_run,6,SH,43,2,2,1,0,0,0,False,,,,,
forward_run,6,SH,43,2,2,2,0,0,0,False,,,,,
forward_run,6,S_FB,17,1,0,0,237,0,0,False,,,,,
forward_run,6,S_FB,17,1,0,1,451,0,0,False,,,,,
forward_run,6,S_FB,17,1,0,2,402,0,0,False,,,,,
forward_run,6,S_FB,17,1,1,0,274,0,0,False,,,,,
forward_run,6,S_FB,17,1,1,1,493,0,0,False,,,,,
forward_run,6,S_FB,17,1,1,2,322,0,0,False,,,,,
forward_run,6,S_FB,17,1,2,0,86,0,0,False,,,,,
forward_run,6,S_FB,17,1,2,1,214,0,0,False,,,,,
forward_run,6,S_FB,17,1,2,2,174,0,0,False,,,,,
forward_run,6,S_FB,17,2,0,0,0,0,0,False,,,,,
forward_run,6,S_FB,17,2,0,1,0,0,0,False,,,,,
forward_run,6,S_FB,17,2,0,2,0,0,0,False,,,,,
forward_run,6,S_FB,17,2,1,0,0,0,0,False,,,,,
forward_run,6,S_FB,17,2,1,1,0,0,0,False,,,,,
forward_run,6,S_FB,17,2,1,2,0,0,0,False,,,,,
forward_run,6,S_FB,17,2,2,0,600,635,153,True,0.27148859933962155,0.5130854554823312,0.0,152.0,0.0
forward_run,6,S_FB,17,2,2,1,0,0,0,False,,,,,
forward_run,6,S_FB,17,2,2,2,0,0,0,False,,,,,
forward_run,6,S_FB,29,1,0,0,237,0,0,False,,,,,
forward_run,6,S_FB,29,1,0,1,451,0,0,False,,,,,
forward_run,6,S_FB,29,1,0,2,402,0,0,False,,,,,
forward_run,6,S_FB,29,1,1,0,274,0,0,False,,,,,
forward_run,6,S_FB,29,1,1,1,493,0,0,False,,,,,
forward_run,6,S_FB,29,1,1,2,322,0,0,False,,,,,
forward_run,6,S_FB,29,1,2,0,86,0,0,False,,,,,
forward_run,6,S_FB,29,1,2,1,214,0,0,False,,,,,
forward_run,6,S_FB,29,1,2,2,174,0,0,False,,,,,
forward_run,6,S_FB,29,2,0,0,0,0,0,False,,,,,
forward_run,6,S_FB,29,2,0,1,0,0,0,False,,,,,
forward_run,6,S_FB,29,2,0,2,0,0,0,False,,,,,
forward_run,6,S_FB,29,2,1,0,0,0,0,False,,,,,
forward_run,6,S_FB,29,2,1,1,0,0,0,False,,,,,
forward_run,6,S_FB,29,2,1,2,0,0,0,False,,,,,
forward_run,6,S_FB,29,2,2,0,600,635,153,True,0.27148859933962155,0.5130854554823312,0.0,152.0,0.0
forward_run,6,S_FB,29,2,2,1,0,0,0,False,,,,,
forward_run,6,S_FB,29,2,2,2,0,0,0,False,,,,,
forward_run,6,S_FB,43,1,0,0,237,0,0,False,,,,,
forward_run,6,S_FB,43,1,0,1,451,0,0,False,,,,,
forward_run,6,S_FB,43,1,0,2,402,0,0,False,,,,,
forward_run,6,S_FB,43,1,1,0,274,0,0,False,,,,,
forward_run,6,S_FB,43,1,1,1,493,0,0,False,,,,,
forward_run,6,S_FB,43,1,1,2,322,0,0,False,,,,,
forward_run,6,S_FB,43,1,2,0,86,0,0,False,,,,,
forward_run,6,S_FB,43,1,2,1,214,0,0,False,,,,,
forward_run,6,S_FB,43,1,2,2,174,0,0,False,,,,,
forward_run,6,S_FB,43,2,0,0,0,0,0,False,,,,,
forward_run,6,S_FB,43,2,0,1,0,0,0,False,,,,,
forward_run,6,S_FB,43,2,0,2,0,0,0,False,,,,,
forward_run,6,S_FB,43,2,1,0,0,0,0,False,,,,,
forward_run,6,S_FB,43,2,1,1,0,0,0,False,,,,,
forward_run,6,S_FB,43,2,1,2,0,0,0,False,,,,,
forward_run,6,S_FB,43,2,2,0,600,635,153,True,0.27148859933962155,0.5130854554823312,0.0,152.0,0.0
forward_run,6,S_FB,43,2,2,1,0,0,0,False,,,,,
forward_run,6,S_FB,43,2,2,2,0,0,0,False,,,,,
forward_run,6,SH_FB,17,1,0,0,237,0,0,False,,,,,
forward_run,6,SH_FB,17,1,0,1,451,0,0,False,,,,,
forward_run,6,SH_FB,17,1,0,2,402,0,0,False,,,,,
forward_run,6,SH_FB,17,1,1,0,274,0,0,False,,,,,
forward_run,6,SH_FB,17,1,1,1,493,0,0,False,,,,,
forward_run,6,SH_FB,17,1,1,2,322,0,0,False,,,,,
forward_run,6,SH_FB,17,1,2,0,86,0,0,False,,,,,
forward_run,6,SH_FB,17,1,2,1,214,0,0,False,,,,,
forward_run,6,SH_FB,17,1,2,2,174,0,0,False,,,,,
forward_run,6,SH_FB,17,2,0,0,0,0,0,False,,,,,
forward_run,6,SH_FB,17,2,0,1,0,0,0,False,,,,,
forward_run,6,SH_FB,17,2,0,2,0,0,0,False,,,,,
forward_run,6,SH_FB,17,2,1,0,0,0,0,False,,,,,
forward_run,6,SH_FB,17,2,1,1,0,0,0,False,,,,,
forward_run,6,SH_FB,17,2,1,2,0,0,0,False,,,,,
forward_run,6,SH_FB,17,2,2,0,600,635,153,True,0.27144269704666274,0.5151872643940011,0.0,152.0,0.0
forward_run,6,SH_FB,17,2,2,1,0,0,0,False,,,,,
forward_run,6,SH_FB,17,2,2,2,0,0,0,False,,,,,
forward_run,6,SH_FB,29,1,0,0,237,0,0,False,,,,,
forward_run,6,SH_FB,29,1,0,1,451,0,0,False,,,,,
forward_run,6,SH_FB,29,1,0,2,402,0,0,False,,,,,
forward_run,6,SH_FB,29,1,1,0,274,0,0,False,,,,,
forward_run,6,SH_FB,29,1,1,1,493,0,0,False,,,,,
forward_run,6,SH_FB,29,1,1,2,322,0,0,False,,,,,
forward_run,6,SH_FB,29,1,2,0,86,0,0,False,,,,,
forward_run,6,SH_FB,29,1,2,1,214,0,0,False,,,,,
forward_run,6,SH_FB,29,1,2,2,174,0,0,False,,,,,
forward_run,6,SH_FB,29,2,0,0,0,0,0,False,,,,,
forward_run,6,SH_FB,29,2,0,1,0,0,0,False,,,,,
forward_run,6,SH_FB,29,2,0,2,0,0,0,False,,,,,
forward_run,6,SH_FB,29,2,1,0,0,0,0,False,,,,,
forward_run,6,SH_FB,29,2,1,1,0,0,0,False,,,,,
forward_run,6,SH_FB,29,2,1,2,0,0,0,False,,,,,
forward_run,6,SH_FB,29,2,2,0,600,635,153,True,0.27144269704666274,0.5151872643940011,0.0,152.0,0.0
forward_run,6,SH_FB,29,2,2,1,0,0,0,False,,,,,
forward_run,6,SH_FB,29,2,2,2,0,0,0,False,,,,,
forward_run,6,SH_FB,43,1,0,0,237,0,0,False,,,,,
forward_run,6,SH_FB,43,1,0,1,451,0,0,False,,,,,
forward_run,6,SH_FB,43,1,0,2,402,0,0,False,,,,,
forward_run,6,SH_FB,43,1,1,0,274,0,0,False,,,,,
forward_run,6,SH_FB,43,1,1,1,493,0,0,False,,,,,
forward_run,6,SH_FB,43,1,1,2,322,0,0,False,,,,,
forward_run,6,SH_FB,43,1,2,0,86,0,0,False,,,,,
forward_run,6,SH_FB,43,1,2,1,214,0,0,False,,,,,
forward_run,6,SH_FB,43,1,2,2,174,0,0,False,,,,,
forward_run,6,SH_FB,43,2,0,0,0,0,0,False,,,,,
forward_run,6,SH_FB,43,2,0,1,0,0,0,False,,,,,
forward_run,6,SH_FB,43,2,0,2,0,0,0,False,,,,,
forward_run,6,SH_FB,43,2,1,0,0,0,0,False,,,,,
forward_run,6,SH_FB,43,2,1,1,0,0,0,False,,,,,
forward_run,6,SH_FB,43,2,1,2,0,0,0,False,,,,,
forward_run,6,SH_FB,43,2,2,0,600,635,153,True,0.27144269704666274,0.5151872643940011,0.0,152.0,0.0
forward_run,6,SH_FB,43,2,2,1,0,0,0,False,,,,,
forward_run,6,SH_FB,43,2,2,2,0,0,0,False,,,,,
