scheme,fold,representation,seed,product,x_bin,y_bin,train_n,test_n,test_positive,supported,ap,auc,fp,fn,fpr,model,anchors,interaction_score_mean,interaction_score_abs_mean,interaction_logodds_mean,x_low,x_high,y_low,y_high
within_run,primary,S,17,1,0,1,397,126,20,True,0.22529570210398583,0.6596698113207548,19,15,0.1792452830188679,logistic,32,2.815543309708443e-05,2.8189701558694463e-05,7.589415207398531e-18,2.115,2.132,1037.0,1039.0
within_run,primary,S,17,1,0,2,486,236,51,True,0.4843946767564512,0.789401165871754,10,40,0.05405405405405406,logistic,32,0.0017192002463314766,0.001719415610826728,-8.933825901280557e-17,2.111,2.132,1052.0,1137.0
within_run,primary,S,17,1,1,1,327,148,33,True,0.5944185082799031,0.8181818181818182,2,26,0.017391304347826087,logistic,32,3.401525768417096e-05,3.401525768417096e-05,9.8879238130678e-17,2.147,2.159,1037.0,1040.0
within_run,primary,S,17,1,1,2,272,287,54,True,0.5000362944951804,0.8104037513908758,0,50,0.0,logistic,32,2.9954140419726633e-05,2.9954140419726633e-05,1.734723475976807e-18,2.146,2.159,1052.0,1054.25
within_run,primary,S,17,2,1,0,240,185,53,True,0.42498145229558193,0.5567467124070898,7,45,0.05303030303030303,logistic,32,8.445439975347108e-06,8.445439975347108e-06,-1.214306433183765e-17,2.50375,2.514,595.0,596.0
within_run,primary,S,17,2,2,0,809,376,56,True,0.23443408594966092,0.5688337053571428,2,54,0.00625,logistic,32,0.00019492462356428004,0.00019492462356428004,3.9898639947466563e-17,2.526,2.702,595.0,596.0
within_run,primary,S,29,1,0,1,397,126,20,True,0.22529570210398583,0.6596698113207548,19,15,0.1792452830188679,logistic,32,2.815543309708443e-05,2.8189701558694463e-05,7.589415207398531e-18,2.115,2.132,1037.0,1039.0
within_run,primary,S,29,1,0,2,486,236,51,True,0.4843946767564512,0.789401165871754,10,40,0.05405405405405406,logistic,32,0.0017192002463314766,0.001719415610826728,-8.933825901280557e-17,2.111,2.132,1052.0,1137.0
within_run,primary,S,29,1,1,1,327,148,33,True,0.5944185082799031,0.8181818181818182,2,26,0.017391304347826087,logistic,32,3.401525768417096e-05,3.401525768417096e-05,9.8879238130678e-17,2.147,2.159,1037.0,1040.0
within_run,primary,S,29,1,1,2,272,287,54,True,0.5000362944951804,0.8104037513908758,0,50,0.0,logistic,32,2.9954140419726633e-05,2.9954140419726633e-05,1.734723475976807e-18,2.146,2.159,1052.0,1054.25
within_run,primary,S,29,2,1,0,240,185,53,True,0.42498145229558193,0.5567467124070898,7,45,0.05303030303030303,logistic,32,8.445439975347108e-06,8.445439975347108e-06,-1.214306433183765e-17,2.50375,2.514,595.0,596.0
within_run,primary,S,29,2,2,0,809,376,56,True,0.23443408594966092,0.5688337053571428,2,54,0.00625,logistic,32,0.00019492462356428004,0.00019492462356428004,3.9898639947466563e-17,2.526,2.702,595.0,596.0
within_run,primary,S,43,1,0,1,397,126,20,True,0.22529570210398583,0.6596698113207548,19,15,0.1792452830188679,logistic,32,2.815543309708443e-05,2.8189701558694463e-05,7.589415207398531e-18,2.115,2.132,1037.0,1039.0
within_run,primary,S,43,1,0,2,486,236,51,True,0.4843946767564512,0.789401165871754,10,40,0.05405405405405406,logistic,32,0.0017192002463314766,0.001719415610826728,-8.933825901280557e-17,2.111,2.132,1052.0,1137.0
within_run,primary,S,43,1,1,1,327,148,33,True,0.5944185082799031,0.8181818181818182,2,26,0.017391304347826087,logistic,32,3.401525768417096e-05,3.401525768417096e-05,9.8879238130678e-17,2.147,2.159,1037.0,1040.0
within_run,primary,S,43,1,1,2,272,287,54,True,0.5000362944951804,0.8104037513908758,0,50,0.0,logistic,32,2.9954140419726633e-05,2.9954140419726633e-05,1.734723475976807e-18,2.146,2.159,1052.0,1054.25
within_run,primary,S,43,2,1,0,240,185,53,True,0.42498145229558193,0.5567467124070898,7,45,0.05303030303030303,logistic,32,8.445439975347108e-06,8.445439975347108e-06,-1.214306433183765e-17,2.50375,2.514,595.0,596.0
within_run,primary,S,43,2,2,0,809,376,56,True,0.23443408594966092,0.5688337053571428,2,54,0.00625,logistic,32,0.00019492462356428004,0.00019492462356428004,3.9898639947466563e-17,2.526,2.702,595.0,596.0
within_run,primary,SH,17,1,0,1,397,126,20,True,0.19192922909753624,0.6058962264150943,9,20,0.08490566037735849,random_forest,32,0.0006761650475783686,0.0010687875966838246,0.007984300714072204,2.115,2.132,1037.0,1039.0
within_run,primary,SH,17,1,0,2,486,236,51,True,0.4009062376048146,0.7575516693163752,11,41,0.05945945945945946,random_forest,32,-0.0062855393235017685,0.006488911346219222,-0.019536052127665755,2.111,2.132,1052.0,1137.0
within_run,primary,SH,17,1,1,1,327,148,33,True,0.4952840085900422,0.8002635046113307,5,25,0.043478260869565216,random_forest,32,0.0003565349900169351,0.0003759419331220582,0.001625322657460604,2.147,2.159,1037.0,1040.0
within_run,primary,SH,17,1,1,2,272,287,54,True,0.3749678100499431,0.7742012398664759,14,46,0.060085836909871244,random_forest,32,8.673617379884035e-19,4.2500725161431774e-17,4.774148643914213e-06,2.146,2.159,1052.0,1054.25
within_run,primary,SH,17,2,1,0,240,185,53,True,0.3167975351250374,0.49528301886792453,2,52,0.015151515151515152,random_forest,32,-0.0016738275676585783,0.0016738275676585783,-0.0056937820261171775,2.50375,2.514,595.0,596.0
within_run,primary,SH,17,2,2,0,809,376,56,True,0.20683195628691348,0.6542131696428571,0,56,0.0,random_forest,32,0.009744383060964241,0.009744383060964241,0.057367023848267945,2.526,2.702,595.0,596.0
within_run,primary,SH,29,1,0,1,397,126,20,True,0.20170624879418889,0.6259433962264151,11,19,0.10377358490566038,random_forest,32,4.5264365920108605e-05,0.0008408562192997976,0.0034683816411891235,2.115,2.132,1037.0,1039.0
within_run,primary,SH,29,1,0,2,486,236,51,True,0.41519354842796646,0.7621091679915208,11,40,0.05945945945945946,random_forest,32,-0.007749128295179471,0.007879059684909456,-0.023016536984785254,2.111,2.132,1052.0,1137.0
within_run,primary,SH,29,1,1,1,327,148,33,True,0.49890089414755845,0.7876152832674572,5,24,0.043478260869565216,random_forest,32,0.00018279858937611092,0.0003224554569741791,0.0005963691108036021,2.147,2.159,1037.0,1040.0
within_run,primary,SH,29,1,1,2,272,287,54,True,0.36318985850944097,0.7687569543792719,13,46,0.055793991416309016,random_forest,32,0.0013770734345153668,0.0013770734345153702,0.006051205762949758,2.146,2.159,1052.0,1054.25
within_run,primary,SH,29,2,1,0,240,185,53,True,0.3188498460181475,0.4921383647798742,2,52,0.015151515151515152,random_forest,32,-0.0017081820406847576,0.0017225498567767237,-0.005309178190388472,2.50375,2.514,595.0,596.0
within_run,primary,SH,29,2,2,0,809,376,56,True,0.2148080869351807,0.6632533482142856,0,56,0.0,random_forest,32,0.013745408966212468,0.013745408966212468,0.08191455827901485,2.526,2.702,595.0,596.0
within_run,primary,SH,43,1,0,1,397,126,20,True,0.1965436658561864,0.621933962264151,10,20,0.09433962264150944,random_forest,32,-0.000386838679764411,0.001263696580148366,0.003012655233179683,2.115,2.132,1037.0,1039.0
within_run,primary,SH,43,1,0,2,486,236,51,True,0.41369078991341096,0.7647588765235823,11,42,0.05945945945945946,random_forest,32,-0.0077883304162582765,0.00796307977698961,-0.027985567254587312,2.111,2.132,1052.0,1137.0
within_run,primary,SH,43,1,1,1,327,148,33,True,0.4978355919838331,0.7818181818181819,5,26,0.043478260869565216,random_forest,32,-0.0003706885258535405,0.0005445549474221798,-0.0019588185810113746,2.147,2.159,1037.0,1040.0
within_run,primary,SH,43,1,1,2,272,287,54,True,0.3629875819052022,0.7697504371324113,9,48,0.03862660944206009,random_forest,32,0.0006671716501834759,0.0007475921162422346,0.0031907380973287902,2.146,2.159,1052.0,1054.25
within_run,primary,SH,43,2,1,0,240,185,53,True,0.30341155379328244,0.4821326472269868,2,52,0.015151515151515152,random_forest,32,-0.002396792247308493,0.002396792247308493,-0.010882360724845972,2.50375,2.514,595.0,596.0
within_run,primary,SH,43,2,2,0,809,376,56,True,0.20608920245950285,0.6553292410714285,1,56,0.003125,random_forest,32,0.010986164206298665,0.010986164206298665,0.09468136590988821,2.526,2.702,595.0,596.0
within_run,primary,S_FB,17,1,0,1,397,126,20,True,0.24581474364479497,0.660377358490566,24,15,0.22641509433962265,logistic,32,5.144681680663635e-06,5.436022105330743e-06,-3.599551212651875e-17,2.115,2.132,1037.0,1039.0
within_run,primary,S_FB,17,1,0,2,486,236,51,True,0.435635787128233,0.7747747747747747,22,33,0.11891891891891893,logistic,32,0.00030811618207489486,0.00030811618207489486,-7.719519468096792e-17,2.111,2.132,1052.0,1137.0
within_run,primary,S_FB,17,1,1,1,327,148,33,True,0.5329407102412177,0.807905138339921,8,20,0.06956521739130435,logistic,32,6.1962768124184525e-06,6.1962768124184525e-06,1.973247953923618e-17,2.147,2.159,1037.0,1040.0
within_run,primary,S_FB,17,1,1,2,272,287,54,True,0.4098849412313908,0.8032904148783977,22,36,0.0944206008583691,logistic,32,3.873887566739013e-06,4.224015451382516e-06,-3.920068479892902e-17,2.146,2.159,1052.0,1054.25
within_run,primary,S_FB,17,2,1,0,240,185,53,True,0.5088003081616699,0.6849628359062321,15,35,0.11363636363636363,logistic,32,1.569248431581606e-06,1.6074762254772793e-06,-4.380176776841438e-17,2.50375,2.514,595.0,596.0
within_run,primary,S_FB,17,2,2,0,809,376,56,True,0.2841960173605318,0.6184709821428572,11,48,0.034375,logistic,32,3.147441586281606e-05,3.147441586281606e-05,6.245004513516506e-17,2.526,2.702,595.0,596.0
within_run,primary,S_FB,29,1,0,1,397,126,20,True,0.24581474364479497,0.660377358490566,24,15,0.22641509433962265,logistic,32,5.144681680663635e-06,5.436022105330743e-06,-3.599551212651875e-17,2.115,2.132,1037.0,1039.0
within_run,primary,S_FB,29,1,0,2,486,236,51,True,0.435635787128233,0.7747747747747747,22,33,0.11891891891891893,logistic,32,0.00030811618207489486,0.00030811618207489486,-7.719519468096792e-17,2.111,2.132,1052.0,1137.0
within_run,primary,S_FB,29,1,1,1,327,148,33,True,0.5329407102412177,0.807905138339921,8,20,0.06956521739130435,logistic,32,6.1962768124184525e-06,6.1962768124184525e-06,1.973247953923618e-17,2.147,2.159,1037.0,1040.0
within_run,primary,S_FB,29,1,1,2,272,287,54,True,0.4098849412313908,0.8032904148783977,22,36,0.0944206008583691,logistic,32,3.873887566739013e-06,4.224015451382516e-06,-3.920068479892902e-17,2.146,2.159,1052.0,1054.25
within_run,primary,S_FB,29,2,1,0,240,185,53,True,0.5088003081616699,0.6849628359062321,15,35,0.11363636363636363,logistic,32,1.569248431581606e-06,1.6074762254772793e-06,-4.380176776841438e-17,2.50375,2.514,595.0,596.0
within_run,primary,S_FB,29,2,2,0,809,376,56,True,0.2841960173605318,0.6184709821428572,11,48,0.034375,logistic,32,3.147441586281606e-05,3.147441586281606e-05,6.245004513516506e-17,2.526,2.702,595.0,596.0
within_run,primary,S_FB,43,1,0,1,397,126,20,True,0.24581474364479497,0.660377358490566,24,15,0.22641509433962265,logistic,32,5.144681680663635e-06,5.436022105330743e-06,-3.599551212651875e-17,2.115,2.132,1037.0,1039.0
within_run,primary,S_FB,43,1,0,2,486,236,51,True,0.435635787128233,0.7747747747747747,22,33,0.11891891891891893,logistic,32,0.00030811618207489486,0.00030811618207489486,-7.719519468096792e-17,2.111,2.132,1052.0,1137.0
within_run,primary,S_FB,43,1,1,1,327,148,33,True,0.5329407102412177,0.807905138339921,8,20,0.06956521739130435,logistic,32,6.1962768124184525e-06,6.1962768124184525e-06,1.973247953923618e-17,2.147,2.159,1037.0,1040.0
within_run,primary,S_FB,43,1,1,2,272,287,54,True,0.4098849412313908,0.8032904148783977,22,36,0.0944206008583691,logistic,32,3.873887566739013e-06,4.224015451382516e-06,-3.920068479892902e-17,2.146,2.159,1052.0,1054.25
within_run,primary,S_FB,43,2,1,0,240,185,53,True,0.5088003081616699,0.6849628359062321,15,35,0.11363636363636363,logistic,32,1.569248431581606e-06,1.6074762254772793e-06,-4.380176776841438e-17,2.50375,2.514,595.0,596.0
within_run,primary,S_FB,43,2,2,0,809,376,56,True,0.2841960173605318,0.6184709821428572,11,48,0.034375,logistic,32,3.147441586281606e-05,3.147441586281606e-05,6.245004513516506e-17,2.526,2.702,595.0,596.0
within_run,primary,SH_FB,17,1,0,1,397,126,20,True,0.20995998570725052,0.6337264150943396,11,19,0.10377358490566038,lightgbm,32,-0.0004259686391072529,0.00044845338110896613,6.055269133331542e-17,2.115,2.132,1037.0,1039.0
within_run,primary,SH_FB,17,1,0,2,486,236,51,True,0.39282836125332055,0.7447270800211977,13,41,0.07027027027027027,lightgbm,32,-0.0012470732348910454,0.0013044225353760937,-0.0039908465152620875,2.111,2.132,1052.0,1137.0
within_run,primary,SH_FB,17,1,1,1,327,148,33,True,0.5089205583966305,0.8035573122529643,8,21,0.06956521739130435,lightgbm,32,-8.617793632752224e-06,8.694749176769295e-06,-6.969387090008383e-18,2.147,2.159,1037.0,1040.0
within_run,primary,SH_FB,17,1,1,2,272,287,54,True,0.3815010401464274,0.7787315212207916,13,41,0.055793991416309016,lightgbm,32,-2.789225145758377e-06,2.789225145758377e-06,1.0408340855860843e-17,2.146,2.159,1052.0,1054.25
within_run,primary,SH_FB,17,2,1,0,240,185,53,True,0.4343519695057665,0.6778873642081189,23,31,0.17424242424242425,lightgbm,32,-0.00010886305728590676,0.00013356883127965073,-3.2959746043559335e-17,2.50375,2.514,595.0,596.0
within_run,primary,SH_FB,17,2,2,0,809,376,56,True,0.2540270156402028,0.6207310267857142,20,44,0.0625,lightgbm,32,0.0015604867936032931,0.0016191918362814363,0.010356835751271828,2.526,2.702,595.0,596.0
within_run,primary,SH_FB,29,1,0,1,397,126,20,True,0.21985862025802638,0.6403301886792453,12,19,0.11320754716981132,lightgbm,32,-1.7737761572298588e-05,1.7737761572298588e-05,2.7755575615628914e-17,2.115,2.132,1037.0,1039.0
within_run,primary,SH_FB,29,1,0,2,486,236,51,True,0.3967332124184709,0.7465818759936407,13,42,0.07027027027027027,lightgbm,32,-0.0005154634842399128,0.0005405312678579202,6.288372600415926e-17,2.111,2.132,1052.0,1137.0
within_run,primary,SH_FB,29,1,1,1,327,148,33,True,0.5160349467277517,0.8013175230566536,5,23,0.043478260869565216,lightgbm,32,4.0148817274238136e-08,4.0148817274238136e-08,-1.3877787807814457e-17,2.147,2.159,1037.0,1040.0
within_run,primary,SH_FB,29,1,1,2,272,287,54,True,0.38408200479668453,0.7816722301700842,13,41,0.055793991416309016,lightgbm,32,-1.0884706492927596e-06,1.0884706492927596e-06,0.0,2.146,2.159,1052.0,1054.25
within_run,primary,SH_FB,29,2,1,0,240,185,53,True,0.4291308730924025,0.673885077186964,20,34,0.15151515151515152,lightgbm,32,0.003003697442974949,0.003003697442974949,0.014931220635830971,2.50375,2.514,595.0,596.0
within_run,primary,SH_FB,29,2,2,0,809,376,56,True,0.2564150282253394,0.6197823660714284,18,46,0.05625,lightgbm,32,0.0020683251112611225,0.0020683251112611225,0.019646245237966525,2.526,2.702,595.0,596.0
within_run,primary,SH_FB,43,1,0,1,397,126,20,True,0.2208631833934673,0.6349056603773585,10,19,0.09433962264150944,lightgbm,32,-0.0005927666332133223,0.0006122323768780907,3.7513395167998453e-17,2.115,2.132,1037.0,1039.0
within_run,primary,SH_FB,43,1,0,2,486,236,51,True,0.39711825688632074,0.7351351351351351,10,44,0.05405405405405406,lightgbm,32,-0.0017142055519136648,0.0018721987645198461,-0.004053931696075489,2.111,2.132,1052.0,1137.0
within_run,primary,SH_FB,43,1,1,1,327,148,33,True,0.5058625309723161,0.7989459815546772,5,23,0.043478260869565216,lightgbm,32,-1.5642247486844993e-05,2.774784297810036e-05,-8.456776945386935e-17,2.147,2.159,1037.0,1040.0
within_run,primary,SH_FB,43,1,1,2,272,287,54,True,0.38575793233308825,0.7836989349864886,13,41,0.055793991416309016,lightgbm,32,-2.076465223067696e-06,4.184847329519008e-06,4.85722573273506e-17,2.146,2.159,1052.0,1054.25
within_run,primary,SH_FB,43,2,1,0,240,185,53,True,0.4466736487640807,0.6886792452830188,23,31,0.17424242424242425,lightgbm,32,-0.0015539478991906342,0.0015539478991906342,-0.0060061588045067765,2.50375,2.514,595.0,596.0
within_run,primary,SH_FB,43,2,2,0,809,376,56,True,0.2653371697421019,0.6163225446428572,21,44,0.065625,lightgbm,32,0.002912504267464731,0.002912504267464731,0.023781092656481196,2.526,2.702,595.0,596.0
forward_run,6,S,17,2,2,0,600,635,153,True,0.25786982962728466,0.4770360426328208,0,152,0.0,logistic,32,0.0,0.0,0.0,2.694,2.715,595.0,595.0
forward_run,6,S,29,2,2,0,600,635,153,True,0.25786982962728466,0.4770360426328208,0,152,0.0,logistic,32,0.0,0.0,0.0,2.694,2.715,595.0,595.0
forward_run,6,S,43,2,2,0,600,635,153,True,0.25786982962728466,0.4770360426328208,0,152,0.0,logistic,32,0.0,0.0,0.0,2.694,2.715,595.0,595.0
forward_run,6,SH,17,2,2,0,600,635,153,True,0.25821831818201624,0.480093835597863,0,152,0.0,logistic,32,0.0,0.0,0.0,2.694,2.715,595.0,595.0
forward_run,6,SH,29,2,2,0,600,635,153,True,0.25821831818201624,0.480093835597863,0,152,0.0,logistic,32,0.0,0.0,0.0,2.694,2.715,595.0,595.0
forward_run,6,SH,43,2,2,0,600,635,153,True,0.25821831818201624,0.480093835597863,0,152,0.0,logistic,32,0.0,0.0,0.0,2.694,2.715,595.0,595.0
forward_run,6,S_FB,17,2,2,0,600,635,153,True,0.27148859933962155,0.5130854554823312,0,152,0.0,logistic,32,0.0,0.0,0.0,2.694,2.715,595.0,595.0
forward_run,6,S_FB,29,2,2,0,600,635,153,True,0.27148859933962155,0.5130854554823312,0,152,0.0,logistic,32,0.0,0.0,0.0,2.694,2.715,595.0,595.0
forward_run,6,S_FB,43,2,2,0,600,635,153,True,0.27148859933962155,0.5130854554823312,0,152,0.0,logistic,32,0.0,0.0,0.0,2.694,2.715,595.0,595.0
forward_run,6,SH_FB,17,2,2,0,600,635,153,True,0.27144269704666274,0.5151872643940011,0,152,0.0,logistic,32,0.0,0.0,0.0,2.694,2.715,595.0,595.0
forward_run,6,SH_FB,29,2,2,0,600,635,153,True,0.27144269704666274,0.5151872643940011,0,152,0.0,logistic,32,0.0,0.0,0.0,2.694,2.715,595.0,595.0
forward_run,6,SH_FB,43,2,2,0,600,635,153,True,0.27144269704666274,0.5151872643940011,0,152,0.0,logistic,32,0.0,0.0,0.0,2.694,2.715,595.0,595.0
