row_id,run_id,support,warnings,manual_review
q42_r0_s777,0,486,range:Factory_Temp;range:Factory_Humidity;range:fb_known_count,True
q42_r0_s778,0,397,range:Factory_Temp;range:Factory_Humidity;range:fb_known_count,True
q42_r0_s779,0,397,range:Factory_Temp;range:Factory_Humidity;range:fb_known_count,True
q42_r0_s780,0,327,range:Factory_Temp;range:Factory_Humidity;range:fb_known_count,True
q42_r0_s781,0,327,range:Factory_Temp;range:Factory_Humidity;range:fb_known_count,True
q42_r0_s782,0,272,range:Factory_Temp;range:Factory_Humidity;range:fb_known_count,True
q42_r0_s783,0,272,range:Factory_Temp;range:Factory_Humidity;range:fb_known_count,True
q42_r0_s784,0,327,range:Factory_Temp;range:Factory_Humidity;range:fb_known_count,True
q42_r0_s785,0,272,range:Factory_Temp;range:Factory_Humidity;range:fb_known_count,True
q42_r0_s786,0,397,range:Factory_Temp;range:Factory_Humidity;range:fb_known_count,True
q42_r0_s787,0,486,range:Factory_Temp;range:Factory_Humidity;range:fb_known_count,True
q42_r0_s788,0,397,range:Factory_Temp;range:Factory_Humidity;range:fb_known_count,True
q42_r0_s789,0,486,range:Factory_Temp;range:Factory_Humidity;range:fb_known_count,True
q42_r0_s790,0,397,range:Factory_Temp;range:Factory_Humidity;range:fb_known_count,True
q42_r0_s791,0,272,range:Factory_Temp;range:Factory_Humidity;range:fb_known_count,True
q42_r0_s792,0,486,range:Factory_Temp;range:Factory_Humidity;range:fb_known_count,True
q42_r0_s793,0,272,range:Factory_Temp;range:Factory_Humidity;range:fb_known_count,True
q42_r0_s794,0,397,range:Factory_Temp;range:Factory_Humidity;range:fb_known_count,True
q42_r0_s795,0,272,range:Factory_Temp;range:Factory_Humidity;range:fb_known_count,True
q42_r0_s796,0,272,range:Factory_Temp;range:Factory_Humidity;range:fb_known_count,True
q42_r0_s797,0,486,range:Factory_Temp;range:Factory_Humidity;range:fb_known_count,True
q42_r0_s798,0,486,range:Factory_Temp;range:Factory_Humidity;range:fb_known_count,True
q42_r0_s799,0,327,range:Factory_Temp;range:Factory_Humidity;range:fb_known_count,True
q42_r0_s800,0,486,range:Factory_Temp;range:Factory_Humidity;range:fb_known_count,True
q42_r0_s801,0,397,range:Factory_Temp;range:Factory_Humidity;range:fb_known_count,True
q42_r0_s802,0,272,range:Factory_Temp;range:Factory_Humidity;range:fb_known_count,True
q42_r0_s803,0,327,range:Factory_Temp;range:Factory_Humidity;range:fb_known_count,True
q42_r0_s804,0,272,range:Factory_Temp;range:Factory_Humidity;range:fb_known_count,True
q42_r0_s805,0,327,range:Factory_Temp;range:Factory_Humidity;range:fb_known_count,True
q42_r0_s806,0,272,range:Factory_Temp;range:Factory_Humidity;range:fb_known_count,True
q42_r0_s807,0,397,range:Factory_Temp;range:Factory_Humidity;range:fb_known_count,True
q42_r0_s808,0,272,range:Factory_Temp;range:Factory_Humidity;range:fb_known_count,True
q42_r0_s809,0,486,range:Factory_Temp;range:Factory_Humidity;range:fb_known_count,True
q42_r0_s810,0,327,range:Factory_Temp;range:Factory_Humidity;range:fb_known_count,True
q42_r0_s811,0,486,range:Factory_Temp;range:Factory_Humidity;range:fb_known_count,True
q42_r0_s812,0,327,range:Factory_Temp;range:Factory_Humidity;range:fb_known_count,True
q42_r0_s813,0,486,range:Factory_Temp;range:Factory_Humidity;range:fb_known_count,True
q42_r0_s814,0,327,range:Factory_Temp;range:Factory_Humidity;range:fb_known_count,True
q42_r0_s815,0,327,range:Factory_Temp;range:Factory_Humidity;range:fb_known_count,True
q42_r0_s816,0,327,range:Factory_Temp;range:Factory_Humidity;range:fb_known_count,True
q42_r0_s817,0,397,range:Factory_Temp;range:Factory_Humidity;range:fb_known_count,True
q42_r0_s818,0,397,range:Factory_Temp;range:Factory_Humidity;range:fb_known_count,True
q42_r0_s819,0,272,range:Factory_Temp;range:Factory_Humidity;range:fb_known_count,True
q42_r0_s820,0,272,range:Factory_Temp;range:Factory_Humidity;range:fb_known_count,True
q42_r0_s821,0,397,range:Factory_Temp;range:Factory_Humidity;range:fb_known_count,True
q42_r0_s822,0,397,range:Factory_Temp;range:Factory_Humidity;range:fb_known_count,True
q42_r0_s823,0,397,range:Factory_Temp;range:Factory_Humidity;range:fb_known_count,True
q42_r0_s824,0,272,range:Factory_Temp;range:Factory_Humidity;range:fb_known_count,True
q42_r0_s825,0,486,range:Factory_Temp;range:Factory_Humidity;range:fb_known_count,True
q42_r0_s826,0,327,range:Factory_Temp;range:Factory_Humidity;range:fb_known_count,True
q42_r0_s827,0,272,range:Factory_Temp;range:Factory_Humidity;range:fb_known_count,True
q42_r0_s828,0,397,range:Factory_Temp;range:Factory_Humidity;range:fb_known_count,True
q42_r0_s829,0,397,range:Factory_Temp;range:Factory_Humidity;range:fb_known_count,True
q42_r0_s830,0,272,range:Factory_Temp;range:Factory_Humidity;range:fb_known_count,True
q42_r0_s831,0,327,range:Factory_Temp;range:Factory_Humidity;range:fb_known_count,True
q42_r0_s832,0,272,range:Factory_Temp;range:Factory_Humidity;range:fb_known_count,True
q42_r0_s833,0,486,range:Factory_Temp;range:Factory_Humidity;range:fb_known_count,True
q42_r0_s834,0,397,range:Factory_Temp;range:Factory_Humidity;range:fb_known_count,True
q42_r0_s835,0,272,range:Factory_Temp;range:Factory_Humidity;range:fb_known_count,True
q42_r0_s836,0,327,range:Factory_Temp;range:Factory_Humidity;range:fb_known_count,True
q42_r0_s837,0,272,range:Factory_Temp;range:Factory_Humidity;range:fb_known_count,True
q42_r0_s838,0,272,range:Factory_Temp;range:Factory_Humidity;range:fb_known_count,True
q42_r0_s839,0,327,range:Factory_Temp;range:Factory_Humidity;range:fb_known_count,True
q42_r0_s840,0,272,range:Factory_Temp;range:Factory_Humidity;range:fb_known_count,True
q42_r0_s841,0,272,range:Factory_Temp;range:Factory_Humidity;range:fb_known_count,True
q42_r0_s842,0,327,range:Factory_Temp;range:Factory_Humidity;range:fb_known_count,True
q42_r0_s843,0,486,range:Factory_Temp;range:Factory_Humidity;range:fb_known_count,True
q42_r0_s844,0,486,range:Factory_Temp;range:Factory_Humidity;range:fb_known_count,True
q42_r0_s845,0,486,range:Factory_Temp;range:Factory_Humidity;range:fb_known_count,True
q42_r0_s846,0,327,range:Factory_Temp;range:Factory_Humidity;range:fb_known_count,True
q42_r0_s847,0,486,range:Factory_Temp;range:Factory_Humidity;range:fb_known_count,True
q42_r0_s848,0,397,range:Factory_Temp;range:Factory_Humidity;range:fb_known_count,True
q42_r0_s849,0,272,range:Factory_Temp;range:Factory_Humidity;range:fb_known_count,True
q42_r0_s850,0,272,range:Factory_Temp;range:Factory_Humidity;range:fb_known_count,True
q42_r0_s851,0,327,range:Factory_Temp;range:Factory_Humidity;range:fb_known_count,True
q42_r0_s852,0,272,range:Factory_Temp;range:Factory_Humidity;range:fb_known_count,True
q42_r0_s853,0,327,range:Factory_Temp;range:Factory_Humidity;range:fb_known_count,True
q42_r0_s854,0,486,range:Factory_Temp;range:Factory_Humidity;range:fb_known_count,True
q42_r0_s855,0,327,range:Factory_Temp;range:Factory_Humidity;range:fb_known_count,True
q42_r0_s856,0,327,range:Factory_Temp;range:Factory_Humidity;range:fb_known_count,True
q42_r0_s857,0,272,range:Factory_Temp;range:Factory_Humidity;range:fb_known_count,True
q42_r0_s858,0,397,range:Factory_Temp;range:Factory_Humidity;range:fb_known_count,True
q42_r0_s859,0,486,range:Factory_Temp;range:Factory_Humidity;range:fb_known_count,True
q42_r0_s860,0,397,range:Factory_Temp;range:Factory_Humidity;range:fb_known_count,True
q42_r0_s861,0,272,range:Factory_Temp;range:Factory_Humidity;range:fb_known_count,True
q42_r0_s862,0,272,range:Factory_Temp;range:Factory_Humidity;range:fb_known_count,True
q42_r0_s863,0,272,range:Factory_Temp;range:Factory_Humidity;range:fb_known_count,True
q42_r0_s864,0,327,range:Factory_Temp;range:Factory_Humidity;range:fb_known_count,True
q42_r0_s865,0,272,range:Factory_Temp;range:Factory_Humidity;range:fb_known_count,True
q42_r0_s866,0,486,range:Factory_Temp;range:Factory_Humidity;range:fb_known_count,True
q42_r0_s867,0,486,range:Factory_Temp;range:Factory_Humidity;range:fb_known_count,True
q42_r0_s868,0,397,range:Factory_Temp;range:Factory_Humidity;range:fb_known_count,True
q42_r0_s869,0,397,range:Factory_Temp;range:Factory_Humidity;range:fb_known_count,True
q42_r0_s870,0,486,range:Factory_Temp;range:Factory_Humidity;range:fb_known_count,True
q42_r0_s871,0,486,range:Factory_Temp;range:Factory_Humidity;range:fb_known_count,True
q42_r0_s872,0,486,range:Factory_Temp;range:Factory_Humidity;range:fb_known_count,True
q42_r0_s873,0,486,range:Factory_Temp;range:Factory_Humidity;range:fb_known_count,True
q42_r0_s874,0,327,range:Factory_Temp;range:Factory_Humidity;range:fb_known_count,True
q42_r0_s875,0,272,range:Factory_Temp;range:Factory_Humidity;range:fb_known_count,True
q42_r0_s876,0,327,range:Factory_Temp;range:Factory_Humidity;range:fb_known_count,True
q42_r0_s877,0,272,range:Factory_Temp;range:Factory_Humidity;range:fb_known_count,True
q42_r0_s878,0,486,range:Factory_Temp;range:Factory_Humidity;range:fb_known_count,True
q42_r0_s879,0,327,range:Factory_Temp;range:Factory_Humidity;range:fb_known_count,True
q42_r0_s880,0,272,range:Factory_Temp;range:Factory_Humidity;range:fb_known_count,True
q42_r0_s881,0,397,range:Factory_Temp;range:Factory_Humidity;range:fb_known_count,True
q42_r0_s882,0,272,range:Factory_Temp;range:Factory_Humidity;range:fb_known_count,True
q42_r0_s883,0,486,range:Factory_Temp;range:Factory_Humidity;range:fb_known_count,True
q42_r0_s884,0,397,range:Factory_Temp;range:Factory_Humidity;range:fb_known_count,True
q42_r0_s885,0,272,range:Factory_Temp;range:Factory_Humidity;range:fb_known_count,True
q42_r0_s886,0,397,range:Factory_Temp;range:Factory_Humidity;range:fb_known_count,True
q42_r0_s887,0,486,range:Factory_Temp;range:Factory_Humidity;range:fb_known_count,True
q42_r0_s888,0,486,range:Factory_Temp;range:Factory_Humidity;range:fb_known_count,True
q42_r0_s889,0,397,range:Factory_Temp;range:Factory_Humidity;range:fb_known_count,True
q42_r0_s890,0,397,range:Factory_Temp;range:Factory_Humidity;range:fb_known_count,True
q42_r0_s891,0,272,range:Factory_Temp;range:Factory_Humidity;range:fb_known_count,True
q42_r0_s892,0,272,range:Factory_Temp;range:Factory_Humidity;range:fb_known_count,True
q42_r0_s893,0,327,range:Factory_Temp;range:Factory_Humidity;range:fb_known_count,True
q42_r0_s894,0,272,range:Factory_Temp;range:Factory_Humidity;range:fb_known_count,True
q42_r0_s895,0,272,range:Factory_Temp;range:Factory_Humidity;range:fb_known_count,True
q42_r0_s896,0,272,range:Factory_Temp;range:Factory_Humidity;range:fb_known_count,True
q42_r0_s897,0,397,range:Factory_Temp;range:Factory_Humidity;range:fb_known_count,True
q42_r0_s898,0,272,range:Factory_Temp;range:Factory_Humidity;range:fb_known_count,True
q42_r0_s899,0,272,range:Factory_Temp;range:Factory_Humidity;range:fb_known_count,True
q42_r0_s900,0,327,range:Factory_Temp;range:Factory_Humidity;range:fb_known_count,True
q42_r0_s901,0,486,range:Factory_Temp;range:Factory_Humidity;range:fb_known_count,True
q42_r0_s902,0,486,range:Factory_Temp;range:Factory_Humidity;range:fb_known_count,True
q42_r0_s903,0,397,range:Factory_Temp;range:Factory_Humidity;range:fb_known_count,True
q42_r0_s904,0,486,range:Factory_Temp;range:Factory_Humidity;range:fb_known_count,True
q42_r0_s905,0,272,range:Factory_Temp;range:Factory_Humidity;range:fb_known_count,True
q42_r0_s906,0,272,range:Factory_Temp;range:Factory_Humidity;range:fb_known_count,True
q42_r0_s907,0,272,range:Factory_Temp;range:Factory_Humidity;range:fb_known_count,True
q42_r0_s908,0,272,range:Factory_Temp;range:Factory_Humidity;range:fb_known_count,True
q42_r0_s909,0,486,range:Factory_Temp;range:Factory_Humidity;range:fb_known_count,True
q42_r0_s910,0,327,range:Factory_Temp;range:Factory_Humidity;range:fb_known_count,True
q42_r0_s911,0,486,range:Factory_Temp;range:Factory_Humidity;range:fb_known_count,True
q42_r0_s912,0,272,range:Factory_Temp;range:Factory_Humidity;range:fb_known_count,True
q42_r0_s913,0,327,range:Factory_Temp;range:Factory_Humidity;range:fb_known_count,True
q42_r0_s914,0,272,range:Factory_Temp;range:Factory_Humidity;range:fb_known_count,True
q42_r0_s915,0,327,range:Factory_Temp;range:Factory_Humidity;range:fb_known_count,True
q42_r0_s916,0,486,range:Factory_Temp;range:Factory_Humidity;range:fb_known_count,True
q42_r0_s917,0,272,range:Factory_Temp;range:Factory_Humidity;range:fb_known_count,True
q42_r0_s918,0,397,range:Factory_Temp;range:Factory_Humidity;range:fb_known_count,True
q42_r0_s919,0,486,range:Factory_Temp;range:Factory_Humidity;range:fb_known_count,True
q42_r0_s920,0,486,range:Factory_Temp;range:Factory_Humidity;range:fb_known_count,True
q42_r0_s921,0,397,range:Factory_Temp;range:Factory_Humidity;range:fb_known_count,True
q42_r0_s922,0,486,range:Factory_Temp;range:Factory_Humidity;range:fb_known_count,True
q42_r0_s923,0,272,range:Factory_Temp;range:Factory_Humidity;range:fb_known_count,True
q42_r0_s924,0,272,range:Factory_Temp;range:Factory_Humidity;range:fb_known_count,True
q42_r0_s925,0,272,range:Factory_Temp;range:Factory_Humidity;range:fb_known_count,True
q42_r0_s926,0,272,range:Factory_Temp;range:Factory_Humidity;range:fb_known_count,True
q42_r0_s927,0,327,range:Factory_Temp;range:Factory_Humidity;range:fb_known_count,True
q42_r0_s928,0,327,range:Factory_Temp;range:Factory_Humidity;range:fb_known_count,True
q42_r0_s929,0,272,range:Factory_Temp;range:Factory_Humidity;range:fb_known_count,True
q42_r0_s930,0,327,range:Factory_Temp;range:Factory_Humidity;range:fb_known_count,True
q42_r0_s931,0,272,range:Factory_Temp;range:Factory_Humidity;range:fb_known_count,True
q42_r0_s932,0,486,range:Factory_Temp;range:Factory_Humidity;range:fb_known_count,True
q42_r0_s933,0,327,range:Factory_Temp;range:Factory_Humidity;range:fb_known_count,True
q42_r0_s934,0,397,range:Factory_Temp;range:Factory_Humidity;range:fb_known_count,True
q42_r0_s935,0,397,range:Factory_Temp;range:Factory_Humidity;range:fb_known_count,True
q42_r0_s936,0,486,range:Factory_Temp;range:Factory_Humidity;range:fb_known_count,True
q42_r0_s937,0,486,range:Factory_Temp;range:Factory_Humidity;range:fb_known_count,True
q42_r0_s938,0,272,range:Factory_Temp;range:Factory_Humidity;range:fb_known_count,True
q42_r0_s939,0,272,range:Factory_Temp;range:Factory_Humidity;range:fb_known_count,True
q42_r0_s940,0,397,range:Factory_Temp;range:Factory_Humidity;range:fb_known_count,True
q42_r0_s941,0,486,range:Factory_Temp;range:Factory_Humidity;range:fb_known_count,True
q42_r0_s942,0,272,range:Factory_Temp;range:Factory_Humidity;range:fb_known_count,True
q42_r0_s943,0,327,range:Factory_Temp;range:Factory_Humidity;range:fb_known_count,True
q42_r0_s944,0,486,range:Factory_Temp;range:Factory_Humidity;range:fb_known_count,True
q42_r0_s945,0,272,range:Factory_Temp;range:Factory_Humidity;range:fb_known_count,True
q42_r0_s946,0,397,range:Factory_Temp;range:Factory_Humidity;range:fb_known_count,True
q42_r0_s947,0,272,range:Factory_Temp;range:Factory_Humidity;range:fb_known_count,True
q42_r0_s948,0,486,range:Factory_Temp;range:Factory_Humidity;range:fb_known_count,True
q42_r0_s949,0,327,range:Factory_Temp;range:Factory_Humidity;range:fb_known_count,True
q42_r0_s950,0,272,range:Factory_Temp;range:Factory_Humidity;range:fb_known_count,True
q42_r0_s951,0,397,range:Factory_Temp;range:Factory_Humidity;range:fb_known_count,True
q42_r0_s952,0,272,range:Factory_Temp;range:Factory_Humidity;range:fb_known_count,True
q42_r0_s953,0,397,range:Factory_Temp;range:Factory_Humidity;range:fb_known_count,True
q42_r0_s954,0,272,range:Factory_Temp;range:Factory_Humidity;range:fb_known_count,True
q42_r0_s955,0,486,range:Factory_Temp;range:Factory_Humidity;range:fb_known_count,True
q42_r0_s956,0,327,range:Factory_Temp;range:Factory_Humidity;range:fb_known_count,True
q42_r0_s957,0,272,range:Factory_Temp;range:Factory_Humidity;range:fb_known_count,True
q42_r0_s958,0,486,range:Factory_Temp;range:Factory_Humidity;range:fb_known_count,True
q42_r0_s959,0,397,range:Factory_Temp;range:Factory_Humidity;range:fb_known_count,True
q42_r0_s960,0,486,range:Factory_Temp;range:Factory_Humidity;range:fb_known_count,True
q42_r0_s961,0,486,range:Factory_Temp;range:Factory_Humidity;range:fb_known_count,True
q42_r0_s962,0,397,range:Factory_Temp;range:Factory_Humidity;range:fb_known_count,True
q42_r0_s963,0,486,range:Factory_Temp;range:Factory_Humidity;range:fb_known_count,True
q42_r0_s964,0,486,range:Factory_Temp;range:Factory_Humidity;range:fb_known_count,True
q42_r0_s965,0,397,range:Factory_Temp;range:Factory_Humidity;range:fb_known_count,True
q42_r0_s966,0,486,range:Factory_Temp;range:Factory_Humidity;range:fb_known_count,True
q42_r0_s967,0,486,range:Factory_Temp;range:Factory_Humidity;range:fb_known_count,True
q42_r0_s968,0,486,range:Factory_Temp;range:Factory_Humidity;range:fb_known_count,True
q42_r0_s969,0,397,range:Factory_Temp;range:Factory_Humidity;range:fb_known_count,True
q42_r0_s970,0,272,range:Factory_Temp;range:Factory_Humidity;range:fb_known_count,True
q42_r0_s971,0,486,range:Factory_Temp;range:Factory_Humidity;range:fb_known_count,True
q42_r0_s972,0,486,range:Factory_Temp;range:Factory_Humidity;range:fb_known_count,True
q42_r0_s973,0,272,range:Factory_Temp;range:Factory_Humidity;range:fb_known_count,True
q42_r0_s974,0,272,range:Factory_Temp;range:Factory_Humidity;range:fb_known_count,True
q42_r0_s975,0,486,range:Factory_Temp;range:Factory_Humidity;range:fb_known_count,True
q42_r0_s976,0,272,range:Factory_Temp;range:Factory_Humidity;range:fb_known_count,True
q42_r0_s977,0,486,range:Factory_Temp;range:Factory_Humidity;range:fb_known_count,True
q42_r0_s978,0,327,range:Factory_Temp;range:Factory_Humidity;range:fb_known_count,True
q42_r0_s979,0,272,range:Factory_Temp;range:Factory_Humidity;range:fb_known_count,True
q42_r0_s980,0,327,range:Factory_Temp;range:Factory_Humidity;range:fb_known_count,True
q42_r0_s981,0,272,range:Factory_Temp;range:Factory_Humidity;range:fb_known_count,True
q42_r0_s982,0,272,range:Factory_Temp;range:Factory_Humidity;range:fb_known_count,True
q42_r0_s983,0,327,range:Factory_Temp;range:Factory_Humidity;range:fb_known_count,True
q42_r0_s984,0,272,range:Factory_Temp;range:Factory_Humidity;range:fb_known_count,True
q42_r0_s985,0,486,range:Factory_Temp;range:Factory_Humidity;range:fb_known_count,True
q42_r0_s986,0,397,range:Factory_Temp;range:Factory_Humidity;range:fb_known_count,True
q42_r0_s987,0,272,range:Factory_Temp;range:Factory_Humidity;range:fb_known_count,True
q42_r0_s988,0,397,range:Factory_Temp;range:Factory_Humidity;range:fb_known_count,True
q42_r0_s989,0,397,range:Factory_Temp;range:Factory_Humidity;range:fb_known_count,True
q42_r0_s990,0,272,range:Factory_Temp;range:Factory_Humidity;range:fb_known_count,True
q42_r0_s991,0,272,range:Factory_Temp;range:Factory_Humidity;range:fb_known_count,True
q42_r0_s992,0,272,range:Factory_Temp;range:Factory_Humidity;range:fb_known_count,True
q42_r0_s993,0,272,range:Factory_Temp;range:Factory_Humidity;range:fb_known_count,True
q42_r0_s994,0,272,range:Factory_Temp;range:Factory_Humidity;range:fb_known_count,True
q42_r0_s995,0,327,range:Factory_Temp;range:Factory_Humidity;range:fb_known_count,True
q42_r0_s996,0,327,range:Factory_Temp;range:Factory_Humidity;range:fb_known_count,True
q42_r0_s997,0,486,range:Factory_Temp;range:Factory_Humidity;range:fb_known_count,True
q42_r0_s998,0,486,range:Factory_Temp;range:Factory_Humidity;range:fb_known_count,True
q42_r0_s999,0,397,range:Factory_Temp;range:Factory_Humidity;range:fb_known_count,True
q42_r0_s1000,0,272,range:Factory_Temp;range:Factory_Humidity;range:fb_known_count,True
q42_r0_s1001,0,272,range:Factory_Temp;range:Factory_Humidity;range:fb_known_count,True
q42_r0_s1002,0,397,range:Factory_Temp;range:Factory_Humidity;range:fb_known_count,True
q42_r0_s1003,0,486,range:Factory_Temp;range:Factory_Humidity;range:fb_known_count,True
q42_r0_s1004,0,327,range:Factory_Temp;range:Factory_Humidity;range:fb_known_count,True
q42_r0_s1005,0,272,range:Factory_Temp;range:Factory_Humidity;range:fb_known_count,True
q42_r0_s1006,0,397,range:Factory_Temp;range:Factory_Humidity;range:fb_known_count,True
q42_r0_s1007,0,272,range:Factory_Temp;range:Factory_Humidity;range:fb_known_count,True
q42_r0_s1008,0,272,range:Factory_Temp;range:Factory_Humidity;range:fb_known_count,True
q42_r0_s1009,0,272,range:Factory_Temp;range:Factory_Humidity;range:fb_known_count,True
q42_r0_s1010,0,272,range:Factory_Temp;range:Factory_Humidity;range:fb_known_count,True
q42_r0_s1011,0,486,range:Factory_Temp;range:Factory_Humidity;range:fb_known_count,True
q42_r0_s1012,0,327,range:Factory_Temp;range:Factory_Humidity;range:fb_known_count,True
q42_r0_s1013,0,272,range:Factory_Temp;range:Factory_Humidity;range:fb_known_count,True
q42_r0_s1014,0,327,range:Factory_Temp;range:Factory_Humidity;range:fb_known_count,True
q42_r0_s1015,0,272,range:Factory_Temp;range:Factory_Humidity;range:fb_known_count,True
q42_r0_s1016,0,272,range:Factory_Temp;range:Factory_Humidity;range:fb_known_count,True
q42_r0_s1017,0,397,range:Factory_Temp;range:Factory_Humidity;range:fb_known_count,True
q42_r0_s1018,0,486,range:Factory_Temp;range:Factory_Humidity;range:fb_known_count,True
q42_r0_s1019,0,397,range:Factory_Temp;range:Factory_Humidity;range:fb_known_count,True
q42_r0_s1020,0,486,range:Factory_Temp;range:Factory_Humidity;range:fb_known_count,True
q42_r0_s1021,0,272,range:Factory_Temp;range:Factory_Humidity;range:fb_known_count,True
q42_r0_s1022,0,397,range:Factory_Temp;range:Factory_Humidity;range:fb_known_count,True
q42_r0_s1023,0,272,range:Factory_Temp;range:Factory_Humidity;range:fb_known_count,True
q42_r0_s1024,0,327,range:Factory_Temp;range:Factory_Humidity;range:fb_known_count,True
q42_r0_s1025,0,272,range:Factory_Temp;range:Factory_Humidity;range:fb_known_count,True
q42_r0_s1026,0,272,range:Factory_Temp;range:Factory_Humidity;range:fb_known_count,True
q42_r0_s1027,0,397,range:Factory_Temp;range:Factory_Humidity;range:fb_known_count,True
q42_r0_s1028,0,397,range:Factory_Temp;range:Factory_Humidity;range:fb_known_count,True
q42_r0_s1029,0,272,range:Factory_Temp;range:Factory_Humidity;range:fb_known_count,True
q42_r0_s1030,0,327,range:Factory_Temp;range:Factory_Humidity;range:fb_known_count,True
q42_r0_s1031,0,486,range:Factory_Temp;range:Factory_Humidity;range:fb_known_count,True
q42_r0_s1032,0,397,range:Factory_Temp;range:Factory_Humidity;range:fb_known_count,True
q42_r0_s1033,0,486,range:Factory_Temp;range:Factory_Humidity;range:fb_known_count,True
q42_r0_s1034,0,272,range:Factory_Temp;range:Factory_Humidity;range:fb_known_count,True
q42_r0_s1035,0,327,range:Factory_Temp;range:Factory_Humidity;range:fb_known_count,True
q42_r0_s1036,0,327,range:Factory_Temp;range:Factory_Humidity;range:fb_known_count,True
q42_r0_s1037,0,486,range:Factory_Temp;range:Factory_Humidity;range:fb_known_count,True
q42_r0_s1038,0,486,range:Factory_Temp;range:Factory_Humidity;range:fb_known_count,True
q42_r0_s1039,0,327,range:Factory_Temp;range:Factory_Humidity;range:fb_known_count,True
q42_r0_s1040,0,486,range:Factory_Temp;range:Factory_Humidity;range:fb_known_count,True
q42_r0_s1041,0,327,range:Factory_Temp;range:Factory_Humidity;range:fb_known_count,True
q42_r0_s1042,0,272,range:Factory_Temp;range:Factory_Humidity;range:fb_known_count,True
q42_r0_s1043,0,272,range:Factory_Temp;range:Factory_Humidity;range:fb_known_count,True
q42_r0_s1044,0,327,range:Factory_Temp;range:Factory_Humidity;range:fb_known_count,True
q42_r0_s1045,0,486,range:Factory_Temp;range:Factory_Humidity;range:fb_known_count,True
q42_r0_s1046,0,397,range:Factory_Temp;range:Factory_Humidity;range:fb_known_count,True
q42_r0_s1047,0,272,range:Factory_Temp;range:Factory_Humidity;range:fb_known_count,True
q42_r0_s1048,0,272,range:Factory_Temp;range:Factory_Humidity;range:fb_known_count,True
q42_r0_s1049,0,327,range:Factory_Temp;range:Factory_Humidity;range:fb_known_count,True
q42_r0_s1050,0,272,range:Factory_Temp;range:Factory_Humidity;range:fb_known_count,True
q42_r0_s1051,0,486,range:Factory_Temp;range:fb_known_count,True
q42_r0_s1052,0,486,range:Factory_Temp;range:fb_known_count,True
q42_r0_s1053,0,397,range:Factory_Temp;range:fb_known_count,True
q42_r0_s1054,0,486,range:Factory_Temp;range:fb_known_count,True
q42_r0_s1055,0,272,range:Factory_Temp;range:fb_known_count,True
q42_r0_s1056,0,397,range:Factory_Temp;range:fb_known_count,True
q42_r0_s1057,0,486,range:Factory_Temp;range:fb_known_count,True
q42_r0_s1058,0,397,range:Factory_Temp;range:fb_known_count,True
q42_r0_s1059,0,272,range:Factory_Temp;range:fb_known_count,True
q42_r0_s1060,0,272,range:Factory_Temp;range:fb_known_count,True
q42_r0_s1061,0,327,range:Factory_Temp;range:fb_known_count,True
q42_r0_s1062,0,486,range:Factory_Temp;range:fb_known_count,True
q42_r0_s1063,0,397,range:fb_known_count,True
q42_r0_s1064,0,272,range:fb_known_count,True
q42_r0_s1065,0,272,range:fb_known_count,True
q42_r0_s1066,0,327,range:fb_known_count,True
q42_r0_s1067,0,327,range:fb_known_count,True
q42_r0_s1068,0,486,range:fb_known_count,True
q42_r0_s1069,0,486,range:fb_known_count,True
q42_r0_s1070,0,272,range:fb_known_count,True
q42_r0_s1071,0,486,range:fb_known_count,True
q42_r0_s1072,0,397,range:fb_known_count,True
q42_r0_s1073,0,327,range:fb_known_count,True
q42_r0_s1074,0,327,range:fb_known_count,True
q42_r0_s1075,0,486,range:fb_known_count,True
q42_r0_s1076,0,486,range:fb_known_count,True
q42_r0_s1077,0,272,range:fb_known_count,True
q42_r0_s1078,0,327,range:fb_known_count,True
q42_r0_s1079,0,327,range:fb_known_count,True
q42_r0_s1080,0,272,range:fb_known_count,True
q42_r0_s1081,0,397,range:fb_known_count,True
q42_r0_s1082,0,272,range:fb_known_count,True
q42_r0_s1083,0,486,range:fb_known_count,True
q42_r0_s1084,0,327,range:fb_known_count,True
q42_r0_s1085,0,486,range:fb_known_count,True
q42_r0_s1086,0,272,range:fb_known_count,True
q42_r0_s1087,0,327,range:fb_known_count,True
q42_r0_s1088,0,272,range:fb_known_count,True
q42_r0_s1089,0,272,range:fb_known_count,True
q42_r0_s1090,0,272,range:fb_known_count,True
q42_r0_s1091,0,397,range:fb_known_count,True
q42_r0_s1092,0,486,range:fb_known_count,True
q42_r0_s1093,0,272,range:fb_known_count,True
q42_r0_s1094,0,397,range:fb_known_count,True
q42_r0_s1095,0,486,range:fb_known_count,True
q42_r0_s1096,0,486,range:fb_known_count,True
q42_r0_s1097,0,486,range:fb_known_count,True
q42_r0_s1098,0,486,range:fb_known_count,True
q42_r0_s1099,0,272,range:fb_known_count,True
q42_r0_s1100,0,272,range:fb_known_count,True
q42_r0_s1101,0,486,range:fb_known_count,True
q42_r0_s1102,0,486,range:fb_known_count,True
q42_r0_s1103,0,397,range:fb_known_count,True
q42_r0_s1104,0,486,range:fb_known_count,True
q42_r0_s1105,0,327,range:fb_known_count,True
q42_r0_s1106,0,272,range:fb_known_count,True
q42_r1_s894,1,397,range:fb_known_count,True
q42_r1_s895,1,486,range:fb_known_count,True
q42_r1_s896,1,327,range:fb_known_count,True
q42_r1_s897,1,486,range:fb_known_count,True
q42_r1_s898,1,272,range:fb_known_count,True
q42_r1_s899,1,397,range:fb_known_count,True
q42_r1_s900,1,486,range:fb_known_count,True
q42_r1_s901,1,397,range:fb_known_count,True
q42_r1_s902,1,272,range:fb_known_count,True
q42_r1_s903,1,272,range:fb_known_count,True
q42_r1_s904,1,486,range:fb_known_count,True
q42_r1_s905,1,486,range:fb_known_count,True
q42_r1_s906,1,397,range:fb_known_count,True
q42_r1_s907,1,397,range:fb_known_count,True
q42_r1_s908,1,486,range:fb_known_count,True
q42_r1_s909,1,397,range:fb_known_count,True
q42_r1_s910,1,397,range:fb_known_count,True
q42_r1_s911,1,327,range:fb_known_count,True
q42_r1_s912,1,327,range:fb_known_count,True
q42_r1_s913,1,486,range:fb_known_count,True
q42_r1_s914,1,327,range:fb_known_count,True
q42_r1_s915,1,272,range:fb_known_count,True
q42_r1_s916,1,397,range:fb_known_count,True
q42_r1_s917,1,486,range:fb_known_count,True
q42_r1_s918,1,397,range:fb_known_count,True
q42_r1_s919,1,272,range:fb_known_count,True
q42_r1_s920,1,272,range:fb_known_count,True
q42_r1_s921,1,486,range:fb_known_count,True
q42_r1_s922,1,486,range:fb_known_count,True
q42_r1_s923,1,272,range:fb_known_count,True
q42_r1_s924,1,327,range:fb_known_count,True
q42_r1_s925,1,272,range:fb_known_count,True
q42_r1_s926,1,327,range:fb_known_count,True
q42_r1_s927,1,272,range:fb_known_count,True
q42_r1_s928,1,397,range:fb_known_count,True
q42_r1_s929,1,486,range:fb_known_count,True
q42_r1_s930,1,486,range:fb_known_count,True
q42_r1_s931,1,327,range:fb_known_count,True
q42_r1_s932,1,272,range:fb_known_count,True
q42_r1_s933,1,397,range:fb_known_count,True
q42_r1_s934,1,486,range:fb_known_count,True
q42_r1_s935,1,486,range:fb_known_count,True
q42_r1_s936,1,397,range:fb_known_count,True
q42_r1_s937,1,486,range:fb_known_count,True
q42_r1_s938,1,327,range:fb_known_count,True
q42_r1_s939,1,486,range:fb_known_count,True
q42_r1_s940,1,327,range:fb_known_count,True
q42_r1_s941,1,272,range:fb_known_count,True
q42_r1_s942,1,397,range:fb_known_count,True
q42_r1_s943,1,327,range:fb_known_count,True
q42_r1_s944,1,486,range:fb_known_count,True
q42_r1_s945,1,397,range:fb_known_count,True
q42_r1_s946,1,486,range:fb_known_count,True
q42_r1_s947,1,397,range:fb_known_count,True
q42_r1_s978,1,397,range:fb_known_count,True
q42_r1_s979,1,486,range:fb_known_count,True
q42_r1_s980,1,327,range:fb_known_count,True
q42_r1_s981,1,486,range:fb_known_count,True
q42_r1_s982,1,397,range:fb_known_count,True
q42_r1_s983,1,397,range:fb_known_count,True
q42_r1_s984,1,397,range:fb_known_count,True
q42_r1_s985,1,397,range:fb_known_count,True
q42_r1_s986,1,397,range:fb_known_count,True
q42_r1_s987,1,486,range:fb_known_count,True
q42_r1_s988,1,327,range:fb_known_count,True
q42_r1_s989,1,486,range:fb_known_count,True
q42_r1_s990,1,397,range:fb_known_count,True
q42_r1_s991,1,486,range:fb_known_count,True
q42_r1_s992,1,397,range:fb_known_count,True
q42_r1_s993,1,272,range:fb_known_count,True
q42_r1_s994,1,327,range:fb_known_count,True
q42_r1_s995,1,486,range:fb_known_count,True
q42_r1_s996,1,327,range:fb_known_count,True
q42_r1_s997,1,486,range:fb_known_count,True
q42_r1_s998,1,397,range:fb_known_count,True
q42_r1_s999,1,486,range:fb_known_count,True
q42_r1_s1000,1,486,range:fb_known_count,True
q42_r1_s1001,1,486,range:fb_known_count,True
q42_r1_s1002,1,272,range:fb_known_count,True
q42_r1_s1003,1,272,range:fb_known_count,True
q42_r1_s1004,1,272,range:fb_known_count,True
q42_r1_s1005,1,272,range:fb_known_count,True
q42_r1_s1006,1,397,range:fb_known_count,True
q42_r1_s1007,1,272,range:fb_known_count,True
q42_r1_s1008,1,397,range:fb_known_count,True
q42_r1_s1009,1,272,range:fb_known_count,True
q42_r1_s1010,1,486,range:fb_known_count,True
q42_r1_s1011,1,327,range:fb_known_count,True
q42_r1_s1012,1,272,range:fb_known_count,True
q42_r1_s1013,1,397,range:fb_known_count,True
q42_r1_s1014,1,486,range:fb_known_count,True
q42_r1_s1015,1,486,range:fb_known_count,True
q42_r1_s1016,1,486,range:fb_known_count,True
q42_r1_s1017,1,272,range:fb_known_count,True
q42_r1_s1018,1,397,range:fb_known_count,True
q42_r1_s1019,1,272,range:fb_known_count,True
q42_r1_s1020,1,272,range:fb_known_count,True
q42_r1_s1021,1,327,range:fb_known_count,True
q42_r1_s1022,1,272,range:fb_known_count,True
q42_r1_s1023,1,486,range:fb_known_count,True
q42_r1_s1024,1,397,range:fb_known_count,True
q42_r1_s1025,1,486,range:fb_known_count,True
q42_r1_s1026,1,397,range:fb_known_count,True
q42_r1_s1027,1,486,range:fb_known_count,True
q42_r1_s1028,1,327,range:fb_known_count,True
q42_r1_s1029,1,327,range:fb_known_count,True
q42_r1_s1030,1,327,range:fb_known_count,True
q42_r1_s1031,1,327,range:fb_known_count,True
q42_r1_s1032,1,327,range:fb_known_count,True
q42_r1_s1033,1,272,range:fb_known_count,True
q42_r1_s1034,1,397,range:fb_known_count,True
q42_r1_s1035,1,486,range:fb_known_count,True
q42_r1_s1036,1,272,range:fb_known_count,True
q42_r1_s1037,1,327,range:fb_known_count,True
q42_r1_s1038,1,272,range:fb_known_count,True
q42_r1_s1039,1,327,range:fb_known_count,True
q42_r1_s1040,1,486,range:fb_known_count,True
q42_r1_s1041,1,397,range:fb_known_count,True
q42_r1_s1042,1,486,range:fb_known_count,True
q42_r1_s1043,1,486,range:fb_known_count,True
q42_r1_s1044,1,397,range:fb_known_count,True
q42_r1_s1045,1,272,range:fb_known_count,True
q42_r1_s1046,1,397,range:fb_known_count,True
q42_r1_s1047,1,486,range:fb_known_count,True
q42_r1_s1048,1,327,range:fb_known_count,True
q42_r1_s1049,1,272,range:fb_known_count,True
q42_r1_s1050,1,327,range:fb_known_count,True
q42_r1_s1051,1,272,range:fb_known_count,True
q42_r1_s1052,1,397,range:fb_known_count,True
q42_r1_s1053,1,486,range:fb_known_count,True
q42_r1_s1054,1,486,range:fb_known_count,True
q42_r1_s1055,1,327,range:fb_known_count,True
q42_r1_s1056,1,272,range:fb_known_count,True
q42_r1_s1057,1,397,range:fb_known_count,True
q42_r1_s1058,1,272,range:fb_known_count,True
q42_r1_s1059,1,272,range:fb_known_count,True
q42_r1_s1060,1,327,range:fb_known_count,True
q42_r1_s1061,1,486,range:fb_known_count,True
q42_r1_s1062,1,486,range:fb_known_count,True
q42_r1_s1063,1,327,range:fb_known_count,True
q42_r1_s1064,1,272,range:fb_known_count,True
q42_r1_s1065,1,486,range:fb_known_count,True
q42_r1_s1066,1,327,range:fb_known_count,True
q42_r1_s1067,1,272,range:fb_known_count,True
q42_r1_s1068,1,272,range:fb_known_count,True
q42_r1_s1069,1,397,range:fb_known_count,True
q42_r1_s1070,1,486,range:fb_known_count,True
q42_r1_s1071,1,327,range:fb_known_count,True
q42_r1_s1072,1,272,range:fb_known_count,True
q42_r1_s1073,1,272,range:fb_known_count,True
q42_r1_s1074,1,272,range:fb_known_count,True
q42_r1_s1075,1,486,range:fb_known_count,True
q42_r1_s1076,1,486,range:fb_known_count,True
q42_r1_s1077,1,327,range:fb_known_count,True
q42_r1_s1078,1,327,range:fb_known_count,True
q42_r1_s1079,1,327,range:fb_known_count,True
q42_r1_s1080,1,486,range:fb_known_count,True
q42_r1_s1081,1,327,range:fb_known_count,True
q42_r1_s1082,1,272,range:fb_known_count,True
q42_r1_s1083,1,327,range:fb_known_count,True
q42_r1_s1084,1,272,range:fb_known_count,True
q42_r1_s1085,1,327,range:fb_known_count,True
q42_r1_s1086,1,272,range:fb_known_count,True
q42_r1_s1087,1,486,range:fb_known_count,True
q42_r1_s1088,1,486,range:fb_known_count,True
q42_r1_s1089,1,486,range:fb_known_count,True
q42_r1_s1090,1,272,range:fb_known_count,True
q42_r1_s1091,1,272,range:fb_known_count,True
q42_r1_s1092,1,486,range:fb_known_count,True
q42_r1_s1093,1,272,range:fb_known_count,True
q42_r1_s1094,1,327,range:fb_known_count,True
q42_r1_s1095,1,486,range:fb_known_count,True
q42_r1_s1096,1,327,range:fb_known_count,True
q42_r1_s1097,1,272,range:fb_known_count,True
q42_r1_s1098,1,397,range:fb_known_count,True
q42_r1_s1099,1,486,range:fb_known_count,True
q42_r1_s1100,1,327,range:fb_known_count,True
q42_r1_s1101,1,272,range:fb_known_count,True
q42_r1_s1102,1,327,range:fb_known_count,True
q42_r1_s1103,1,272,range:fb_known_count,True
q42_r1_s1104,1,327,range:fb_known_count,True
q42_r1_s1105,1,327,range:fb_known_count,True
q42_r1_s1106,1,486,range:fb_known_count,True
q42_r1_s1107,1,486,range:fb_known_count,True
q42_r1_s1108,1,327,range:fb_known_count,True
q42_r1_s1109,1,272,range:fb_known_count,True
q42_r1_s1110,1,272,range:fb_known_count,True
q42_r1_s1111,1,327,range:fb_known_count,True
q42_r1_s1112,1,272,range:fb_known_count,True
q42_r1_s1113,1,486,range:fb_known_count,True
q42_r1_s1114,1,486,range:fb_known_count,True
q42_r1_s1115,1,486,range:fb_known_count,True
q42_r1_s1116,1,486,range:fb_known_count,True
q42_r1_s1117,1,327,range:fb_known_count,True
q42_r1_s1118,1,272,range:fb_known_count,True
q42_r1_s1119,1,272,range:fb_known_count,True
q42_r1_s1120,1,272,range:fb_known_count,True
q42_r1_s1121,1,486,range:fb_known_count,True
q42_r1_s1122,1,486,range:fb_known_count,True
q42_r1_s1123,1,397,range:fb_known_count,True
q42_r1_s1124,1,486,range:fb_known_count,True
q42_r1_s1125,1,397,range:fb_known_count,True
q42_r1_s1126,1,486,range:fb_known_count,True
q42_r1_s1127,1,272,range:fb_known_count,True
q42_r1_s1128,1,327,range:fb_known_count,True
q42_r1_s1129,1,486,range:fb_known_count,True
q42_r1_s1130,1,272,range:fb_known_count,True
q42_r1_s1131,1,327,range:fb_known_count,True
q42_r1_s1132,1,486,range:fb_known_count,True
q42_r1_s1133,1,397,range:fb_known_count,True
q42_r1_s1134,1,272,range:fb_known_count,True
q42_r1_s1135,1,327,range:fb_known_count,True
q42_r1_s1136,1,486,range:fb_known_count,True
q42_r1_s1137,1,272,range:fb_known_count,True
q42_r1_s1138,1,327,range:fb_known_count,True
q42_r1_s1139,1,486,range:fb_known_count,True
q42_r1_s1140,1,397,range:fb_known_count,True
q42_r1_s1145,1,327,range:fb_known_count,True
q42_r1_s1146,1,272,range:fb_known_count,True
q42_r1_s1147,1,327,range:fb_known_count,True
q42_r1_s1148,1,486,range:fb_known_count,True
q42_r1_s1149,1,486,range:fb_known_count,True
q42_r1_s1150,1,397,range:fb_known_count,True
q42_r1_s1151,1,397,range:fb_known_count,True
q42_r1_s1152,1,397,range:fb_known_count,True
q42_r1_s1153,1,397,range:fb_known_count,True
q42_r1_s1156,1,327,range:fb_known_count,True
q42_r1_s1157,1,486,range:fb_known_count,True
q42_r1_s1158,1,397,range:fb_known_count,True
q42_r1_s1159,1,272,range:fb_known_count,True
q42_r1_s1160,1,272,range:fb_known_count,True
q42_r1_s1161,1,397,range:fb_known_count,True
q42_r1_s1162,1,486,range:fb_known_count,True
q42_r1_s1163,1,272,range:fb_known_count,True
q42_r1_s1164,1,397,range:fb_known_count,True
q42_r1_s1165,1,486,range:fb_known_count,True
q42_r1_s1166,1,272,range:fb_known_count,True
q42_r1_s1167,1,327,range:fb_known_count,True
q42_r1_s1168,1,486,range:fb_known_count,True
q42_r1_s1169,1,486,range:fb_known_count,True
q42_r1_s1170,1,397,range:fb_known_count,True
q42_r1_s1171,1,397,range:fb_known_count,True
q42_r1_s1172,1,327,range:fb_known_count,True
q42_r1_s1173,1,486,range:fb_known_count,True
q42_r1_s1193,1,272,range:fb_known_count,True
q42_r1_s1194,1,327,range:fb_known_count,True
q42_r1_s1195,1,486,range:fb_known_count,True
q42_r1_s1196,1,486,range:fb_known_count,True
q42_r1_s1197,1,327,range:fb_known_count,True
q42_r1_s1198,1,272,range:fb_known_count,True
q42_r1_s1199,1,327,range:fb_known_count,True
q42_r1_s1200,1,272,range:fb_known_count,True
q42_r1_s1201,1,272,range:fb_known_count,True
q42_r1_s1202,1,327,range:fb_known_count,True
q42_r1_s1203,1,327,range:fb_known_count,True
q42_r1_s1204,1,272,range:fb_known_count,True
q42_r1_s1205,1,272,range:fb_known_count,True
q42_r1_s1206,1,397,range:fb_known_count,True
q42_r1_s1207,1,272,range:fb_known_count,True
q42_r1_s1208,1,486,range:fb_known_count,True
q42_r1_s1209,1,327,range:fb_known_count,True
q42_r1_s1210,1,272,range:fb_known_count,True
q42_r1_s1211,1,272,range:fb_known_count,True
q42_r1_s1212,1,327,range:fb_known_count,True
q42_r1_s1213,1,486,range:fb_known_count,True
q42_r1_s1214,1,486,range:fb_known_count,True
q42_r1_s1215,1,272,range:fb_known_count,True
q42_r1_s1216,1,272,range:fb_known_count,True
q42_r1_s1217,1,327,range:fb_known_count,True
q42_r1_s1218,1,486,range:fb_known_count,True
q42_r1_s1219,1,397,range:fb_known_count,True
q42_r1_s1220,1,272,range:fb_known_count,True
q42_r1_s1221,1,327,range:fb_known_count,True
q42_r1_s1222,1,486,range:fb_known_count,True
q42_r1_s1223,1,327,range:fb_known_count,True
q42_r1_s1224,1,272,range:fb_known_count,True
q42_r1_s1225,1,397,range:fb_known_count,True
q42_r1_s1226,1,272,range:fb_known_count,True
q42_r1_s1227,1,327,range:fb_known_count,True
q42_r1_s1228,1,272,range:fb_known_count,True
q42_r1_s1229,1,397,range:fb_known_count,True
q42_r1_s1230,1,397,range:fb_known_count,True
q42_r1_s1231,1,327,range:fb_known_count,True
q42_r1_s1232,1,327,range:fb_known_count,True
q42_r1_s1233,1,272,range:fb_known_count,True
q42_r1_s1234,1,327,range:fb_known_count,True
q42_r1_s1235,1,272,range:fb_known_count,True
q42_r1_s1236,1,327,range:fb_known_count,True
q42_r1_s1237,1,486,range:fb_known_count,True
q42_r1_s1238,1,327,range:fb_known_count,True
q42_r1_s1239,1,272,range:fb_known_count,True
q42_r1_s1240,1,327,range:fb_known_count,True
q42_r1_s1241,1,486,range:fb_known_count,True
q42_r1_s1242,1,486,range:fb_known_count,True
q42_r1_s1243,1,327,range:fb_known_count,True
q42_r1_s1244,1,272,range:fb_known_count,True
q42_r1_s1245,1,272,range:fb_known_count,True
q42_r1_s1246,1,272,range:fb_known_count,True
q42_r1_s1247,1,397,range:fb_known_count,True
q42_r1_s1248,1,272,range:fb_known_count,True
q42_r1_s1249,1,272,range:fb_known_count,True
q42_r1_s1250,1,327,range:fb_known_count,True
q42_r1_s1251,1,486,range:fb_known_count,True
q42_r1_s1252,1,486,range:fb_known_count,True
q42_r1_s1253,1,397,range:fb_known_count,True
q42_r1_s1254,1,272,range:fb_known_count,True
q42_r1_s1255,1,327,range:fb_known_count,True
q42_r1_s1256,1,272,range:fb_known_count,True
q42_r1_s1257,1,327,range:fb_known_count,True
q42_r1_s1258,1,272,range:fb_known_count,True
q42_r1_s1259,1,327,range:fb_known_count,True
q42_r1_s1260,1,272,range:fb_known_count,True
q42_r1_s1261,1,327,range:fb_known_count,True
q42_r1_s1262,1,272,range:fb_known_count,True
q42_r1_s1263,1,272,range:fb_known_count,True
q42_r1_s1264,1,1,range:fb_known_count;joint_support,True
q42_r1_s1265,1,397,range:fb_known_count,True
q42_r1_s1266,1,486,range:fb_known_count,True
q42_r1_s1267,1,272,range:fb_known_count,True
q42_r1_s1268,1,327,range:fb_known_count,True
q42_r1_s1269,1,327,range:fb_known_count,True
q42_r1_s1270,1,272,range:fb_known_count,True
q42_r1_s1271,1,272,range:fb_known_count,True
q42_r1_s1272,1,397,range:fb_known_count,True
q42_r1_s1273,1,486,range:fb_known_count,True
q42_r1_s1274,1,397,range:fb_known_count,True
q42_r1_s1275,1,397,range:fb_known_count,True
q42_r1_s1276,1,486,range:fb_known_count,True
q42_r1_s1277,1,397,range:fb_known_count,True
q42_r1_s1278,1,327,range:fb_known_count,True
q42_r1_s1279,1,486,range:fb_known_count,True
q42_r1_s1280,1,486,range:fb_known_count,True
q42_r1_s1281,1,327,range:fb_known_count,True
q42_r1_s1282,1,272,range:fb_known_count,True
q42_r1_s1283,1,327,range:fb_known_count,True
q42_r1_s1284,1,272,range:fb_known_count,True
q42_r1_s1285,1,486,range:fb_known_count,True
q42_r1_s1286,1,397,range:fb_known_count,True
q42_r1_s1287,1,327,range:fb_known_count,True
q42_r1_s1288,1,486,range:fb_known_count,True
q42_r1_s1289,1,486,range:fb_known_count,True
q42_r1_s1290,1,486,range:fb_known_count,True
q42_r1_s1291,1,272,range:fb_known_count,True
q42_r1_s1292,1,327,range:fb_known_count,True
q42_r1_s1293,1,486,range:fb_known_count,True
q42_r1_s1294,1,272,range:fb_known_count,True
q42_r1_s1295,1,327,range:fb_known_count,True
q42_r1_s1296,1,272,range:fb_known_count,True
q42_r2_s293,2,486,,False
q42_r2_s294,2,486,,False
q42_r2_s295,2,486,,False
q42_r2_s296,2,486,,False
q42_r2_s297,2,486,,False
q42_r2_s298,2,486,,False
q42_r2_s299,2,486,,False
q42_r2_s300,2,486,,False
q42_r2_s301,2,486,,False
q42_r2_s302,2,486,,False
q42_r2_s303,2,486,,False
q42_r2_s304,2,486,,False
q42_r2_s305,2,486,,False
q42_r2_s306,2,486,,False
q42_r2_s307,2,486,,False
q42_r2_s308,2,486,,False
q42_r2_s309,2,486,,False
q42_r2_s310,2,486,,False
q42_r2_s311,2,486,,False
q42_r2_s312,2,486,,False
q42_r2_s313,2,486,,False
q42_r2_s314,2,486,,False
q42_r2_s315,2,486,,False
q42_r2_s316,2,486,,False
q42_r2_s317,2,486,,False
q42_r2_s318,2,486,,False
q42_r2_s319,2,486,,False
q42_r2_s651,2,486,range:Coolant_Temp,True
q42_r2_s652,2,486,range:Coolant_Temp,True
q42_r2_s653,2,486,range:Coolant_Temp,True
q42_r2_s654,2,486,range:Coolant_Temp,True
q42_r2_s655,2,486,range:Coolant_Temp,True
q42_r2_s656,2,486,range:Coolant_Temp,True
q42_r2_s657,2,486,range:Coolant_Temp,True
q42_r2_s658,2,486,range:Coolant_Temp,True
q42_r2_s659,2,486,range:Coolant_Temp,True
q42_r2_s660,2,486,range:Coolant_Temp,True
q42_r2_s661,2,486,range:Coolant_Temp,True
q42_r2_s662,2,486,range:Coolant_Temp,True
q42_r2_s663,2,486,range:Coolant_Temp,True
q42_r2_s664,2,486,range:Coolant_Temp,True
q42_r2_s665,2,486,range:Coolant_Temp,True
q42_r2_s666,2,486,range:Coolant_Temp,True
q42_r2_s667,2,486,range:Coolant_Temp,True
q42_r2_s668,2,486,range:Coolant_Temp,True
q42_r2_s669,2,486,range:Coolant_Temp,True
q42_r2_s670,2,486,range:Coolant_Temp,True
q42_r2_s671,2,486,range:Coolant_Temp,True
q42_r2_s672,2,272,range:Velocity_1;range:Velocity_2;range:Coolant_Temp,True
q42_r2_s673,2,272,range:Velocity_2;range:Coolant_Temp,True
q42_r2_s674,2,272,range:Velocity_2;range:Coolant_Temp,True
q42_r2_s675,2,272,range:Velocity_2;range:Coolant_Temp,True
q42_r2_s676,2,272,range:Velocity_2;range:Coolant_Temp,True
q42_r2_s677,2,272,range:Velocity_2;range:Coolant_Temp,True
q42_r2_s678,2,272,range:Velocity_2;range:Coolant_Temp,True
q42_r2_s679,2,272,range:Velocity_1;range:Velocity_2;range:Coolant_Temp,True
q42_r2_s680,2,272,range:Velocity_1;range:Velocity_2;range:Coolant_Temp,True
q42_r2_s681,2,272,range:Velocity_1;range:Velocity_2;range:Coolant_Temp,True
q42_r2_s682,2,272,range:Velocity_1;range:Velocity_2;range:Coolant_Temp,True
q42_r2_s683,2,272,range:Velocity_2;range:Coolant_Temp,True
q42_r2_s684,2,272,range:Velocity_2;range:Coolant_Temp,True
q42_r2_s685,2,272,range:Velocity_1;range:Velocity_2;range:Coolant_Temp,True
q42_r2_s686,2,272,range:Velocity_2;range:Coolant_Temp,True
q42_r2_s687,2,272,range:Velocity_1;range:Velocity_2;range:Coolant_Temp,True
q42_r2_s688,2,272,range:Velocity_2;range:Coolant_Temp,True
q42_r2_s689,2,272,range:Velocity_2;range:Coolant_Temp,True
q42_r2_s690,2,272,range:Velocity_1;range:Velocity_2;range:Coolant_Temp,True
q42_r2_s691,2,272,range:Velocity_2;range:Coolant_Temp,True
q42_r2_s692,2,272,range:Velocity_2;range:Spray_Time;range:Coolant_Temp,True
q42_r2_s693,2,272,range:Velocity_2;range:Coolant_Temp,True
q42_r2_s694,2,272,range:Velocity_2;range:Spray_Time;range:Coolant_Temp,True
q42_r2_s695,2,272,range:Velocity_2;range:Coolant_Temp,True
q42_r2_s696,2,272,range:Velocity_2;range:Coolant_Temp,True
q42_r2_s697,2,272,range:Velocity_2;range:Coolant_Temp,True
q42_r2_s698,2,272,range:Velocity_2;range:Coolant_Temp,True
q42_r2_s699,2,272,range:Velocity_2;range:Coolant_Temp,True
q42_r2_s700,2,272,range:Velocity_2;range:Coolant_Temp,True
q42_r2_s701,2,272,range:Velocity_1;range:Velocity_2;range:Spray_Time;range:Coolant_Temp,True
q42_r2_s702,2,272,range:Velocity_2;range:Spray_Time;range:Coolant_Temp,True
q42_r2_s703,2,272,range:Velocity_2;range:Spray_Time;range:Coolant_Temp,True
q42_r2_s704,2,272,range:Velocity_2;range:Coolant_Temp,True
q42_r2_s705,2,272,range:Velocity_1;range:Velocity_2;range:Coolant_Temp,True
q42_r2_s706,2,272,range:Velocity_2;range:Coolant_Temp,True
q42_r2_s707,2,272,range:Velocity_2;range:Coolant_Temp,True
q42_r2_s708,2,272,range:Velocity_2;range:Coolant_Temp,True
q42_r2_s710,2,272,range:Velocity_2;range:Spray_Time;range:Coolant_Temp,True
q42_r2_s711,2,272,range:Velocity_2;range:Spray_Time;range:Coolant_Temp,True
q42_r2_s712,2,272,range:Velocity_2;range:Coolant_Temp,True
q42_r2_s713,2,272,range:Velocity_2;range:Spray_Time;range:Coolant_Temp,True
q42_r2_s714,2,272,range:Velocity_2;range:Coolant_Temp,True
q42_r2_s715,2,272,range:Velocity_2;range:Spray_Time;range:Coolant_Temp,True
q42_r2_s717,2,272,range:Velocity_2;range:Coolant_Temp,True
q42_r2_s718,2,272,range:Velocity_2;range:Coolant_Temp,True
q42_r2_s719,2,272,range:Velocity_2;range:Coolant_Temp,True
q42_r2_s720,2,272,range:Velocity_2;range:Coolant_Temp,True
q42_r2_s721,2,272,range:Velocity_2;range:Coolant_Temp,True
q42_r2_s722,2,272,range:Velocity_2;range:Coolant_Temp,True
q42_r2_s723,2,272,range:Velocity_2;range:Coolant_Temp,True
q42_r2_s724,2,272,range:Velocity_2;range:Coolant_Temp,True
q42_r2_s725,2,272,range:Velocity_2;range:Coolant_Temp,True
q42_r2_s726,2,272,range:Velocity_2;range:Coolant_Temp,True
q42_r2_s727,2,272,range:Velocity_2;range:Coolant_Temp,True
q42_r2_s728,2,272,range:Velocity_2;range:Coolant_Temp,True
q42_r2_s729,2,272,range:Velocity_1;range:Velocity_2;range:Velocity_3;range:Spray_Time;range:Coolant_Temp,True
q42_r2_s730,2,272,range:Velocity_1;range:Velocity_2;range:Velocity_3;range:Cycle_Time;range:Spray_Time;range:Coolant_Temp,True
q42_r2_s731,2,272,range:Velocity_1;range:Velocity_2;range:Velocity_3;range:Cycle_Time;range:Spray_Time;range:Coolant_Temp,True
q42_r2_s732,2,272,range:Velocity_1;range:Velocity_2;range:Velocity_3;range:Cycle_Time;range:Spray_Time;range:Coolant_Temp,True
q42_r2_s733,2,272,range:Velocity_1;range:Velocity_2;range:Velocity_3;range:Cycle_Time;range:Spray_Time;range:Coolant_Temp,True
q42_r2_s734,2,272,range:Velocity_1;range:Velocity_2;range:Velocity_3;range:Cycle_Time;range:Spray_Time;range:Coolant_Temp,True
q42_r2_s735,2,272,range:Velocity_1;range:Velocity_2;range:Velocity_3;range:Cycle_Time;range:Spray_Time;range:Coolant_Temp,True
q42_r2_s736,2,272,range:Velocity_1;range:Velocity_2;range:Velocity_3;range:Cycle_Time;range:Spray_Time;range:Coolant_Temp,True
q42_r2_s737,2,272,range:Velocity_1;range:Velocity_2;range:Velocity_3;range:Cycle_Time;range:Spray_Time;range:Coolant_Temp,True
q42_r2_s738,2,272,range:Velocity_1;range:Velocity_2;range:Velocity_3;range:Cycle_Time;range:Spray_Time;range:Coolant_Temp,True
q42_r2_s739,2,272,range:Velocity_1;range:Velocity_2;range:Velocity_3;range:Cycle_Time;range:Spray_Time;range:Coolant_Temp,True
q42_r2_s740,2,272,range:Velocity_1;range:Velocity_2;range:Velocity_3;range:Cycle_Time;range:Spray_Time;range:Coolant_Temp,True
q42_r2_s741,2,272,range:Velocity_1;range:Velocity_2;range:Velocity_3;range:Spray_Time;range:Coolant_Temp,True
q42_r2_s742,2,272,range:Velocity_1;range:Velocity_2;range:Velocity_3;range:Spray_Time;range:Coolant_Temp,True
q42_r2_s743,2,272,range:Velocity_1;range:Velocity_2;range:Velocity_3;range:Spray_Time;range:Coolant_Temp,True
q42_r2_s744,2,272,range:Velocity_1;range:Velocity_2;range:Velocity_3;range:Spray_Time;range:Coolant_Temp,True
q42_r2_s745,2,272,range:Velocity_1;range:Velocity_2;range:Velocity_3;range:Spray_Time;range:Coolant_Temp;range:Factory_Humidity,True
q42_r3_s434,3,809,range:Factory_Humidity,True
q42_r3_s435,3,809,range:Factory_Humidity,True
q42_r3_s436,3,809,range:Factory_Humidity,True
q42_r3_s437,3,809,range:Factory_Humidity,True
q42_r3_s438,3,809,range:Factory_Humidity,True
q42_r3_s439,3,809,range:Factory_Humidity,True
q42_r3_s440,3,809,range:Factory_Humidity,True
q42_r3_s441,3,809,range:Factory_Humidity,True
q42_r3_s442,3,809,range:Factory_Humidity,True
q42_r3_s443,3,809,range:Factory_Humidity,True
q42_r3_s444,3,809,range:Factory_Humidity,True
q42_r3_s445,3,809,range:Factory_Humidity,True
q42_r3_s446,3,809,range:Factory_Temp;range:Factory_Humidity,True
q42_r3_s447,3,809,range:Factory_Temp;range:Factory_Humidity,True
q42_r3_s448,3,809,range:Factory_Temp;range:Factory_Humidity,True
q42_r3_s449,3,809,range:Factory_Temp;range:Factory_Humidity,True
q42_r3_s450,3,809,range:Factory_Temp;range:Factory_Humidity,True
q42_r3_s451,3,809,range:Factory_Temp;range:Factory_Humidity,True
q42_r3_s452,3,809,range:Factory_Temp;range:Factory_Humidity,True
q42_r3_s453,3,809,range:Factory_Temp;range:Factory_Humidity,True
q42_r3_s454,3,809,range:Factory_Temp;range:Factory_Humidity,True
q42_r3_s455,3,809,range:Factory_Temp;range:Factory_Humidity,True
q42_r3_s456,3,809,range:Factory_Temp;range:Factory_Humidity,True
q42_r3_s457,3,809,range:Factory_Temp;range:Factory_Humidity,True
q42_r3_s458,3,809,range:Factory_Temp;range:Factory_Humidity,True
q42_r3_s459,3,809,range:Melting_Furnace_Temp;range:Factory_Temp;range:Factory_Humidity,True
q42_r3_s460,3,809,range:Melting_Furnace_Temp;range:Factory_Temp;range:Factory_Humidity,True
q42_r3_s461,3,809,range:Melting_Furnace_Temp;range:Factory_Temp;range:Factory_Humidity,True
q42_r3_s462,3,809,range:Melting_Furnace_Temp;range:Factory_Temp;range:Factory_Humidity,True
q42_r3_s463,3,809,range:Melting_Furnace_Temp;range:Factory_Temp;range:Factory_Humidity,True
q42_r3_s464,3,809,range:Melting_Furnace_Temp;range:Factory_Temp;range:Factory_Humidity,True
q42_r3_s465,3,809,range:Melting_Furnace_Temp;range:Factory_Temp;range:Factory_Humidity,True
q42_r3_s466,3,809,range:Melting_Furnace_Temp;range:Factory_Temp;range:Factory_Humidity,True
q42_r3_s467,3,809,range:Melting_Furnace_Temp;range:Factory_Temp;range:Factory_Humidity,True
q42_r3_s468,3,809,range:Melting_Furnace_Temp;range:Factory_Temp;range:Factory_Humidity,True
q42_r3_s469,3,809,range:Melting_Furnace_Temp;range:Factory_Temp;range:Factory_Humidity,True
q42_r3_s470,3,809,range:Melting_Furnace_Temp;range:Factory_Temp;range:Factory_Humidity,True
q42_r3_s471,3,809,range:Melting_Furnace_Temp;range:Factory_Temp;range:Factory_Humidity,True
q42_r3_s472,3,809,range:Melting_Furnace_Temp;range:Factory_Temp;range:Factory_Humidity,True
q42_r3_s473,3,809,range:Melting_Furnace_Temp;range:Factory_Temp;range:Factory_Humidity,True
q42_r3_s474,3,809,range:Melting_Furnace_Temp;range:Factory_Temp;range:Factory_Humidity,True
q42_r3_s475,3,809,range:Melting_Furnace_Temp;range:Factory_Temp;range:Factory_Humidity,True
q42_r3_s476,3,809,range:Melting_Furnace_Temp;range:Factory_Temp;range:Factory_Humidity,True
q42_r3_s477,3,809,range:Melting_Furnace_Temp;range:Factory_Temp;range:Factory_Humidity,True
q42_r3_s478,3,809,range:Melting_Furnace_Temp;range:Factory_Temp;range:Factory_Humidity,True
q42_r3_s479,3,809,range:Melting_Furnace_Temp;range:Factory_Temp;range:Factory_Humidity,True
q42_r3_s480,3,809,range:Melting_Furnace_Temp;range:Factory_Temp;range:Factory_Humidity,True
q42_r3_s481,3,809,range:Melting_Furnace_Temp;range:Factory_Temp;range:Factory_Humidity,True
q42_r3_s482,3,809,range:Melting_Furnace_Temp;range:Factory_Temp;range:Factory_Humidity,True
q42_r3_s483,3,809,range:Melting_Furnace_Temp;range:Factory_Temp;range:Factory_Humidity,True
q42_r3_s484,3,809,range:Melting_Furnace_Temp;range:Factory_Temp;range:Factory_Humidity,True
q42_r3_s485,3,809,range:Melting_Furnace_Temp;range:Factory_Temp;range:Factory_Humidity,True
q42_r3_s486,3,809,range:Melting_Furnace_Temp;range:Factory_Temp;range:Factory_Humidity,True
q42_r3_s487,3,809,range:Melting_Furnace_Temp;range:Factory_Temp;range:Factory_Humidity,True
q42_r3_s488,3,809,range:Melting_Furnace_Temp;range:Factory_Temp;range:Factory_Humidity,True
q42_r3_s489,3,809,range:Melting_Furnace_Temp;range:Factory_Temp;range:Factory_Humidity,True
q42_r3_s490,3,809,range:Melting_Furnace_Temp;range:Factory_Temp;range:Factory_Humidity,True
q42_r3_s491,3,809,range:Melting_Furnace_Temp;range:Factory_Temp;range:Factory_Humidity,True
q42_r3_s492,3,809,range:Melting_Furnace_Temp;range:Factory_Temp;range:Factory_Humidity,True
q42_r3_s493,3,809,range:Melting_Furnace_Temp;range:Factory_Temp;range:Factory_Humidity,True
q42_r3_s494,3,809,range:Melting_Furnace_Temp;range:Factory_Temp;range:Factory_Humidity,True
q42_r3_s495,3,809,range:Melting_Furnace_Temp;range:Factory_Temp;range:Factory_Humidity,True
q42_r3_s496,3,809,range:Melting_Furnace_Temp;range:Factory_Temp;range:Factory_Humidity,True
q42_r3_s497,3,809,range:Melting_Furnace_Temp;range:Factory_Temp;range:Factory_Humidity,True
q42_r3_s498,3,809,range:Melting_Furnace_Temp;range:Factory_Temp;range:Factory_Humidity,True
q42_r3_s499,3,809,range:Melting_Furnace_Temp;range:Factory_Temp;range:Factory_Humidity,True
q42_r3_s500,3,809,range:Melting_Furnace_Temp;range:Factory_Temp;range:Factory_Humidity,True
q42_r3_s501,3,809,range:Melting_Furnace_Temp;range:Factory_Temp;range:Factory_Humidity,True
q42_r3_s502,3,809,range:Melting_Furnace_Temp;range:Factory_Temp;range:Factory_Humidity,True
q42_r3_s503,3,809,range:Melting_Furnace_Temp;range:Factory_Temp;range:Factory_Humidity,True
q42_r3_s504,3,809,range:Melting_Furnace_Temp;range:Factory_Temp;range:Factory_Humidity,True
q42_r3_s505,3,809,range:Melting_Furnace_Temp;range:Factory_Temp;range:Factory_Humidity,True
q42_r3_s506,3,809,range:Melting_Furnace_Temp;range:Factory_Temp;range:Factory_Humidity,True
q42_r3_s517,3,809,,False
q42_r3_s518,3,809,range:Clamping_Force,True
q42_r3_s519,3,32,range:Clamping_Force,True
q42_r3_s520,3,809,,False
q42_r3_s521,3,809,,False
q42_r3_s522,3,809,,False
q42_r3_s523,3,809,,False
q42_r3_s524,3,809,,False
q42_r3_s525,3,809,,False
q42_r3_s526,3,809,,False
q42_r3_s527,3,809,,False
q42_r3_s528,3,809,,False
q42_r3_s529,3,809,,False
q42_r3_s530,3,809,,False
q42_r3_s531,3,809,,False
q42_r3_s532,3,809,,False
q42_r3_s533,3,809,,False
q42_r3_s534,3,809,,False
q42_r3_s535,3,809,,False
q42_r3_s536,3,809,range:Factory_Temp,True
q42_r3_s537,3,809,range:Factory_Temp,True
q42_r3_s538,3,809,range:Factory_Temp,True
q42_r3_s539,3,809,range:Factory_Temp,True
q42_r3_s540,3,809,range:Factory_Temp,True
q42_r3_s541,3,809,,False
q42_r3_s542,3,809,,False
q42_r3_s543,3,809,,False
q42_r3_s544,3,809,,False
q42_r3_s545,3,809,,False
q42_r3_s546,3,809,,False
q42_r3_s547,3,809,,False
q42_r3_s548,3,809,,False
q42_r3_s549,3,809,,False
q42_r3_s550,3,809,,False
q42_r3_s551,3,809,,False
q42_r3_s552,3,809,,False
q42_r3_s553,3,809,,False
q42_r3_s554,3,809,,False
q42_r3_s555,3,809,,False
q42_r3_s556,3,809,,False
q42_r3_s557,3,809,,False
q42_r3_s558,3,809,,False
q42_r3_s559,3,809,,False
q42_r3_s560,3,809,,False
q42_r3_s561,3,809,,False
q42_r3_s562,3,809,,False
q42_r3_s563,3,809,,False
q42_r3_s564,3,809,,False
q42_r3_s565,3,809,,False
q42_r3_s566,3,809,,False
q42_r3_s567,3,809,,False
q42_r3_s568,3,809,,False
q42_r3_s569,3,809,,False
q42_r3_s570,3,809,,False
q42_r3_s571,3,809,,False
q42_r3_s572,3,809,,False
q42_r3_s573,3,809,range:Coolant_Temp,True
q42_r3_s574,3,809,range:Coolant_Temp,True
q42_r3_s575,3,809,,False
q42_r3_s576,3,809,,False
q42_r3_s577,3,809,range:Coolant_Temp,True
q42_r3_s578,3,809,range:Coolant_Temp,True
q42_r3_s579,3,809,range:Coolant_Temp,True
q42_r3_s580,3,809,range:Coolant_Temp,True
q42_r3_s581,3,809,range:Coolant_Temp,True
q42_r3_s582,3,809,,False
q42_r3_s583,3,809,,False
q42_r3_s584,3,809,,False
q42_r3_s585,3,809,range:Coolant_Temp,True
q42_r3_s586,3,809,range:Coolant_Temp,True
q42_r3_s587,3,809,range:Coolant_Temp,True
q42_r3_s588,3,809,range:Coolant_Temp,True
q42_r3_s589,3,809,range:Coolant_Temp,True
q42_r3_s590,3,809,range:Coolant_Temp,True
q42_r3_s591,3,809,range:Coolant_Temp,True
q42_r3_s592,3,809,,False
q42_r3_s593,3,809,,False
q42_r3_s594,3,809,,False
q42_r3_s595,3,809,,False
q42_r3_s596,3,809,range:Coolant_Temp,True
q42_r3_s597,3,809,range:Coolant_Temp,True
q42_r3_s598,3,809,range:Coolant_Temp,True
q42_r3_s599,3,809,,False
q42_r3_s600,3,809,,False
q42_r3_s601,3,809,,False
q42_r3_s602,3,809,,False
q42_r3_s603,3,809,,False
q42_r3_s604,3,809,,False
q42_r3_s605,3,809,range:Coolant_Temp,True
q42_r3_s606,3,32,range:Coolant_Temp,True
q42_r3_s607,3,32,range:Coolant_Temp,True
q42_r3_s608,3,809,,False
q42_r3_s609,3,809,,False
q42_r3_s610,3,809,range:Coolant_Temp,True
q42_r3_s611,3,809,range:Coolant_Temp,True
q42_r3_s612,3,32,range:Coolant_Temp,True
q42_r3_s613,3,809,range:Coolant_Temp,True
q42_r3_s614,3,809,range:Coolant_Temp,True
q42_r3_s615,3,809,range:Coolant_Temp,True
q42_r3_s616,3,809,range:Coolant_Temp,True
q42_r3_s617,3,809,range:Coolant_Temp,True
q42_r3_s618,3,809,range:Coolant_Temp,True
q42_r3_s619,3,809,range:Coolant_Temp,True
q42_r3_s620,3,809,range:Coolant_Temp,True
q42_r3_s621,3,809,range:Coolant_Temp,True
q42_r3_s622,3,809,,False
q42_r3_s623,3,809,,False
q42_r4_s510,4,240,,False
q42_r4_s511,4,809,,False
q42_r4_s512,4,809,,False
q42_r4_s513,4,240,,False
q42_r4_s514,4,240,,False
q42_r4_s515,4,809,,False
q42_r4_s516,4,240,,False
q42_r4_s517,4,240,,False
q42_r4_s518,4,240,,False
q42_r4_s519,4,240,,False
q42_r4_s520,4,809,,False
q42_r4_s521,4,240,,False
q42_r4_s522,4,240,,False
q42_r4_s523,4,240,,False
q42_r4_s524,4,240,,False
q42_r4_s525,4,240,,False
q42_r4_s526,4,240,range:Melting_Furnace_Temp,True
q42_r4_s527,4,240,range:Melting_Furnace_Temp,True
q42_r4_s528,4,240,range:Melting_Furnace_Temp,True
q42_r4_s529,4,809,range:Melting_Furnace_Temp,True
q42_r4_s530,4,240,range:Melting_Furnace_Temp,True
q42_r4_s536,4,15,joint_support,True
q42_r4_s537,4,240,,False
q42_r4_s538,4,240,,False
q42_r4_s539,4,240,range:Clamping_Force,True
q42_r4_s540,4,240,range:Clamping_Force,True
q42_r4_s541,4,240,,False
q42_r4_s542,4,240,,False
q42_r4_s543,4,240,,False
q42_r4_s544,4,240,,False
q42_r4_s545,4,240,,False
q42_r4_s546,4,240,,False
q42_r4_s547,4,809,,False
q42_r4_s548,4,240,,False
q42_r4_s549,4,809,,False
q42_r4_s550,4,240,,False
q42_r4_s551,4,240,,False
q42_r4_s552,4,240,,False
q42_r4_s553,4,240,,False
q42_r4_s554,4,809,,False
q42_r4_s555,4,240,,False
q42_r4_s556,4,32,,False
q42_r4_s557,4,809,,False
q42_r4_s558,4,240,,False
q42_r4_s559,4,240,,False
q42_r4_s560,4,240,,False
q42_r4_s561,4,809,,False
q42_r4_s562,4,240,,False
q42_r4_s563,4,809,,False
q42_r4_s564,4,809,,False
q42_r4_s565,4,32,,False
q42_r4_s566,4,32,,False
q42_r4_s567,4,809,,False
q42_r4_s568,4,809,,False
q42_r4_s569,4,240,,False
q42_r4_s570,4,240,,False
q42_r4_s571,4,240,,False
q42_r4_s572,4,809,,False
q42_r4_s573,4,15,joint_support,True
q42_r4_s574,4,240,,False
q42_r4_s575,4,809,,False
q42_r4_s576,4,240,,False
q42_r4_s577,4,15,joint_support,True
q42_r4_s578,4,240,,False
q42_r4_s579,4,809,,False
q42_r4_s580,4,240,,False
q42_r4_s581,4,240,,False
q42_r4_s582,4,809,,False
q42_r4_s583,4,809,,False
q42_r4_s584,4,240,,False
q42_r4_s585,4,240,,False
q42_r4_s586,4,809,,False
q42_r4_s587,4,809,,False
q42_r4_s588,4,809,,False
q42_r4_s589,4,809,,False
q42_r4_s590,4,240,,False
q42_r4_s591,4,809,,False
q42_r4_s592,4,240,,False
q42_r4_s593,4,240,,False
q42_r4_s594,4,809,,False
q42_r4_s595,4,809,,False
q42_r4_s596,4,240,,False
q42_r4_s597,4,809,,False
q42_r4_s598,4,809,,False
q42_r4_s599,4,240,,False
q42_r4_s600,4,809,,False
q42_r4_s601,4,809,,False
q42_r4_s602,4,240,,False
q42_r4_s603,4,240,,False
q42_r4_s604,4,240,,False
q42_r4_s605,4,809,,False
q42_r4_s606,4,32,,False
q42_r4_s607,4,240,,False
q42_r4_s608,4,240,,False
q42_r4_s609,4,240,,False
q42_r4_s610,4,240,,False
q42_r4_s611,4,809,,False
q42_r4_s612,4,240,,False
q42_r4_s613,4,15,joint_support,True
q42_r4_s614,4,809,,False
q42_r4_s615,4,240,,False
q42_r4_s616,4,240,,False
q42_r4_s617,4,809,,False
q42_r4_s618,4,240,,False
q42_r4_s619,4,809,,False
q42_r4_s620,4,240,,False
q42_r4_s621,4,240,range:Clamping_Force,True
q42_r4_s622,4,240,,False
q42_r4_s623,4,809,,False
q42_r4_s624,4,15,joint_support,True
q42_r4_s625,4,809,,False
q42_r4_s626,4,809,,False
q42_r4_s627,4,240,,False
q42_r4_s628,4,809,,False
q42_r4_s629,4,32,,False
q42_r4_s630,4,240,,False
q42_r4_s631,4,809,,False
q42_r4_s632,4,240,,False
q42_r4_s633,4,240,,False
q42_r4_s634,4,240,,False
q42_r4_s635,4,240,,False
q42_r4_s636,4,15,joint_support,True
q42_r4_s637,4,15,joint_support,True
q42_r4_s638,4,240,,False
q42_r4_s639,4,240,,False
q42_r4_s640,4,240,,False
q42_r4_s641,4,240,,False
q42_r4_s642,4,809,,False
q42_r4_s643,4,809,,False
q42_r4_s644,4,809,,False
q42_r4_s645,4,809,,False
q42_r4_s646,4,240,,False
q42_r4_s647,4,240,,False
q42_r4_s648,4,240,,False
q42_r4_s649,4,240,,False
q42_r4_s650,4,240,,False
q42_r4_s651,4,809,,False
q42_r4_s652,4,240,,False
q42_r4_s653,4,15,joint_support,True
q42_r4_s654,4,809,,False
q42_r4_s655,4,240,range:fb_known_count,True
q42_r4_s656,4,240,range:fb_known_count,True
q42_r4_s657,4,809,range:fb_known_count,True
q42_r4_s658,4,15,range:fb_known_count;joint_support,True
q42_r4_s659,4,240,range:fb_known_count,True
q42_r4_s660,4,32,range:fb_known_count,True
q42_r4_s661,4,240,range:fb_known_count,True
q42_r4_s662,4,809,range:fb_known_count,True
q42_r4_s663,4,809,range:fb_known_count,True
q42_r4_s664,4,809,range:fb_known_count,True
q42_r4_s665,4,240,range:fb_known_count,True
q42_r4_s666,4,240,range:fb_known_count,True
q42_r4_s667,4,809,range:fb_known_count,True
q42_r4_s668,4,240,range:fb_known_count,True
q42_r4_s669,4,240,range:fb_known_count,True
q42_r4_s670,4,809,range:fb_known_count,True
q42_r4_s671,4,240,range:fb_known_count,True
q42_r4_s672,4,809,range:fb_known_count,True
q42_r4_s673,4,809,range:fb_known_count,True
q42_r4_s674,4,240,range:fb_known_count,True
q42_r4_s675,4,809,range:fb_known_count,True
q42_r4_s676,4,240,range:fb_known_count,True
q42_r4_s677,4,240,range:fb_known_count,True
q42_r4_s678,4,809,range:fb_known_count,True
q42_r4_s679,4,809,range:fb_known_count,True
q42_r4_s680,4,809,range:fb_known_count,True
q42_r4_s681,4,809,range:fb_known_count,True
q42_r4_s682,4,809,range:fb_known_count,True
q42_r4_s683,4,240,range:fb_known_count,True
q42_r4_s684,4,240,range:fb_known_count,True
q42_r4_s685,4,240,range:fb_known_count,True
q42_r4_s686,4,809,range:fb_known_count,True
q42_r4_s687,4,240,range:fb_known_count,True
q42_r4_s688,4,809,range:fb_known_count,True
q42_r4_s689,4,809,range:fb_known_count,True
q42_r4_s690,4,240,range:fb_known_count,True
q42_r4_s691,4,240,range:fb_known_count,True
q42_r4_s692,4,240,range:fb_known_count,True
q42_r4_s693,4,240,range:fb_known_count,True
q42_r4_s694,4,809,range:fb_known_count,True
q42_r4_s695,4,15,range:fb_known_count;joint_support,True
q42_r4_s696,4,240,range:fb_known_count,True
q42_r4_s697,4,240,range:fb_known_count,True
q42_r4_s698,4,809,range:fb_known_count,True
q42_r4_s699,4,240,range:fb_known_count,True
q42_r4_s700,4,809,range:fb_known_count,True
q42_r4_s701,4,240,range:fb_known_count,True
q42_r4_s702,4,809,range:fb_known_count,True
q42_r4_s703,4,809,range:fb_known_count,True
q42_r4_s704,4,809,range:fb_known_count,True
q42_r4_s705,4,809,range:fb_known_count,True
q42_r4_s706,4,809,range:fb_known_count,True
q42_r4_s707,4,32,range:fb_known_count,True
q42_r4_s708,4,809,range:fb_known_count,True
q42_r4_s709,4,809,range:fb_known_count,True
q42_r4_s710,4,809,range:fb_known_count,True
q42_r4_s711,4,809,range:fb_known_count,True
q42_r4_s712,4,809,range:fb_known_count,True
q42_r4_s713,4,809,range:fb_known_count,True
q42_r4_s714,4,240,range:fb_known_count,True
q42_r4_s715,4,240,range:fb_known_count,True
q42_r4_s716,4,809,range:fb_known_count,True
q42_r4_s717,4,240,range:fb_known_count,True
q42_r4_s718,4,240,range:fb_known_count,True
q42_r4_s719,4,809,range:fb_known_count,True
q42_r4_s720,4,809,range:fb_known_count,True
q42_r4_s721,4,809,range:fb_known_count,True
q42_r4_s722,4,809,range:fb_known_count,True
q42_r4_s723,4,240,range:fb_known_count,True
q42_r4_s724,4,32,range:fb_known_count,True
q42_r4_s725,4,809,range:fb_known_count,True
q42_r4_s726,4,240,range:fb_known_count,True
q42_r4_s727,4,240,range:fb_known_count,True
q42_r4_s728,4,809,range:fb_known_count,True
q42_r4_s729,4,809,range:fb_known_count,True
q42_r4_s730,4,809,range:fb_known_count,True
q42_r4_s731,4,809,range:fb_known_count,True
q42_r4_s732,4,240,range:fb_known_count,True
q42_r6_s458,6,809,range:Coolant_Temp,True
q42_r6_s459,6,809,range:Coolant_Temp,True
q42_r6_s460,6,809,range:Coolant_Temp,True
q42_r6_s461,6,809,range:Coolant_Temp,True
q42_r6_s462,6,809,range:Coolant_Temp,True
q42_r6_s463,6,809,range:Coolant_Temp,True
q42_r6_s464,6,240,range:Coolant_Temp,True
q42_r6_s465,6,809,range:Coolant_Temp,True
q42_r6_s466,6,240,range:Coolant_Temp,True
q42_r6_s467,6,809,range:Coolant_Temp,True
q42_r6_s468,6,809,range:Coolant_Temp,True
q42_r6_s469,6,809,range:Coolant_Temp,True
q42_r6_s470,6,809,range:Coolant_Temp,True
q42_r6_s471,6,809,range:Coolant_Temp,True
q42_r6_s472,6,809,range:Coolant_Temp,True
q42_r6_s473,6,809,range:Coolant_Temp,True
q42_r6_s474,6,809,range:Coolant_Temp,True
q42_r6_s475,6,32,range:Coolant_Temp,True
q42_r6_s476,6,809,range:Coolant_Temp,True
q42_r6_s477,6,240,range:Coolant_Temp,True
q42_r6_s478,6,240,range:Coolant_Temp,True
q42_r6_s479,6,240,range:Coolant_Temp,True
q42_r6_s480,6,240,range:Coolant_Temp,True
q42_r6_s481,6,809,range:Coolant_Temp,True
q42_r6_s482,6,240,range:Coolant_Temp,True
q42_r6_s483,6,809,range:Coolant_Temp,True
q42_r6_s484,6,809,range:Coolant_Temp,True
q42_r6_s485,6,240,range:Coolant_Temp,True
q42_r6_s486,6,240,range:Coolant_Temp,True
q42_r6_s487,6,809,range:Coolant_Temp,True
q42_r6_s488,6,240,range:Coolant_Temp,True
q42_r6_s489,6,809,range:Coolant_Temp,True
q42_r6_s490,6,809,range:Coolant_Temp,True
q42_r6_s491,6,809,range:Coolant_Temp,True
q42_r6_s492,6,240,range:Coolant_Temp,True
q42_r6_s493,6,15,range:Coolant_Temp;joint_support,True
q42_r6_s497,6,240,range:Coolant_Temp,True
q42_r6_s498,6,809,range:Coolant_Temp,True
q42_r6_s499,6,809,range:Coolant_Temp,True
q42_r6_s500,6,809,range:Coolant_Temp,True
q42_r6_s501,6,809,range:Coolant_Temp,True
q42_r6_s502,6,809,range:Coolant_Temp,True
q42_r6_s503,6,240,range:Coolant_Temp,True
q42_r6_s504,6,809,range:Coolant_Temp,True
q42_r6_s505,6,240,range:Coolant_Temp,True
q42_r6_s506,6,240,range:Coolant_Temp,True
q42_r6_s507,6,240,range:Coolant_Temp,True
q42_r6_s508,6,240,range:Coolant_Temp,True
q42_r6_s509,6,809,range:Coolant_Temp,True
q42_r6_s510,6,240,range:Coolant_Temp,True
q42_r6_s511,6,240,range:Coolant_Temp,True
q42_r6_s512,6,240,range:Coolant_Temp,True
q42_r6_s513,6,809,range:Coolant_Temp,True
q42_r6_s514,6,809,range:Coolant_Temp,True
q42_r6_s515,6,240,range:Coolant_Temp,True
q42_r6_s516,6,240,range:Coolant_Temp,True
q42_r6_s517,6,809,range:Coolant_Temp,True
q42_r6_s518,6,809,range:Coolant_Temp,True
q42_r6_s519,6,240,range:Coolant_Temp,True
q42_r6_s520,6,32,range:Coolant_Temp,True
q42_r6_s521,6,809,range:Coolant_Temp,True
q42_r6_s522,6,809,range:Coolant_Temp,True
q42_r6_s523,6,809,range:Coolant_Temp,True
q42_r6_s524,6,240,range:Coolant_Temp,True
q42_r6_s525,6,240,range:Coolant_Temp,True
q42_r6_s526,6,809,range:Coolant_Temp,True
q42_r6_s527,6,240,range:Coolant_Temp,True
q42_r6_s528,6,240,range:Coolant_Temp,True
q42_r6_s529,6,809,range:Coolant_Temp,True
q42_r6_s530,6,809,range:Coolant_Temp,True
q42_r6_s531,6,809,range:Coolant_Temp,True
q42_r6_s532,6,809,range:Coolant_Temp,True
q42_r6_s533,6,809,range:Coolant_Temp,True
q42_r6_s534,6,240,range:Coolant_Temp,True
q42_r6_s535,6,240,range:Coolant_Temp,True
q42_r6_s536,6,240,range:Coolant_Temp,True
q42_r6_s537,6,240,range:Coolant_Temp,True
q42_r6_s538,6,240,range:Coolant_Temp,True
q42_r6_s539,6,240,range:Coolant_Temp,True
q42_r6_s540,6,240,range:Coolant_Temp,True
q42_r6_s541,6,809,range:Coolant_Temp,True
q42_r6_s542,6,240,range:Coolant_Temp,True
q42_r6_s543,6,240,range:Coolant_Temp,True
q42_r6_s544,6,809,range:Coolant_Temp,True
q42_r6_s545,6,809,range:Coolant_Temp,True
q42_r6_s546,6,809,range:Coolant_Temp,True
q42_r6_s547,6,809,range:Coolant_Temp,True
q42_r6_s548,6,240,range:Coolant_Temp,True
q42_r6_s549,6,809,range:Coolant_Temp,True
q42_r6_s550,6,15,range:Coolant_Temp;joint_support,True
q42_r6_s551,6,240,range:Coolant_Temp,True
q42_r6_s552,6,240,range:Coolant_Temp,True
q42_r6_s553,6,240,range:Coolant_Temp,True
q42_r6_s554,6,809,range:Coolant_Temp,True
q42_r6_s555,6,809,range:Coolant_Temp,True
q42_r6_s556,6,809,range:Coolant_Temp,True
q42_r6_s557,6,809,range:Coolant_Temp,True
q42_r6_s558,6,240,range:Coolant_Temp,True
q42_r6_s559,6,809,range:Coolant_Temp,True
q42_r6_s560,6,809,range:Coolant_Temp,True
q42_r6_s561,6,809,range:Coolant_Temp,True
q42_r6_s562,6,809,range:Coolant_Temp,True
q42_r6_s563,6,809,range:Coolant_Temp,True
q42_r6_s564,6,809,range:Coolant_Temp,True
q42_r6_s565,6,809,range:Coolant_Temp,True
q42_r6_s566,6,809,range:Coolant_Temp,True
q42_r6_s567,6,809,range:Coolant_Temp,True
q42_r6_s568,6,240,range:Coolant_Temp,True
q42_r6_s569,6,809,range:Coolant_Temp,True
q42_r6_s570,6,240,range:Coolant_Temp,True
q42_r6_s571,6,809,range:Coolant_Temp,True
q42_r6_s572,6,809,range:Coolant_Temp,True
q42_r6_s573,6,809,range:Coolant_Temp,True
q42_r6_s574,6,809,range:Coolant_Temp,True
q42_r6_s575,6,809,range:Coolant_Temp,True
q42_r6_s576,6,809,range:Coolant_Temp,True
q42_r6_s577,6,809,range:Coolant_Temp,True
q42_r6_s578,6,809,range:Coolant_Temp,True
q42_r6_s589,6,240,range:Coolant_Temp,True
q42_r6_s590,6,240,range:Coolant_Temp,True
q42_r6_s591,6,809,range:Coolant_Temp,True
q42_r6_s592,6,240,range:Coolant_Temp,True
q42_r6_s593,6,809,range:Coolant_Temp,True
q42_r6_s594,6,240,range:Coolant_Temp,True
q42_r6_s595,6,240,range:Coolant_Temp,True
q42_r6_s596,6,809,range:Coolant_Temp,True
q42_r6_s597,6,809,range:Clamping_Force;range:Coolant_Temp,True
q42_r6_s598,6,809,range:Clamping_Force;range:Coolant_Temp,True
q42_r6_s599,6,240,range:Coolant_Temp,True
q42_r6_s600,6,809,range:Coolant_Temp,True
q42_r6_s601,6,809,range:Coolant_Temp,True
q42_r6_s602,6,809,range:Coolant_Temp,True
q42_r6_s603,6,240,range:Coolant_Temp,True
q42_r6_s604,6,240,range:Coolant_Temp,True
q42_r6_s605,6,809,range:Coolant_Temp,True
q42_r6_s606,6,32,range:Coolant_Temp,True
q42_r6_s607,6,32,range:Coolant_Temp,True
q42_r6_s608,6,809,range:Coolant_Temp,True
q42_r6_s609,6,240,range:Coolant_Temp,True
q42_r6_s610,6,809,range:Coolant_Temp,True
q42_r6_s611,6,809,range:Coolant_Temp,True
q42_r6_s612,6,809,range:Coolant_Temp,True
q42_r6_s613,6,240,range:Coolant_Temp,True
q42_r6_s614,6,240,range:Coolant_Temp,True
q42_r6_s615,6,809,range:Coolant_Temp,True
q42_r6_s616,6,809,range:Coolant_Temp,True
q42_r6_s617,6,240,range:Coolant_Temp,True
q42_r6_s618,6,809,range:Coolant_Temp,True
q42_r6_s619,6,240,range:Coolant_Temp,True
q42_r6_s620,6,240,range:Coolant_Temp,True
q42_r6_s621,6,240,range:Coolant_Temp,True
q42_r6_s622,6,809,range:Coolant_Temp,True
q42_r6_s623,6,809,range:Coolant_Temp,True
q42_r6_s624,6,809,range:Coolant_Temp,True
q42_r6_s625,6,809,range:Coolant_Temp,True
q42_r6_s626,6,809,range:Coolant_Temp,True
q42_r6_s627,6,240,range:Coolant_Temp,True
q42_r6_s628,6,809,range:Coolant_Temp,True
q42_r6_s629,6,809,range:Coolant_Temp,True
q42_r6_s630,6,809,range:Coolant_Temp,True
q42_r6_s631,6,809,range:Coolant_Temp,True
q42_r6_s632,6,809,range:Coolant_Temp,True
q42_r6_s633,6,809,range:Coolant_Temp,True
q42_r6_s634,6,809,range:Coolant_Temp,True
q42_r6_s635,6,809,range:Coolant_Temp,True
q42_r6_s636,6,240,range:Coolant_Temp,True
q42_r6_s637,6,809,range:Coolant_Temp,True
q42_r6_s638,6,240,range:Coolant_Temp,True
q42_r6_s639,6,240,range:Coolant_Temp,True
q42_r6_s640,6,809,range:Coolant_Temp,True
q42_r6_s641,6,809,range:Coolant_Temp,True
q42_r6_s642,6,809,range:Coolant_Temp,True
q42_r6_s643,6,240,range:Coolant_Temp,True
q42_r6_s644,6,809,range:Coolant_Temp,True
q42_r6_s645,6,240,range:Coolant_Temp,True
q42_r6_s646,6,240,range:Coolant_Temp,True
q42_r6_s647,6,240,range:Coolant_Temp,True
q42_r6_s648,6,240,range:Coolant_Temp,True
q42_r6_s649,6,240,range:Coolant_Temp,True
q42_r6_s650,6,240,range:Coolant_Temp,True
q42_r6_s651,6,809,range:Coolant_Temp,True
q42_r6_s652,6,809,range:Coolant_Temp,True
q42_r6_s653,6,809,range:Coolant_Temp,True
q42_r6_s654,6,809,range:Coolant_Temp,True
q42_r6_s655,6,809,range:Coolant_Temp,True
q42_r6_s656,6,240,range:Coolant_Temp,True
q42_r6_s657,6,809,range:Coolant_Temp,True
q42_r6_s658,6,809,range:Coolant_Temp,True
q42_r6_s659,6,240,range:Coolant_Temp,True
q42_r6_s660,6,240,range:Coolant_Temp,True
q42_r6_s661,6,809,range:Coolant_Temp,True
