scheme,fold,representation,model,validation_ap,seed,role,n,positive,prevalence,ap,auc,brier,threshold,tp,fp,fn,tn,fpr,inspect10,caught10,capture10,inspect20,caught20,capture20,inspect30,caught30,capture30
forward_run,2,FB,logistic,0.16185207980021038,17,validation,1157,158,0.1365600691443388,0.16185207980021038,0.5489698559318812,0.16059480979140478,0.35903207035474527,41,191,117,808,0.19119119119119118,115,20,0.12658227848101267,231,41,0.25949367088607594,347,53,0.33544303797468356
forward_run,2,FB,logistic,0.16185207980021038,17,test,397,5,0.012594458438287154,0.010757685955321032,0.326530612244898,0.11105416988417452,0.35903207035474527,0,20,5,372,0.05102040816326531,39,0,0.0,79,0,0.0,119,0,0.0
forward_run,2,FB,logistic,0.16185207980021038,29,validation,1157,158,0.1365600691443388,0.16185207980021038,0.5489698559318812,0.16059480979140478,0.35903207035474527,41,191,117,808,0.19119119119119118,115,20,0.12658227848101267,231,41,0.25949367088607594,347,53,0.33544303797468356
forward_run,2,FB,logistic,0.16185207980021038,29,test,397,5,0.012594458438287154,0.010757685955321032,0.326530612244898,0.11105416988417452,0.35903207035474527,0,20,5,372,0.05102040816326531,39,0,0.0,79,0,0.0,119,0,0.0
forward_run,2,FB,logistic,0.16185207980021038,43,validation,1157,158,0.1365600691443388,0.16185207980021038,0.5489698559318812,0.16059480979140478,0.35903207035474527,41,191,117,808,0.19119119119119118,115,20,0.12658227848101267,231,41,0.25949367088607594,347,53,0.33544303797468356
forward_run,2,FB,logistic,0.16185207980021038,43,test,397,5,0.012594458438287154,0.010757685955321032,0.326530612244898,0.11105416988417452,0.35903207035474527,0,20,5,372,0.05102040816326531,39,0,0.0,79,0,0.0,119,0,0.0
forward_run,2,H,catboost,0.20155813565184388,17,validation,1157,158,0.1365600691443388,0.19598018272441514,0.5997864953561156,0.15772083057375444,0.40616200768656907,56,176,102,823,0.17617617617617617,115,27,0.17088607594936708,231,55,0.34810126582278483,347,70,0.4430379746835443
forward_run,2,H,catboost,0.20155813565184388,17,test,397,5,0.012594458438287154,0.012413768274354017,0.4247448979591837,0.07881376867136558,0.40616200768656907,0,11,5,381,0.02806122448979592,39,0,0.0,79,0,0.0,119,0,0.0
forward_run,2,H,catboost,0.20155813565184388,29,validation,1157,158,0.1365600691443388,0.2023531276479283,0.6009458825914522,0.1536635562985542,0.3907713255167112,57,175,101,824,0.17517517517517517,115,27,0.17088607594936708,231,57,0.36075949367088606,347,70,0.4430379746835443
forward_run,2,H,catboost,0.20155813565184388,29,test,397,5,0.012594458438287154,0.020527570580053712,0.6145408163265306,0.06626375517666051,0.3907713255167112,0,7,5,385,0.017857142857142856,39,1,0.2,79,1,0.2,119,1,0.2
forward_run,2,H,catboost,0.20155813565184388,43,validation,1157,158,0.1365600691443388,0.20634109658318817,0.6094797328974544,0.15041533764532988,0.3871545137514112,52,180,106,819,0.18018018018018017,115,28,0.17721518987341772,231,52,0.3291139240506329,347,73,0.4620253164556962
forward_run,2,H,catboost,0.20155813565184388,43,test,397,5,0.012594458438287154,0.016314523380606183,0.5073979591836735,0.06001835821395446,0.3871545137514112,0,4,5,388,0.01020408163265306,39,0,0.0,79,1,0.2,119,1,0.2
forward_run,2,P,catboost,0.1981140319890613,17,validation,1157,158,0.1365600691443388,0.20671174017254412,0.6282199921440428,0.14177198944329117,0.37402127818187053,50,182,108,817,0.18218218218218218,115,31,0.1962025316455696,231,50,0.31645569620253167,347,73,0.4620253164556962
forward_run,2,P,catboost,0.1981140319890613,17,test,397,5,0.012594458438287154,0.014836083566082112,0.5125,0.06699470885813553,0.37402127818187053,0,5,5,387,0.012755102040816327,39,0,0.0,79,0,0.0,119,1,0.2
forward_run,2,P,catboost,0.1981140319890613,29,validation,1157,158,0.1365600691443388,0.19307458525760773,0.6056277796784126,0.1477983295905464,0.38092481259795424,51,180,107,819,0.18018018018018017,115,27,0.17088607594936708,231,51,0.3227848101265823,347,70,0.4430379746835443
forward_run,2,P,catboost,0.1981140319890613,29,test,397,5,0.012594458438287154,0.01736435174228025,0.5548469387755103,0.069906067550306,0.38092481259795424,0,5,5,387,0.012755102040816327,39,0,0.0,79,1,0.2,119,2,0.4
forward_run,2,P,catboost,0.1981140319890613,43,validation,1157,158,0.1365600691443388,0.1945557705370321,0.6143960416112315,0.14591813830583922,0.3866240191352005,49,183,109,816,0.1831831831831832,115,26,0.16455696202531644,231,48,0.3037974683544304,347,68,0.43037974683544306
forward_run,2,P,catboost,0.1981140319890613,43,test,397,5,0.012594458438287154,0.022217455912177633,0.565561224489796,0.07121982160983643,0.3866240191352005,0,4,5,388,0.01020408163265306,39,1,0.2,79,1,0.2,119,1,0.2
forward_run,2,S,logistic,0.19353368860166062,17,validation,1157,158,0.1365600691443388,0.19353368860166062,0.5908313376667808,0.12294552628240703,0.2529911048551535,36,196,122,803,0.1961961961961962,115,22,0.13924050632911392,231,36,0.22784810126582278,347,54,0.34177215189873417
forward_run,2,S,logistic,0.19353368860166062,17,test,397,5,0.012594458438287154,0.011442528567481448,0.3806122448979592,0.013252784743960131,0.2529911048551535,0,0,5,392,0.0,39,0,0.0,79,0,0.0,119,0,0.0
forward_run,2,S,logistic,0.19353368860166062,29,validation,1157,158,0.1365600691443388,0.19353368860166062,0.5908313376667808,0.12294552628240703,0.2529911048551535,36,196,122,803,0.1961961961961962,115,22,0.13924050632911392,231,36,0.22784810126582278,347,54,0.34177215189873417
forward_run,2,S,logistic,0.19353368860166062,29,test,397,5,0.012594458438287154,0.011442528567481448,0.3806122448979592,0.013252784743960131,0.2529911048551535,0,0,5,392,0.0,39,0,0.0,79,0,0.0,119,0,0.0
forward_run,2,S,logistic,0.19353368860166062,43,validation,1157,158,0.1365600691443388,0.19353368860166062,0.5908313376667808,0.12294552628240703,0.2529911048551535,36,196,122,803,0.1961961961961962,115,22,0.13924050632911392,231,36,0.22784810126582278,347,54,0.34177215189873417
forward_run,2,S,logistic,0.19353368860166062,43,test,397,5,0.012594458438287154,0.011442528567481448,0.3806122448979592,0.013252784743960131,0.2529911048551535,0,0,5,392,0.0,39,0,0.0,79,0,0.0,119,0,0.0
forward_run,2,SH,logistic,0.19432019189200733,17,validation,1157,158,0.1365600691443388,0.19432019189200733,0.5911671164835721,0.12401199696250839,0.2611699893755205,36,196,122,803,0.1961961961961962,115,22,0.13924050632911392,231,36,0.22784810126582278,347,52,0.3291139240506329
forward_run,2,SH,logistic,0.19432019189200733,17,test,397,5,0.012594458438287154,0.012101017206982081,0.41428571428571426,0.013256256412422155,0.2611699893755205,0,1,5,391,0.002551020408163265,39,0,0.0,79,0,0.0,119,0,0.0
forward_run,2,SH,logistic,0.19432019189200733,29,validation,1157,158,0.1365600691443388,0.19432019189200733,0.5911671164835721,0.12401199696250839,0.2611699893755205,36,196,122,803,0.1961961961961962,115,22,0.13924050632911392,231,36,0.22784810126582278,347,52,0.3291139240506329
forward_run,2,SH,logistic,0.19432019189200733,29,test,397,5,0.012594458438287154,0.012101017206982081,0.41428571428571426,0.013256256412422155,0.2611699893755205,0,1,5,391,0.002551020408163265,39,0,0.0,79,0,0.0,119,0,0.0
forward_run,2,SH,logistic,0.19432019189200733,43,validation,1157,158,0.1365600691443388,0.19432019189200733,0.5911671164835721,0.12401199696250839,0.2611699893755205,36,196,122,803,0.1961961961961962,115,22,0.13924050632911392,231,36,0.22784810126582278,347,52,0.3291139240506329
forward_run,2,SH,logistic,0.19432019189200733,43,test,397,5,0.012594458438287154,0.012101017206982081,0.41428571428571426,0.013256256412422155,0.2611699893755205,0,1,5,391,0.002551020408163265,39,0,0.0,79,0,0.0,119,0,0.0
forward_run,2,SH_FB,logistic,0.1941923692621159,17,validation,1157,158,0.1365600691443388,0.1941923692621159,0.5968056664259196,0.11992378375779446,0.19983129251542184,37,195,121,804,0.19519519519519518,115,25,0.15822784810126583,231,37,0.23417721518987342,347,54,0.34177215189873417
forward_run,2,SH_FB,logistic,0.1941923692621159,17,test,397,5,0.012594458438287154,0.012059234685366738,0.39132653061224487,0.018499583248115074,0.19983129251542184,0,16,5,376,0.04081632653061224,39,0,0.0,79,0,0.0,119,1,0.2
forward_run,2,SH_FB,logistic,0.1941923692621159,29,validation,1157,158,0.1365600691443388,0.1941923692621159,0.5968056664259196,0.11992378375779446,0.19983129251542184,37,195,121,804,0.19519519519519518,115,25,0.15822784810126583,231,37,0.23417721518987342,347,54,0.34177215189873417
forward_run,2,SH_FB,logistic,0.1941923692621159,29,test,397,5,0.012594458438287154,0.012059234685366738,0.39132653061224487,0.018499583248115074,0.19983129251542184,0,16,5,376,0.04081632653061224,39,0,0.0,79,0,0.0,119,1,0.2
forward_run,2,SH_FB,logistic,0.1941923692621159,43,validation,1157,158,0.1365600691443388,0.1941923692621159,0.5968056664259196,0.11992378375779446,0.19983129251542184,37,195,121,804,0.19519519519519518,115,25,0.15822784810126583,231,37,0.23417721518987342,347,54,0.34177215189873417
forward_run,2,SH_FB,logistic,0.1941923692621159,43,test,397,5,0.012594458438287154,0.012059234685366738,0.39132653061224487,0.018499583248115074,0.19983129251542184,0,16,5,376,0.04081632653061224,39,0,0.0,79,0,0.0,119,1,0.2
forward_run,2,S_FB,logistic,0.1956149632291678,17,validation,1157,158,0.1365600691443388,0.19561496322916777,0.5974930626829361,0.11942526371984716,0.19791204904199775,38,194,120,805,0.1941941941941942,115,26,0.16455696202531644,231,38,0.24050632911392406,347,55,0.34810126582278483
forward_run,2,S_FB,logistic,0.1956149632291678,17,test,397,5,0.012594458438287154,0.011362544902375205,0.35714285714285715,0.01930671053827774,0.19791204904199775,0,19,5,373,0.04846938775510204,39,0,0.0,79,0,0.0,119,1,0.2
forward_run,2,S_FB,logistic,0.1956149632291678,29,validation,1157,158,0.1365600691443388,0.19561496322916777,0.5974930626829361,0.11942526371984716,0.19791204904199775,38,194,120,805,0.1941941941941942,115,26,0.16455696202531644,231,38,0.24050632911392406,347,55,0.34810126582278483
forward_run,2,S_FB,logistic,0.1956149632291678,29,test,397,5,0.012594458438287154,0.011362544902375205,0.35714285714285715,0.01930671053827774,0.19791204904199775,0,19,5,373,0.04846938775510204,39,0,0.0,79,0,0.0,119,1,0.2
forward_run,2,S_FB,logistic,0.1956149632291678,43,validation,1157,158,0.1365600691443388,0.19561496322916777,0.5974930626829361,0.11942526371984716,0.19791204904199775,38,194,120,805,0.1941941941941942,115,26,0.16455696202531644,231,38,0.24050632911392406,347,55,0.34810126582278483
forward_run,2,S_FB,logistic,0.1956149632291678,43,test,397,5,0.012594458438287154,0.011362544902375205,0.35714285714285715,0.01930671053827774,0.19791204904199775,0,19,5,373,0.04846938775510204,39,0,0.0,79,0,0.0,119,1,0.2
forward_run,3,FB,hist_gradient,0.020584371179134996,17,validation,397,5,0.012594458438287154,0.020584371179134996,0.6239795918367347,0.06619103006227474,0.3571221973717924,0,47,5,345,0.11989795918367346,39,0,0.0,79,1,0.2,119,2,0.4
forward_run,3,FB,hist_gradient,0.020584371179134996,17,test,600,44,0.07333333333333333,0.0655136422343154,0.43149117069980375,0.09975038082373285,0.3571221973717924,6,94,38,462,0.16906474820143885,60,3,0.06818181818181818,120,7,0.1590909090909091,180,9,0.20454545454545456
forward_run,3,FB,hist_gradient,0.020584371179134996,29,validation,397,5,0.012594458438287154,0.020584371179134996,0.6239795918367347,0.06619103006227474,0.3571221973717924,0,47,5,345,0.11989795918367346,39,0,0.0,79,1,0.2,119,2,0.4
forward_run,3,FB,hist_gradient,0.020584371179134996,29,test,600,44,0.07333333333333333,0.0655136422343154,0.43149117069980375,0.09975038082373285,0.3571221973717924,6,94,38,462,0.16906474820143885,60,3,0.06818181818181818,120,7,0.1590909090909091,180,9,0.20454545454545456
forward_run,3,FB,hist_gradient,0.020584371179134996,43,validation,397,5,0.012594458438287154,0.020584371179134996,0.6239795918367347,0.06619103006227474,0.3571221973717924,0,47,5,345,0.11989795918367346,39,0,0.0,79,1,0.2,119,2,0.4
forward_run,3,FB,hist_gradient,0.020584371179134996,43,test,600,44,0.07333333333333333,0.0655136422343154,0.43149117069980375,0.09975038082373285,0.3571221973717924,6,94,38,462,0.16906474820143885,60,3,0.06818181818181818,120,7,0.1590909090909091,180,9,0.20454545454545456
forward_run,3,H,hist_gradient,0.021075178403622552,17,validation,397,5,0.012594458438287154,0.021075178403622552,0.6390306122448979,0.026574157682889205,0.14728885107783402,2,75,3,317,0.1913265306122449,39,0,0.0,79,2,0.4,119,2,0.4
forward_run,3,H,hist_gradient,0.021075178403622552,17,test,600,44,0.07333333333333333,0.06955103512962085,0.4693018312622629,0.07175790306419953,0.14728885107783402,5,63,39,493,0.11330935251798561,60,5,0.11363636363636363,120,9,0.20454545454545456,180,13,0.29545454545454547
forward_run,3,H,hist_gradient,0.021075178403622552,29,validation,397,5,0.012594458438287154,0.021075178403622552,0.6390306122448979,0.026574157682889205,0.14728885107783402,2,75,3,317,0.1913265306122449,39,0,0.0,79,2,0.4,119,2,0.4
forward_run,3,H,hist_gradient,0.021075178403622552,29,test,600,44,0.07333333333333333,0.06955103512962085,0.4693018312622629,0.07175790306419953,0.14728885107783402,5,63,39,493,0.11330935251798561,60,5,0.11363636363636363,120,9,0.20454545454545456,180,13,0.29545454545454547
forward_run,3,H,hist_gradient,0.021075178403622552,43,validation,397,5,0.012594458438287154,0.021075178403622552,0.6390306122448979,0.026574157682889205,0.14728885107783402,2,75,3,317,0.1913265306122449,39,0,0.0,79,2,0.4,119,2,0.4
forward_run,3,H,hist_gradient,0.021075178403622552,43,test,600,44,0.07333333333333333,0.06955103512962085,0.4693018312622629,0.07175790306419953,0.14728885107783402,5,63,39,493,0.11330935251798561,60,5,0.11363636363636363,120,9,0.20454545454545456,180,13,0.29545454545454547
forward_run,3,P,lightgbm,0.021297546748176212,17,validation,397,5,0.012594458438287154,0.01596395285356164,0.5084183673469387,0.03076052362965697,0.17273626430084882,0,80,5,312,0.20408163265306123,39,0,0.0,79,0,0.0,119,2,0.4
forward_run,3,P,lightgbm,0.021297546748176212,17,test,600,44,0.07333333333333333,0.06481419939543516,0.44183289731850883,0.07144750981113053,0.17273626430084882,0,4,44,552,0.007194244604316547,60,4,0.09090909090909091,120,6,0.13636363636363635,180,11,0.25
forward_run,3,P,lightgbm,0.021297546748176212,29,validation,397,5,0.012594458438287154,0.029210986396615138,0.5711734693877552,0.03210848737969391,0.1848769102638166,3,77,2,315,0.19642857142857142,39,1,0.2,79,3,0.6,119,3,0.6
forward_run,3,P,lightgbm,0.021297546748176212,29,test,600,44,0.07333333333333333,0.06312695095551275,0.4404431000654022,0.07138644267625054,0.1848769102638166,0,4,44,552,0.007194244604316547,60,3,0.06818181818181818,120,4,0.09090909090909091,180,10,0.22727272727272727
forward_run,3,P,lightgbm,0.021297546748176212,43,validation,397,5,0.012594458438287154,0.018717700994351855,0.5625,0.030520676795893938,0.1685150326142222,1,79,4,313,0.20153061224489796,39,0,0.0,79,1,0.2,119,3,0.6
forward_run,3,P,lightgbm,0.021297546748176212,43,test,600,44,0.07333333333333333,0.07256612829365461,0.4708551340745586,0.07034651890917835,0.1685150326142222,0,4,44,552,0.007194244604316547,60,6,0.13636363636363635,120,7,0.1590909090909091,180,12,0.2727272727272727
forward_run,3,S,logistic,0.016157436880922218,17,validation,397,5,0.012594458438287154,0.016157436880922218,0.5591836734693878,0.31386519288653497,0.7155245136988317,0,80,5,312,0.20408163265306123,39,0,0.0,79,0,0.0,119,1,0.2
forward_run,3,S,logistic,0.016157436880922218,17,test,600,44,0.07333333333333333,0.0603201353800203,0.42499182472204056,0.07333331952856342,0.7155245136988317,0,0,44,556,0.0,60,2,0.045454545454545456,120,5,0.11363636363636363,180,8,0.18181818181818182
forward_run,3,S,logistic,0.016157436880922218,29,validation,397,5,0.012594458438287154,0.016157436880922218,0.5591836734693878,0.31386519288653497,0.7155245136988317,0,80,5,312,0.20408163265306123,39,0,0.0,79,0,0.0,119,1,0.2
forward_run,3,S,logistic,0.016157436880922218,29,test,600,44,0.07333333333333333,0.0603201353800203,0.42499182472204056,0.07333331952856342,0.7155245136988317,0,0,44,556,0.0,60,2,0.045454545454545456,120,5,0.11363636363636363,180,8,0.18181818181818182
forward_run,3,S,logistic,0.016157436880922218,43,validation,397,5,0.012594458438287154,0.016157436880922218,0.5591836734693878,0.31386519288653497,0.7155245136988317,0,80,5,312,0.20408163265306123,39,0,0.0,79,0,0.0,119,1,0.2
forward_run,3,S,logistic,0.016157436880922218,43,test,600,44,0.07333333333333333,0.0603201353800203,0.42499182472204056,0.07333331952856342,0.7155245136988317,0,0,44,556,0.0,60,2,0.045454545454545456,120,5,0.11363636363636363,180,8,0.18181818181818182
forward_run,3,SH,logistic,0.016523123958938065,17,validation,397,5,0.012594458438287154,0.016523123958938065,0.5698979591836735,0.34542749692483393,0.7534282243800944,0,80,5,312,0.20408163265306123,39,0,0.0,79,0,0.0,119,1,0.2
forward_run,3,SH,logistic,0.016523123958938065,17,test,600,44,0.07333333333333333,0.060235874158347025,0.4248283191628516,0.07333332521575521,0.7534282243800944,0,0,44,556,0.0,60,2,0.045454545454545456,120,5,0.11363636363636363,180,8,0.18181818181818182
forward_run,3,SH,logistic,0.016523123958938065,29,validation,397,5,0.012594458438287154,0.016523123958938065,0.5698979591836735,0.34542749692483393,0.7534282243800944,0,80,5,312,0.20408163265306123,39,0,0.0,79,0,0.0,119,1,0.2
forward_run,3,SH,logistic,0.016523123958938065,29,test,600,44,0.07333333333333333,0.060235874158347025,0.4248283191628516,0.07333332521575521,0.7534282243800944,0,0,44,556,0.0,60,2,0.045454545454545456,120,5,0.11363636363636363,180,8,0.18181818181818182
forward_run,3,SH,logistic,0.016523123958938065,43,validation,397,5,0.012594458438287154,0.016523123958938065,0.5698979591836735,0.34542749692483393,0.7534282243800944,0,80,5,312,0.20408163265306123,39,0,0.0,79,0,0.0,119,1,0.2
forward_run,3,SH,logistic,0.016523123958938065,43,test,600,44,0.07333333333333333,0.060235874158347025,0.4248283191628516,0.07333332521575521,0.7534282243800944,0,0,44,556,0.0,60,2,0.045454545454545456,120,5,0.11363636363636363,180,8,0.18181818181818182
forward_run,3,SH_FB,hist_gradient,0.03442102847792464,17,validation,397,5,0.012594458438287154,0.03442102847792464,0.6956632653061224,0.033500573335274286,0.18229993496337538,2,78,3,314,0.1989795918367347,39,1,0.2,79,2,0.4,119,3,0.6
forward_run,3,SH_FB,hist_gradient,0.03442102847792464,17,test,600,44,0.07333333333333333,0.062128207458786874,0.44354970568999347,0.21106651607359883,0.18229993496337538,42,528,2,28,0.9496402877697842,60,1,0.022727272727272728,120,5,0.11363636363636363,180,9,0.20454545454545456
forward_run,3,SH_FB,hist_gradient,0.03442102847792464,29,validation,397,5,0.012594458438287154,0.03442102847792464,0.6956632653061224,0.033500573335274286,0.18229993496337538,2,78,3,314,0.1989795918367347,39,1,0.2,79,2,0.4,119,3,0.6
forward_run,3,SH_FB,hist_gradient,0.03442102847792464,29,test,600,44,0.07333333333333333,0.062128207458786874,0.44354970568999347,0.21106651607359883,0.18229993496337538,42,528,2,28,0.9496402877697842,60,1,0.022727272727272728,120,5,0.11363636363636363,180,9,0.20454545454545456
forward_run,3,SH_FB,hist_gradient,0.03442102847792464,43,validation,397,5,0.012594458438287154,0.03442102847792464,0.6956632653061224,0.033500573335274286,0.18229993496337538,2,78,3,314,0.1989795918367347,39,1,0.2,79,2,0.4,119,3,0.6
forward_run,3,SH_FB,hist_gradient,0.03442102847792464,43,test,600,44,0.07333333333333333,0.062128207458786874,0.44354970568999347,0.21106651607359883,0.18229993496337538,42,528,2,28,0.9496402877697842,60,1,0.022727272727272728,120,5,0.11363636363636363,180,9,0.20454545454545456
forward_run,3,S_FB,hist_gradient,0.028926647681158175,17,validation,397,5,0.012594458438287154,0.028926647681158175,0.6056122448979592,0.03462384514381884,0.18449649162869733,2,77,3,315,0.19642857142857142,39,2,0.4,79,2,0.4,119,2,0.4
forward_run,3,S_FB,hist_gradient,0.028926647681158175,17,test,600,44,0.07333333333333333,0.06263613052058621,0.432247383911053,0.22331493034580888,0.18449649162869733,42,539,2,17,0.9694244604316546,60,2,0.045454545454545456,120,6,0.13636363636363635,180,8,0.18181818181818182
forward_run,3,S_FB,hist_gradient,0.028926647681158175,29,validation,397,5,0.012594458438287154,0.028926647681158175,0.6056122448979592,0.03462384514381884,0.18449649162869733,2,77,3,315,0.19642857142857142,39,2,0.4,79,2,0.4,119,2,0.4
forward_run,3,S_FB,hist_gradient,0.028926647681158175,29,test,600,44,0.07333333333333333,0.06263613052058621,0.432247383911053,0.22331493034580888,0.18449649162869733,42,539,2,17,0.9694244604316546,60,2,0.045454545454545456,120,6,0.13636363636363635,180,8,0.18181818181818182
forward_run,3,S_FB,hist_gradient,0.028926647681158175,43,validation,397,5,0.012594458438287154,0.028926647681158175,0.6056122448979592,0.03462384514381884,0.18449649162869733,2,77,3,315,0.19642857142857142,39,2,0.4,79,2,0.4,119,2,0.4
forward_run,3,S_FB,hist_gradient,0.028926647681158175,43,test,600,44,0.07333333333333333,0.06263613052058621,0.432247383911053,0.22331493034580888,0.18449649162869733,42,539,2,17,0.9694244604316546,60,2,0.045454545454545456,120,6,0.13636363636363635,180,8,0.18181818181818182
forward_run,4,FB,random_forest,0.0958392741002413,17,validation,600,44,0.07333333333333333,0.1052415045169245,0.48050196206671025,0.07325432507752962,0.16136948413357674,12,108,32,448,0.19424460431654678,60,7,0.1590909090909091,120,12,0.2727272727272727,180,13,0.29545454545454547
forward_run,4,FB,random_forest,0.0958392741002413,17,test,725,298,0.4110344827586207,0.4758380929217795,0.5961051820882386,0.2421158132699528,0.16136948413357674,282,384,16,43,0.8992974238875878,72,33,0.11073825503355705,145,71,0.23825503355704697,217,108,0.3624161073825503
forward_run,4,FB,random_forest,0.0958392741002413,29,validation,600,44,0.07333333333333333,0.08838881736747789,0.48156474820143885,0.0735976611320125,0.16391533607532457,12,108,32,448,0.19424460431654678,60,6,0.13636363636363635,120,12,0.2727272727272727,180,14,0.3181818181818182
forward_run,4,FB,random_forest,0.0958392741002413,29,test,725,298,0.4110344827586207,0.47617874058260556,0.5938418496455683,0.24201198281944533,0.16391533607532457,282,382,16,45,0.8946135831381733,72,35,0.1174496644295302,145,70,0.2348993288590604,217,108,0.3624161073825503
forward_run,4,FB,random_forest,0.0958392741002413,43,validation,600,44,0.07333333333333333,0.09388750041632155,0.48832979071288424,0.07380371919937953,0.16875129332038016,11,109,33,447,0.1960431654676259,60,7,0.1590909090909091,120,11,0.25,180,15,0.3409090909090909
forward_run,4,FB,random_forest,0.0958392741002413,43,test,725,298,0.4110344827586207,0.47868629482146163,0.5980698803891675,0.24177247899999732,0.16875129332038016,281,377,17,50,0.882903981264637,72,35,0.1174496644295302,145,75,0.2516778523489933,217,110,0.3691275167785235
forward_run,4,H,random_forest,0.07898188429881248,17,validation,600,44,0.07333333333333333,0.07974334966065615,0.528020765206017,0.06884522894844167,0.049931395562912206,5,73,39,483,0.13129496402877697,60,5,0.11363636363636363,120,10,0.22727272727272727,180,15,0.3409090909090909
forward_run,4,H,random_forest,0.07898188429881248,17,test,725,298,0.4110344827586207,0.43841334524645914,0.5184799522185373,0.3779579474732522,0.049931395562912206,13,17,285,410,0.03981264637002342,72,34,0.11409395973154363,145,77,0.25838926174496646,217,98,0.3288590604026846
forward_run,4,H,random_forest,0.07898188429881248,29,validation,600,44,0.07333333333333333,0.08063005402425029,0.5351741334205363,0.0688896152862653,0.04427710921084627,6,78,38,478,0.14028776978417265,60,5,0.11363636363636363,120,11,0.25,180,14,0.3181818181818182
forward_run,4,H,random_forest,0.07898188429881248,29,test,725,298,0.4110344827586207,0.4182797651225859,0.5052614620498876,0.37778668437728496,0.04427710921084627,41,63,257,364,0.14754098360655737,72,27,0.09060402684563758,145,64,0.21476510067114093,217,96,0.3221476510067114
forward_run,4,H,random_forest,0.07898188429881248,43,validation,600,44,0.07333333333333333,0.076572249211531,0.5227068345323741,0.06894102735451459,0.04525053503754575,5,75,39,481,0.13489208633093525,60,5,0.11363636363636363,120,8,0.18181818181818182,180,15,0.3409090909090909
forward_run,4,H,random_forest,0.07898188429881248,43,test,725,298,0.4110344827586207,0.436896873673232,0.5155525517501531,0.37937938032285956,0.04525053503754575,13,17,285,410,0.03981264637002342,72,36,0.12080536912751678,145,75,0.2516778523489933,217,100,0.33557046979865773
forward_run,4,P,random_forest,0.07685121653942463,17,validation,600,44,0.07333333333333333,0.08173646836931582,0.5047416612164813,0.06867892129282574,0.052156373416602245,9,97,35,459,0.17446043165467626,60,5,0.11363636363636363,120,10,0.22727272727272727,180,14,0.3181818181818182
forward_run,4,P,random_forest,0.07685121653942463,17,test,725,298,0.4110344827586207,0.46135894573570174,0.5442528645301228,0.3744651169127548,0.052156373416602245,34,22,264,405,0.05152224824355972,72,41,0.13758389261744966,145,75,0.2516778523489933,217,105,0.3523489932885906
forward_run,4,P,random_forest,0.07685121653942463,29,validation,600,44,0.07333333333333333,0.07600372517557838,0.5132643884892085,0.06858369159174292,0.053820685603268664,5,73,39,483,0.13129496402877697,60,5,0.11363636363636363,120,8,0.18181818181818182,180,14,0.3181818181818182
forward_run,4,P,random_forest,0.07685121653942463,29,test,725,298,0.4110344827586207,0.41961107634824396,0.5081142039828365,0.3737174393121356,0.053820685603268664,11,17,287,410,0.03981264637002342,72,36,0.12080536912751678,145,63,0.21140939597315436,217,99,0.33221476510067116
forward_run,4,P,random_forest,0.07685121653942463,43,validation,600,44,0.07333333333333333,0.07281345607337969,0.5016146173969915,0.06918140827061531,0.044248764669802924,5,74,39,482,0.13309352517985612,60,5,0.11363636363636363,120,8,0.18181818181818182,180,14,0.3181818181818182
forward_run,4,P,random_forest,0.07685121653942463,43,test,725,298,0.4110344827586207,0.43096759537385454,0.5138550524181507,0.3812169837538347,0.044248764669802924,11,17,287,410,0.03981264637002342,72,36,0.12080536912751678,145,76,0.2550335570469799,217,98,0.3288590604026846
forward_run,4,S,catboost,0.08584084160635354,17,validation,600,44,0.07333333333333333,0.08578761137670515,0.5714314911706998,0.06983118124890457,0.1445107730868181,10,110,34,446,0.19784172661870503,60,3,0.06818181818181818,120,10,0.22727272727272727,180,18,0.4090909090909091
forward_run,4,S,catboost,0.08584084160635354,17,test,725,298,0.4110344827586207,0.4450385285035058,0.5200399226694749,0.37831526794035075,0.1445107730868181,1,1,297,426,0.00234192037470726,72,35,0.1174496644295302,145,68,0.22818791946308725,217,94,0.31543624161073824
forward_run,4,S,catboost,0.08584084160635354,29,validation,600,44,0.07333333333333333,0.0816944819958213,0.55297580117724,0.08158688746827046,0.21771249938726558,8,112,36,444,0.2014388489208633,60,4,0.09090909090909091,120,8,0.18181818181818182,180,12,0.2727272727272727
forward_run,4,S,catboost,0.08584084160635354,29,test,725,298,0.4110344827586207,0.4387391290334515,0.5166409946088679,0.3746499366870537,0.21771249938726558,0,0,298,427,0.0,72,35,0.1174496644295302,145,64,0.21476510067114093,217,94,0.31543624161073824
forward_run,4,S,catboost,0.08584084160635354,43,validation,600,44,0.07333333333333333,0.09004043144653417,0.570327828646174,0.06937265237516536,0.13624555124318238,11,109,33,447,0.1960431654676259,60,4,0.09090909090909091,120,11,0.25,180,18,0.4090909090909091
forward_run,4,S,catboost,0.08584084160635354,43,test,725,298,0.4110344827586207,0.4423268269359191,0.5053125442057118,0.37764108084254405,0.13624555124318238,14,9,284,418,0.02107728337236534,72,35,0.1174496644295302,145,62,0.2080536912751678,217,89,0.2986577181208054
forward_run,4,SH,catboost,0.08623957216058749,17,validation,600,44,0.07333333333333333,0.0876374415524536,0.5698986265533029,0.06786790291668483,0.08726313557716395,11,109,33,447,0.1960431654676259,60,4,0.09090909090909091,120,11,0.25,180,19,0.4318181818181818
forward_run,4,SH,catboost,0.08623957216058749,17,test,725,298,0.4110344827586207,0.4401491019765033,0.501603193813558,0.3847192039200738,0.08726313557716395,4,1,294,426,0.00234192037470726,72,36,0.12080536912751678,145,66,0.2214765100671141,217,88,0.2953020134228188
forward_run,4,SH,catboost,0.08623957216058749,29,validation,600,44,0.07333333333333333,0.07949526626335326,0.5137344669718771,0.0684879753563745,0.11128579841266818,8,112,36,444,0.2014388489208633,60,4,0.09090909090909091,120,8,0.18181818181818182,180,11,0.25
forward_run,4,SH,catboost,0.08623957216058749,29,test,725,298,0.4110344827586207,0.45046420704130613,0.519898464391808,0.3824837776355148,0.11128579841266818,4,1,294,426,0.00234192037470726,72,37,0.12416107382550336,145,65,0.2181208053691275,217,94,0.31543624161073824
forward_run,4,SH,catboost,0.08623957216058749,43,validation,600,44,0.07333333333333333,0.0915860086659556,0.5697351209941138,0.06775476960508565,0.09034072535104015,11,109,33,447,0.1960431654676259,60,6,0.13636363636363635,120,11,0.25,180,19,0.4318181818181818
forward_run,4,SH,catboost,0.08623957216058749,43,test,725,298,0.4110344827586207,0.44283502590081814,0.517356144790406,0.35884038803353413,0.09034072535104015,51,59,247,368,0.13817330210772832,72,37,0.12416107382550336,145,66,0.2214765100671141,217,98,0.3288590604026846
forward_run,4,SH_FB,catboost,0.09018753738577977,17,validation,600,44,0.07333333333333333,0.09154438870938517,0.5545904185742314,0.06780634131014295,0.08512307235009352,10,110,34,446,0.19784172661870503,60,5,0.11363636363636363,120,10,0.22727272727272727,180,17,0.38636363636363635
forward_run,4,SH_FB,catboost,0.09018753738577977,17,test,725,298,0.4110344827586207,0.44574143643317043,0.5628153340772992,0.33100708647691107,0.08512307235009352,241,287,57,140,0.6721311475409836,72,33,0.11073825503355705,145,59,0.19798657718120805,217,87,0.29194630872483224
forward_run,4,SH_FB,catboost,0.09018753738577977,29,validation,600,44,0.07333333333333333,0.09063060377234235,0.5739249509483322,0.06855113076699076,0.05189804017674436,9,111,35,445,0.19964028776978418,60,6,0.13636363636363635,120,9,0.20454545454545456,180,19,0.4318181818181818
forward_run,4,SH_FB,catboost,0.09018753738577977,29,test,725,298,0.4110344827586207,0.42624886584510774,0.5308771984973988,0.359930137562582,0.05189804017674436,247,318,51,109,0.7447306791569087,72,30,0.10067114093959731,145,54,0.18120805369127516,217,89,0.2986577181208054
forward_run,4,SH_FB,catboost,0.09018753738577977,43,validation,600,44,0.07333333333333333,0.08838761967561176,0.5317609548724656,0.06980798994778091,0.13404740730540113,10,110,34,446,0.19784172661870503,60,6,0.13636363636363635,120,10,0.22727272727272727,180,13,0.29545454545454547
forward_run,4,SH_FB,catboost,0.09018753738577977,43,test,725,298,0.4110344827586207,0.4563049840865129,0.5814013800040866,0.33493131236413964,0.13404740730540113,47,64,251,363,0.14988290398126464,72,34,0.11409395973154363,145,68,0.22818791946308725,217,97,0.32550335570469796
forward_run,4,S_FB,catboost,0.08255232330722578,17,validation,600,44,0.07333333333333333,0.0757998140672746,0.4873487573577502,0.06936452787488873,0.11685696114428587,11,109,33,447,0.1960431654676259,60,4,0.09090909090909091,120,11,0.25,180,15,0.3409090909090909
forward_run,4,S_FB,catboost,0.08255232330722578,17,test,725,298,0.4110344827586207,0.44975150083501336,0.5760220360561432,0.31929272018573496,0.11685696114428587,211,245,87,182,0.5737704918032787,72,32,0.10738255033557047,145,59,0.19798657718120805,217,96,0.3221476510067114
forward_run,4,S_FB,catboost,0.08255232330722578,29,validation,600,44,0.07333333333333333,0.08909196740717358,0.5662810660562458,0.0693073861666233,0.13055646882961788,7,113,37,443,0.20323741007194246,60,3,0.06818181818181818,120,7,0.1590909090909091,180,15,0.3409090909090909
forward_run,4,S_FB,catboost,0.08255232330722578,29,test,725,298,0.4110344827586207,0.4423865772768132,0.5545125190575735,0.3077665880477794,0.13055646882961788,223,267,75,160,0.6252927400468384,72,32,0.10738255033557047,145,58,0.19463087248322147,217,85,0.28523489932885904
forward_run,4,S_FB,catboost,0.08255232330722578,43,validation,600,44,0.07333333333333333,0.08276518844722919,0.547559679529104,0.06809290858415216,0.10083427785435989,9,111,35,445,0.19964028776978418,60,5,0.11363636363636363,120,9,0.20454545454545456,180,16,0.36363636363636365
forward_run,4,S_FB,catboost,0.08255232330722578,43,test,725,298,0.4110344827586207,0.4469700845049096,0.5659745689451928,0.32418014289873537,0.10083427785435989,225,265,73,162,0.6206088992974239,72,32,0.10738255033557047,145,60,0.20134228187919462,217,93,0.31208053691275167
forward_run,6,FB,catboost,0.4868107470520255,17,validation,725,298,0.4110344827586207,0.4908472251058287,0.5967888970969618,0.23911742304757447,0.44838014809411436,78,67,220,360,0.15690866510538642,72,39,0.13087248322147652,145,78,0.26174496644295303,217,114,0.3825503355704698
forward_run,6,FB,catboost,0.4868107470520255,17,test,635,153,0.2409448818897638,0.2653863955384689,0.5284761207387519,0.18850966825876392,0.44838014809411436,24,44,129,438,0.0912863070539419,63,20,0.13071895424836602,127,40,0.26143790849673204,190,56,0.3660130718954248
forward_run,6,FB,catboost,0.4868107470520255,29,validation,725,298,0.4110344827586207,0.49383082672255474,0.5986946544488628,0.23894266100512204,0.4553612087529923,76,67,222,360,0.15690866510538642,72,43,0.14429530201342283,145,77,0.25838926174496646,217,113,0.37919463087248323
forward_run,6,FB,catboost,0.4868107470520255,29,test,635,153,0.2409448818897638,0.2785316894070631,0.541812437284734,0.18777104661277308,0.4553612087529923,19,40,134,442,0.08298755186721991,63,19,0.12418300653594772,127,40,0.26143790849673204,190,56,0.3660130718954248
forward_run,6,FB,catboost,0.4868107470520255,43,validation,725,298,0.4110344827586207,0.47575418932769287,0.5877905788787073,0.2415332613427888,0.4491468836240946,77,68,221,359,0.1592505854800937,72,35,0.1174496644295302,145,77,0.25838926174496646,217,110,0.3691275167785235
forward_run,6,FB,catboost,0.4868107470520255,43,test,635,153,0.2409448818897638,0.27047812318824926,0.544022726656361,0.18852449274785837,0.4491468836240946,16,44,137,438,0.0912863070539419,63,18,0.11764705882352941,127,40,0.26143790849673204,190,55,0.35947712418300654
forward_run,6,H,random_forest,0.48849229753111506,17,validation,725,298,0.4110344827586207,0.4926519057328688,0.5793030822186945,0.37167998525767587,0.060144214361813816,80,65,218,362,0.1522248243559719,72,40,0.1342281879194631,145,80,0.2684563758389262,217,112,0.37583892617449666
forward_run,6,H,random_forest,0.48849229753111506,17,test,635,153,0.2409448818897638,0.29039787960126523,0.5494806497979552,0.22168575666592946,0.060144214361813816,10,27,143,455,0.056016597510373446,63,21,0.13725490196078433,127,35,0.22875816993464052,190,55,0.35947712418300654
forward_run,6,H,random_forest,0.48849229753111506,29,validation,725,298,0.4110344827586207,0.48418855188843685,0.5687565817393081,0.36954299728643664,0.06170596224873537,77,68,221,359,0.1592505854800937,72,42,0.14093959731543623,145,77,0.25838926174496646,217,108,0.3624161073825503
forward_run,6,H,random_forest,0.48849229753111506,29,test,635,153,0.2409448818897638,0.28510013478891016,0.5497382908903534,0.22038746952065166,0.06170596224873537,11,28,142,454,0.058091286307053944,63,15,0.09803921568627451,127,38,0.24836601307189543,190,58,0.3790849673202614
forward_run,6,H,random_forest,0.48849229753111506,43,validation,725,298,0.4110344827586207,0.4886364349720395,0.5662260503277117,0.36441604899426644,0.07229978432479761,76,69,222,358,0.16159250585480095,72,45,0.15100671140939598,145,76,0.2550335570469799,217,109,0.36577181208053694
forward_run,6,H,random_forest,0.48849229753111506,43,test,635,153,0.2409448818897638,0.29531811327786484,0.5487890868657282,0.21740030033422253,0.07229978432479761,23,43,130,439,0.08921161825726141,63,23,0.1503267973856209,127,35,0.22875816993464052,190,52,0.33986928104575165
forward_run,6,P,random_forest,0.47520180967413905,17,validation,725,298,0.4110344827586207,0.48533272215870005,0.5768943621017557,0.3641531539649062,0.07323561328809845,78,67,220,360,0.15690866510538642,72,42,0.14093959731543623,145,78,0.26174496644295303,217,110,0.3691275167785235
forward_run,6,P,random_forest,0.47520180967413905,17,test,635,153,0.2409448818897638,0.2723436125648214,0.5407750928863939,0.2185952279592918,0.07323561328809845,9,24,144,458,0.04979253112033195,63,18,0.11764705882352941,127,40,0.26143790849673204,190,53,0.3464052287581699
forward_run,6,P,random_forest,0.47520180967413905,29,validation,725,298,0.4110344827586207,0.47064969928899925,0.5546854125080553,0.3623295050814627,0.07487238392780253,72,73,226,354,0.17096018735362997,72,40,0.1342281879194631,145,72,0.24161073825503357,217,104,0.348993288590604
forward_run,6,P,random_forest,0.47520180967413905,29,test,635,153,0.2409448818897638,0.2648143577045287,0.5398936891492421,0.21624275753611794,0.07487238392780253,20,43,133,439,0.08921161825726141,63,20,0.13071895424836602,127,35,0.22875816993464052,190,50,0.32679738562091504
forward_run,6,P,random_forest,0.47520180967413905,43,validation,725,298,0.4110344827586207,0.4696230075747179,0.5491685396790469,0.3607110622877651,0.07945082408144219,76,69,222,358,0.16159250585480095,72,39,0.13087248322147652,145,76,0.2550335570469799,217,106,0.35570469798657717
forward_run,6,P,random_forest,0.47520180967413905,43,test,635,153,0.2409448818897638,0.2746923479540083,0.545263471917121,0.21560536425428672,0.07945082408144219,20,47,133,435,0.0975103734439834,63,19,0.12418300653594772,127,35,0.22875816993464052,190,53,0.3464052287581699
forward_run,6,S,logistic,0.48142886087067066,17,validation,725,298,0.4110344827586207,0.48142886087067066,0.5903328984801094,0.39607736664349946,0.023074199496755647,71,74,227,353,0.17330210772833723,72,35,0.1174496644295302,145,71,0.23825503355704697,217,102,0.3422818791946309
forward_run,6,S,logistic,0.48142886087067066,17,test,635,153,0.2409448818897638,0.25786982962728466,0.4770360426328208,0.23913702964573771,0.023074199496755647,1,0,152,482,0.0,63,19,0.12418300653594772,127,33,0.21568627450980393,190,44,0.2875816993464052
forward_run,6,S,logistic,0.48142886087067066,29,validation,725,298,0.4110344827586207,0.48142886087067066,0.5903328984801094,0.39607736664349946,0.023074199496755647,71,74,227,353,0.17330210772833723,72,35,0.1174496644295302,145,71,0.23825503355704697,217,102,0.3422818791946309
forward_run,6,S,logistic,0.48142886087067066,29,test,635,153,0.2409448818897638,0.25786982962728466,0.4770360426328208,0.23913702964573771,0.023074199496755647,1,0,152,482,0.0,63,19,0.12418300653594772,127,33,0.21568627450980393,190,44,0.2875816993464052
forward_run,6,S,logistic,0.48142886087067066,43,validation,725,298,0.4110344827586207,0.48142886087067066,0.5903328984801094,0.39607736664349946,0.023074199496755647,71,74,227,353,0.17330210772833723,72,35,0.1174496644295302,145,71,0.23825503355704697,217,102,0.3422818791946309
forward_run,6,S,logistic,0.48142886087067066,43,test,635,153,0.2409448818897638,0.25786982962728466,0.4770360426328208,0.23913702964573771,0.023074199496755647,1,0,152,482,0.0,63,19,0.12418300653594772,127,33,0.21568627450980393,190,44,0.2875816993464052
forward_run,6,SH,logistic,0.48222619888120616,17,validation,725,298,0.4110344827586207,0.4822261988812061,0.5912327303019349,0.39467984935859884,0.02507897306858858,70,75,228,352,0.1756440281030445,72,35,0.1174496644295302,145,70,0.2348993288590604,217,102,0.3422818791946309
forward_run,6,SH,logistic,0.48222619888120616,17,test,635,153,0.2409448818897638,0.25821831818201624,0.480093835597863,0.23885487334446664,0.02507897306858858,1,0,152,482,0.0,63,19,0.12418300653594772,127,34,0.2222222222222222,190,43,0.28104575163398693
forward_run,6,SH,logistic,0.48222619888120616,29,validation,725,298,0.4110344827586207,0.4822261988812061,0.5912327303019349,0.39467984935859884,0.02507897306858858,70,75,228,352,0.1756440281030445,72,35,0.1174496644295302,145,70,0.2348993288590604,217,102,0.3422818791946309
forward_run,6,SH,logistic,0.48222619888120616,29,test,635,153,0.2409448818897638,0.25821831818201624,0.480093835597863,0.23885487334446664,0.02507897306858858,1,0,152,482,0.0,63,19,0.12418300653594772,127,34,0.2222222222222222,190,43,0.28104575163398693
forward_run,6,SH,logistic,0.48222619888120616,43,validation,725,298,0.4110344827586207,0.4822261988812061,0.5912327303019349,0.39467984935859884,0.02507897306858858,70,75,228,352,0.1756440281030445,72,35,0.1174496644295302,145,70,0.2348993288590604,217,102,0.3422818791946309
forward_run,6,SH,logistic,0.48222619888120616,43,test,635,153,0.2409448818897638,0.25821831818201624,0.480093835597863,0.23885487334446664,0.02507897306858858,1,0,152,482,0.0,63,19,0.12418300653594772,127,34,0.2222222222222222,190,43,0.28104575163398693
forward_run,6,SH_FB,logistic,0.48117631613882383,17,validation,725,298,0.4110344827586207,0.48117631613882383,0.596285934331924,0.38748108382114693,0.03817417506391668,68,77,230,350,0.18032786885245902,72,37,0.12416107382550336,145,68,0.22818791946308725,217,102,0.3422818791946309
forward_run,6,SH_FB,logistic,0.48117631613882383,17,test,635,153,0.2409448818897638,0.27144269704666274,0.5151872643940011,0.23721074451548946,0.03817417506391668,1,0,152,482,0.0,63,18,0.11764705882352941,127,35,0.22875816993464052,190,50,0.32679738562091504
forward_run,6,SH_FB,logistic,0.48117631613882383,29,validation,725,298,0.4110344827586207,0.48117631613882383,0.596285934331924,0.38748108382114693,0.03817417506391668,68,77,230,350,0.18032786885245902,72,37,0.12416107382550336,145,68,0.22818791946308725,217,102,0.3422818791946309
forward_run,6,SH_FB,logistic,0.48117631613882383,29,test,635,153,0.2409448818897638,0.27144269704666274,0.5151872643940011,0.23721074451548946,0.03817417506391668,1,0,152,482,0.0,63,18,0.11764705882352941,127,35,0.22875816993464052,190,50,0.32679738562091504
forward_run,6,SH_FB,logistic,0.48117631613882383,43,validation,725,298,0.4110344827586207,0.48117631613882383,0.596285934331924,0.38748108382114693,0.03817417506391668,68,77,230,350,0.18032786885245902,72,37,0.12416107382550336,145,68,0.22818791946308725,217,102,0.3422818791946309
forward_run,6,SH_FB,logistic,0.48117631613882383,43,test,635,153,0.2409448818897638,0.27144269704666274,0.5151872643940011,0.23721074451548946,0.03817417506391668,1,0,152,482,0.0,63,18,0.11764705882352941,127,35,0.22875816993464052,190,50,0.32679738562091504
forward_run,6,S_FB,logistic,0.4771000599541859,17,validation,725,298,0.4110344827586207,0.4771000599541859,0.5946041525863289,0.38930968355272993,0.03495298888968599,68,77,230,350,0.18032786885245902,72,33,0.11073825503355705,145,68,0.22818791946308725,217,103,0.34563758389261745
forward_run,6,S_FB,logistic,0.4771000599541859,17,test,635,153,0.2409448818897638,0.27148859933962155,0.5130854554823312,0.23785167232035576,0.03495298888968599,1,0,152,482,0.0,63,19,0.12418300653594772,127,34,0.2222222222222222,190,48,0.3137254901960784
forward_run,6,S_FB,logistic,0.4771000599541859,29,validation,725,298,0.4110344827586207,0.4771000599541859,0.5946041525863289,0.38930968355272993,0.03495298888968599,68,77,230,350,0.18032786885245902,72,33,0.11073825503355705,145,68,0.22818791946308725,217,103,0.34563758389261745
forward_run,6,S_FB,logistic,0.4771000599541859,29,test,635,153,0.2409448818897638,0.27148859933962155,0.5130854554823312,0.23785167232035576,0.03495298888968599,1,0,152,482,0.0,63,19,0.12418300653594772,127,34,0.2222222222222222,190,48,0.3137254901960784
forward_run,6,S_FB,logistic,0.4771000599541859,43,validation,725,298,0.4110344827586207,0.4771000599541859,0.5946041525863289,0.38930968355272993,0.03495298888968599,68,77,230,350,0.18032786885245902,72,33,0.11073825503355705,145,68,0.22818791946308725,217,103,0.34563758389261745
forward_run,6,S_FB,logistic,0.4771000599541859,43,test,635,153,0.2409448818897638,0.27148859933962155,0.5130854554823312,0.23785167232035576,0.03495298888968599,1,0,152,482,0.0,63,19,0.12418300653594772,127,34,0.2222222222222222,190,48,0.3137254901960784
within_run,primary,FB,lightgbm,0.44597950152263466,17,validation,647,149,0.2302936630602782,0.4453066670564386,0.7181005902805854,0.15876597777073467,0.3223765889295999,65,65,84,433,0.13052208835341367,64,32,0.21476510067114093,129,64,0.42953020134228187,194,82,0.5503355704697986
within_run,primary,FB,lightgbm,0.44597950152263466,17,test,1387,272,0.19610670511896178,0.35483979419562317,0.6741443550514377,0.14598827320066882,0.3223765889295999,75,115,197,1000,0.1031390134529148,138,58,0.21323529411764705,277,105,0.3860294117647059,416,152,0.5588235294117647
within_run,primary,FB,lightgbm,0.44597950152263466,29,validation,647,149,0.2302936630602782,0.4491862506179114,0.7175413061642543,0.1586908810191425,0.32562236941396067,65,65,84,433,0.13052208835341367,64,32,0.21476510067114093,129,65,0.436241610738255,194,82,0.5503355704697986
within_run,primary,FB,lightgbm,0.44597950152263466,29,test,1387,272,0.19610670511896178,0.35312920392885744,0.6740668689000264,0.14595908843582536,0.32562236941396067,76,112,196,1003,0.10044843049327354,138,57,0.20955882352941177,277,106,0.3897058823529412,416,153,0.5625
within_run,primary,FB,lightgbm,0.44597950152263466,43,validation,647,149,0.2302936630602782,0.443445586893554,0.7160521279749872,0.1588593513857163,0.31895985033526814,65,64,84,434,0.1285140562248996,64,31,0.2080536912751678,129,65,0.436241610738255,194,82,0.5503355704697986
within_run,primary,FB,lightgbm,0.44597950152263466,43,test,1387,272,0.19610670511896178,0.3572099656190276,0.6779906357161698,0.14588177363038723,0.31895985033526814,80,125,192,990,0.11210762331838565,138,61,0.22426470588235295,277,107,0.39338235294117646,416,152,0.5588235294117647
within_run,primary,H,catboost,0.35884309289174166,17,validation,647,149,0.2302936630602782,0.3613483481407296,0.702258699226436,0.16126351792778681,0.3883587553136046,56,74,93,424,0.14859437751004015,64,28,0.18791946308724833,129,55,0.3691275167785235,194,70,0.4697986577181208
within_run,primary,H,catboost,0.35884309289174166,17,test,1387,272,0.19610670511896178,0.3409476224779781,0.7131001055130571,0.14383443341242194,0.3883587553136046,55,88,217,1027,0.07892376681614349,138,55,0.20220588235294118,277,96,0.35294117647058826,416,151,0.5551470588235294
within_run,primary,H,catboost,0.35884309289174166,29,validation,647,149,0.2302936630602782,0.3603443987183691,0.7009851486482843,0.16168339279078997,0.38436708288512567,56,74,93,424,0.14859437751004015,64,27,0.18120805369127516,129,55,0.3691275167785235,194,72,0.48322147651006714
within_run,primary,H,catboost,0.35884309289174166,29,test,1387,272,0.19610670511896178,0.33412658433630565,0.7079513980480086,0.14404514359781465,0.38436708288512567,56,112,216,1003,0.10044843049327354,138,50,0.18382352941176472,277,96,0.35294117647058826,416,149,0.5477941176470589
within_run,primary,H,catboost,0.35884309289174166,43,validation,647,149,0.2302936630602782,0.3548365318161262,0.7035187730788929,0.1614003584603228,0.3907510989982024,51,79,98,419,0.15863453815261044,64,26,0.174496644295302,129,51,0.3422818791946309,194,72,0.48322147651006714
within_run,primary,H,catboost,0.35884309289174166,43,test,1387,272,0.19610670511896178,0.3375613042563293,0.710061659192825,0.14405250905186437,0.3907510989982024,61,113,211,1002,0.10134529147982063,138,51,0.1875,277,100,0.36764705882352944,416,150,0.5514705882352942
within_run,primary,P,catboost,0.3455910128105803,17,validation,647,149,0.2302936630602782,0.3450050770295444,0.6846446187434301,0.16577039291805223,0.39702995295353444,48,82,101,416,0.1646586345381526,64,26,0.174496644295302,129,47,0.31543624161073824,194,70,0.4697986577181208
within_run,primary,P,catboost,0.3455910128105803,17,test,1387,272,0.19610670511896178,0.3455798848563586,0.7212064758638881,0.14454392133247443,0.39702995295353444,59,100,213,1015,0.08968609865470852,138,54,0.19852941176470587,277,102,0.375,416,149,0.5477941176470589
within_run,primary,P,catboost,0.3455910128105803,29,validation,647,149,0.2302936630602782,0.34203575588370616,0.6842268402468936,0.16454244815954758,0.3949978695192567,53,77,96,421,0.15461847389558234,64,23,0.15436241610738255,129,53,0.35570469798657717,194,71,0.47651006711409394
within_run,primary,P,catboost,0.3455910128105803,29,test,1387,272,0.19610670511896178,0.3386341005975253,0.7186131627538908,0.14380655603499717,0.3949978695192567,62,110,210,1005,0.09865470852017937,138,50,0.18382352941176472,277,99,0.3639705882352941,416,151,0.5551470588235294
within_run,primary,P,catboost,0.3455910128105803,43,validation,647,149,0.2302936630602782,0.3497322055184902,0.6922185385838657,0.16333669169537374,0.39133144575347395,48,81,101,417,0.16265060240963855,64,25,0.16778523489932887,129,48,0.3221476510067114,194,70,0.4697986577181208
within_run,primary,P,catboost,0.3455910128105803,43,test,1387,272,0.19610670511896178,0.34081293031616766,0.720937747296228,0.1436167331090195,0.39133144575347395,68,122,204,993,0.10941704035874439,138,49,0.1801470588235294,277,104,0.38235294117647056,416,151,0.5551470588235294
within_run,primary,S,logistic,0.34259512265049047,17,validation,647,149,0.2302936630602782,0.34259512265049047,0.6725357807067194,0.16569350021885246,0.3763421034019082,49,81,100,417,0.16265060240963855,64,22,0.1476510067114094,129,49,0.3288590604026846,194,77,0.5167785234899329
within_run,primary,S,logistic,0.34259512265049047,17,test,1387,272,0.19610670511896178,0.3713355997902669,0.7164468477974151,0.14398512536473246,0.3763421034019082,37,41,235,1074,0.036771300448430494,138,64,0.23529411764705882,277,114,0.41911764705882354,416,153,0.5625
within_run,primary,S,logistic,0.34259512265049047,29,validation,647,149,0.2302936630602782,0.34259512265049047,0.6725357807067194,0.16569350021885246,0.3763421034019082,49,81,100,417,0.16265060240963855,64,22,0.1476510067114094,129,49,0.3288590604026846,194,77,0.5167785234899329
within_run,primary,S,logistic,0.34259512265049047,29,test,1387,272,0.19610670511896178,0.3713355997902669,0.7164468477974151,0.14398512536473246,0.3763421034019082,37,41,235,1074,0.036771300448430494,138,64,0.23529411764705882,277,114,0.41911764705882354,416,153,0.5625
within_run,primary,S,logistic,0.34259512265049047,43,validation,647,149,0.2302936630602782,0.34259512265049047,0.6725357807067194,0.16569350021885246,0.3763421034019082,49,81,100,417,0.16265060240963855,64,22,0.1476510067114094,129,49,0.3288590604026846,194,77,0.5167785234899329
within_run,primary,S,logistic,0.34259512265049047,43,test,1387,272,0.19610670511896178,0.3713355997902669,0.7164468477974151,0.14398512536473246,0.3763421034019082,37,41,235,1074,0.036771300448430494,138,64,0.23529411764705882,277,114,0.41911764705882354,416,153,0.5625
within_run,primary,SH,random_forest,0.32759502473650076,17,validation,647,149,0.2302936630602782,0.328461591046588,0.6791865448370663,0.18284565745201556,0.5025532418483496,48,82,101,416,0.1646586345381526,64,17,0.11409395973154363,129,47,0.31543624161073824,194,76,0.5100671140939598
within_run,primary,SH,random_forest,0.32759502473650076,17,test,1387,272,0.19610670511896178,0.3254501773352152,0.7087707728831443,0.15040538669944414,0.5025532418483496,27,41,245,1074,0.036771300448430494,138,52,0.19117647058823528,277,95,0.3492647058823529,416,131,0.48161764705882354
within_run,primary,SH,random_forest,0.32759502473650076,29,validation,647,149,0.2302936630602782,0.3268142695006841,0.6808913506374491,0.1840652108707341,0.5038818548085577,45,85,104,413,0.1706827309236948,64,17,0.11409395973154363,129,44,0.2953020134228188,194,74,0.4966442953020134
within_run,primary,SH,random_forest,0.32759502473650076,29,test,1387,272,0.19610670511896178,0.32941301272394874,0.7106930888947507,0.15089291671362873,0.5038818548085577,30,42,242,1073,0.03766816143497758,138,55,0.20220588235294118,277,95,0.3492647058823529,416,131,0.48161764705882354
within_run,primary,SH,random_forest,0.32759502473650076,43,validation,647,149,0.2302936630602782,0.32750921366223024,0.6792471901026927,0.1828107376073769,0.5004970202014558,44,86,105,412,0.17269076305220885,64,17,0.11409395973154363,129,44,0.2953020134228188,194,76,0.5100671140939598
within_run,primary,SH,random_forest,0.32759502473650076,43,test,1387,272,0.19610670511896178,0.31964491676678974,0.704533764178317,0.15083112647942828,0.5004970202014558,23,38,249,1077,0.034080717488789235,138,52,0.19117647058823528,277,82,0.3014705882352941,416,131,0.48161764705882354
within_run,primary,SH_FB,lightgbm,0.4216839490963015,17,validation,647,149,0.2302936630602782,0.4230540849684935,0.7193943559472791,0.1589509213845949,0.3984142881844188,59,71,90,427,0.142570281124498,64,29,0.19463087248322147,129,59,0.3959731543624161,194,78,0.5234899328859061
within_run,primary,SH_FB,lightgbm,0.4216839490963015,17,test,1387,272,0.19610670511896178,0.34213537546855277,0.7130720786072275,0.14495602740990543,0.3984142881844188,71,95,201,1020,0.08520179372197309,138,58,0.21323529411764705,277,109,0.4007352941176471,416,145,0.5330882352941176
within_run,primary,SH_FB,lightgbm,0.4216839490963015,29,validation,647,149,0.2302936630602782,0.4163247022933516,0.7219549338292768,0.158570480699712,0.39414819448483285,59,71,90,427,0.142570281124498,64,32,0.21476510067114093,129,59,0.3959731543624161,194,79,0.5302013422818792
within_run,primary,SH_FB,lightgbm,0.4216839490963015,29,test,1387,272,0.19610670511896178,0.341018483066143,0.7132765101556318,0.1447197168503483,0.39414819448483285,63,87,209,1028,0.07802690582959641,138,59,0.21691176470588236,277,107,0.39338235294117646,416,140,0.5147058823529411
within_run,primary,SH_FB,lightgbm,0.4216839490963015,43,validation,647,149,0.2302936630602782,0.4256730600270593,0.7238012452494542,0.15775315539852755,0.4061038639351396,60,70,89,428,0.14056224899598393,64,32,0.21476510067114093,129,60,0.40268456375838924,194,79,0.5302013422818792
within_run,primary,SH_FB,lightgbm,0.4216839490963015,43,test,1387,272,0.19610670511896178,0.3459540406689409,0.7101358480611976,0.14502434736088513,0.4061038639351396,66,88,206,1027,0.07892376681614349,138,61,0.22426470588235295,277,104,0.38235294117647056,416,140,0.5147058823529411
within_run,primary,S_FB,logistic,0.43437482890090284,17,validation,647,149,0.2302936630602782,0.43437482890090284,0.7146438101398884,0.15716005773922315,0.31341528399357055,62,68,87,430,0.13654618473895583,64,35,0.2348993288590604,129,61,0.40939597315436244,194,81,0.5436241610738255
within_run,primary,S_FB,logistic,0.43437482890090284,17,test,1387,272,0.19610670511896178,0.3845012914004342,0.7378033500395673,0.14192557893566846,0.31341528399357055,80,106,192,1009,0.09506726457399103,138,57,0.20955882352941177,277,117,0.43014705882352944,416,157,0.5772058823529411
within_run,primary,S_FB,logistic,0.43437482890090284,29,validation,647,149,0.2302936630602782,0.43437482890090284,0.7146438101398884,0.15716005773922315,0.31341528399357055,62,68,87,430,0.13654618473895583,64,35,0.2348993288590604,129,61,0.40939597315436244,194,81,0.5436241610738255
within_run,primary,S_FB,logistic,0.43437482890090284,29,test,1387,272,0.19610670511896178,0.3845012914004342,0.7378033500395673,0.14192557893566846,0.31341528399357055,80,106,192,1009,0.09506726457399103,138,57,0.20955882352941177,277,117,0.43014705882352944,416,157,0.5772058823529411
within_run,primary,S_FB,logistic,0.43437482890090284,43,validation,647,149,0.2302936630602782,0.43437482890090284,0.7146438101398884,0.15716005773922315,0.31341528399357055,62,68,87,430,0.13654618473895583,64,35,0.2348993288590604,129,61,0.40939597315436244,194,81,0.5436241610738255
within_run,primary,S_FB,logistic,0.43437482890090284,43,test,1387,272,0.19610670511896178,0.3845012914004342,0.7378033500395673,0.14192557893566846,0.31341528399357055,80,106,192,1009,0.09506726457399103,138,57,0.20955882352941177,277,117,0.43014705882352944,416,157,0.5772058823529411
