scheme,fold,representation,model,role,n,positive,prevalence,ap,ap_seed_sd,auc,brier,capture20,caught20,inspect20,fpr,fp,fn
forward_run,2,FB,logistic,test,397,5,0.0125944584382871,0.010757685955321,0.0,0.326530612244898,0.1110541698841745,0.0,0.0,79,0.0510204081632653,20.0,5.0
forward_run,2,FB,logistic,validation,1157,158,0.1365600691443388,0.1618520798002103,0.0,0.5489698559318812,0.1605948097914047,0.2594936708860759,41.0,231,0.1911911911911911,191.0,117.0
forward_run,2,H,catboost,test,397,5,0.0125944584382871,0.016418620745004598,0.004057902679950628,0.5155612244897959,0.06836529402066013,0.13333333333333333,0.6666666666666666,79,0.018707482993197234,7.333333333333333,5.0
forward_run,2,H,catboost,validation,1157,158,0.1365600691443388,0.2015581356518438,0.005226006429637022,0.6034040369483408,0.15393324150587948,0.34599156118143454,54.666666666666664,231,0.1771771771771771,177.0,103.0
forward_run,2,P,catboost,test,397,5,0.0125944584382871,0.018139297073513302,0.0037512090887773545,0.5443027210884354,0.0693735326727593,0.13333333333333333,0.6666666666666666,79,0.011904761904761868,4.666666666666667,5.0
forward_run,2,P,catboost,validation,1157,158,0.1365600691443388,0.1981140319890613,0.007482574220429834,0.6160812711445623,0.14516281911322557,0.3143459915611814,49.666666666666664,231,0.18184851518184844,181.66666666666666,108.0
forward_run,2,S,logistic,test,397,5,0.0125944584382871,0.0114425285674814,0.0,0.3806122448979592,0.0132527847439601,0.0,0.0,79,0.0,0.0,5.0
forward_run,2,S,logistic,validation,1157,158,0.1365600691443388,0.19353368860166062,0.0,0.5908313376667808,0.122945526282407,0.2278481012658227,36.0,231,0.1961961961961962,196.0,122.0
forward_run,2,SH,logistic,test,397,5,0.0125944584382871,0.012101017206982,0.0,0.4142857142857142,0.0132562564124221,0.0,0.0,79,0.0025510204081632,1.0,5.0
forward_run,2,SH,logistic,validation,1157,158,0.1365600691443388,0.1943201918920073,0.0,0.5911671164835721,0.1240119969625083,0.2278481012658227,36.0,231,0.1961961961961962,196.0,122.0
forward_run,2,SH_FB,logistic,test,397,5,0.0125944584382871,0.012059234685366701,0.0,0.3913265306122448,0.018499583248115,0.0,0.0,79,0.0408163265306122,16.0,5.0
forward_run,2,SH_FB,logistic,validation,1157,158,0.1365600691443388,0.1941923692621159,0.0,0.5968056664259196,0.1199237837577944,0.23417721518987342,37.0,231,0.1951951951951951,195.0,121.0
forward_run,2,S_FB,logistic,test,397,5,0.0125944584382871,0.0113625449023752,0.0,0.35714285714285704,0.0193067105382777,0.0,0.0,79,0.04846938775510199,19.0,5.0
forward_run,2,S_FB,logistic,validation,1157,158,0.1365600691443388,0.1956149632291677,0.0,0.5974930626829361,0.11942526371984712,0.240506329113924,38.0,231,0.19419419419419418,194.0,120.0
forward_run,3,FB,hist_gradient,test,600,44,0.0733333333333333,0.0655136422343154,0.0,0.4314911706998037,0.09975038082373282,0.1590909090909091,7.0,120,0.1690647482014388,94.0,38.0
forward_run,3,FB,hist_gradient,validation,397,5,0.0125944584382871,0.0205843711791349,0.0,0.6239795918367347,0.0661910300622747,0.20000000000000004,1.0,79,0.1198979591836734,47.0,5.0
forward_run,3,H,hist_gradient,test,600,44,0.0733333333333333,0.0695510351296208,0.0,0.46930183126226294,0.0717579030641995,0.2045454545454545,9.0,120,0.11330935251798561,63.0,39.0
forward_run,3,H,hist_gradient,validation,397,5,0.0125944584382871,0.0210751784036225,0.0,0.6390306122448979,0.0265741576828892,0.4000000000000001,2.0,79,0.1913265306122449,75.0,3.0
forward_run,3,P,lightgbm,test,600,44,0.0733333333333333,0.0668357595482008,0.005033840114034257,0.4510437104861565,0.07106015713218643,0.12878787878787876,5.666666666666667,120,0.007194244604316499,4.0,44.0
forward_run,3,P,lightgbm,validation,397,5,0.0125944584382871,0.021297546748176164,0.006990184368658695,0.5473639455782312,0.03112989593508157,0.26666666666666666,1.3333333333333333,79,0.2006802721088435,78.66666666666667,3.6666666666666665
forward_run,3,S,logistic,test,600,44,0.0733333333333333,0.0603201353800203,0.0,0.4249918247220405,0.0733333195285634,0.1136363636363636,5.0,120,0.0,0.0,44.0
forward_run,3,S,logistic,validation,397,5,0.0125944584382871,0.0161574368809222,0.0,0.5591836734693878,0.3138651928865349,0.0,0.0,79,0.2040816326530612,80.0,5.0
forward_run,3,SH,logistic,test,600,44,0.0733333333333333,0.060235874158347,0.0,0.42482831916285163,0.0733333252157552,0.1136363636363636,5.0,120,0.0,0.0,44.0
forward_run,3,SH,logistic,validation,397,5,0.0125944584382871,0.016523123958938,0.0,0.5698979591836735,0.3454274969248339,0.0,0.0,79,0.2040816326530612,80.0,5.0
forward_run,3,SH_FB,hist_gradient,test,600,44,0.0733333333333333,0.0621282074587868,0.0,0.44354970568999336,0.2110665160735988,0.1136363636363636,5.0,120,0.9496402877697842,528.0,2.0
forward_run,3,SH_FB,hist_gradient,validation,397,5,0.0125944584382871,0.0344210284779246,0.0,0.6956632653061224,0.0335005733352742,0.4000000000000001,2.0,79,0.19897959183673466,78.0,3.0
forward_run,3,S_FB,hist_gradient,test,600,44,0.0733333333333333,0.0626361305205862,0.0,0.432247383911053,0.22331493034580877,0.1363636363636363,6.0,120,0.9694244604316546,539.0,2.0
forward_run,3,S_FB,hist_gradient,validation,397,5,0.0125944584382871,0.0289266476811581,0.0,0.6056122448979592,0.0346238451438188,0.4000000000000001,2.0,79,0.1964285714285714,77.0,3.0
forward_run,4,FB,random_forest,test,725,298,0.4110344827586207,0.4769010427752822,0.0015554272270013976,0.5960056373743248,0.24196675836313178,0.24161073825503354,72.0,145,0.892271662763466,381.0,16.333333333333332
forward_run,4,FB,random_forest,validation,600,44,0.0733333333333333,0.09583927410024128,0.00859420336181387,0.483465500327011,0.07355190180297387,0.26515151515151514,11.666666666666666,120,0.1948441247002398,108.33333333333333,32.333333333333336
forward_run,4,H,random_forest,test,725,298,0.4110344827586207,0.4311966613474256,0.011212028254092165,0.5130979886728594,0.3783746707244655,0.24161073825503354,72.0,145,0.0757220921155347,32.333333333333336,275.6666666666667
forward_run,4,H,random_forest,validation,600,44,0.0733333333333333,0.07898188429881244,0.0021333816108464005,0.5286339110529759,0.06889195719640713,0.21969696969696964,9.666666666666666,120,0.13549160671462823,75.33333333333333,38.666666666666664
forward_run,4,P,random_forest,test,725,298,0.4110344827586207,0.43731253915260004,0.021585061576577445,0.52207404031037,0.3764665133262417,0.23937360178970915,71.33333333333333,145,0.043715846994535505,18.666666666666668,279.3333333333333
forward_run,4,P,random_forest,validation,600,44,0.0733333333333333,0.07685121653942457,0.004521473025154821,0.5065402223675605,0.06881467371839463,0.19696969696969693,8.666666666666666,120,0.14628297362110307,81.33333333333333,37.666666666666664
forward_run,4,S,catboost,test,725,298,0.4110344827586207,0.44203482815762546,0.003159834787726057,0.5139978204946849,0.37686876182331613,0.2170022371364653,64.66666666666667,145,0.007806401249024167,3.3333333333333335,293.0
forward_run,4,S,catboost,validation,600,44,0.0733333333333333,0.08584084160635351,0.004173229343263401,0.5649117069980379,0.07359690703078008,0.21969696969696964,9.666666666666666,120,0.19844124700239807,110.33333333333333,34.333333333333336
forward_run,4,SH,catboost,test,725,298,0.4110344827586207,0.44448277830620914,0.005351323585486482,0.5129526009985906,0.37534778986304085,0.2203579418344519,65.66666666666667,145,0.04761904761904756,20.333333333333332,278.3333333333333
forward_run,4,SH,catboost,validation,600,44,0.0733333333333333,0.08623957216058746,0.006165390667999805,0.551122738173098,0.0680368826260483,0.22727272727272727,10.0,120,0.19784172661870503,110.0,34.0
forward_run,4,SH_FB,catboost,test,725,298,0.4110344827586207,0.4427650954549303,0.0152475084898942,0.5583646375262615,0.3419561788012109,0.20246085011185677,60.333333333333336,145,0.522248243559719,223.0,119.66666666666667
forward_run,4,SH_FB,catboost,validation,600,44,0.0733333333333333,0.09018753738577971,0.001624354810478271,0.5534254414650097,0.0687218206749715,0.21969696969696964,9.666666666666666,120,0.19844124700239804,110.33333333333333,34.333333333333336
forward_run,4,S_FB,catboost,test,725,298,0.4110344827586207,0.44636938753891203,0.0037190257310553395,0.5655030413529699,0.3170798170440832,0.19798657718120802,59.0,145,0.6065573770491803,259.0,78.33333333333333
forward_run,4,S_FB,catboost,validation,600,44,0.0733333333333333,0.08255232330722573,0.006648632850347342,0.5337298343143667,0.06892160754188803,0.2045454545454545,9.0,120,0.19964028776978412,111.0,35.0
forward_run,6,FB,catboost,test,635,153,0.2409448818897638,0.2714654027112604,0.0066280259780226395,0.538103761559949,0.1882684025397984,0.261437908496732,40.0,127,0.08852005532503456,42.666666666666664,133.33333333333334
forward_run,6,FB,catboost,validation,725,298,0.4110344827586207,0.48681074705202537,0.009690772476198999,0.5944247101415107,0.23986444846516175,0.2595078299776286,77.33333333333333,145,0.15768930523028882,67.33333333333333,221.0
forward_run,6,H,random_forest,test,635,153,0.2409448818897638,0.29027204255601335,0.005110151399093121,0.549336009184679,0.21982450884026783,0.2352941176470588,36.0,127,0.06777316735822957,32.666666666666664,138.33333333333334
forward_run,6,H,random_forest,validation,725,298,0.4110344827586207,0.48849229753111506,0.004233517600698374,0.5714285714285715,0.3685463438461263,0.2606263982102908,77.66666666666667,145,0.15768930523028882,67.33333333333333,220.33333333333334
forward_run,6,P,random_forest,test,635,153,0.2409448818897638,0.2706167727411195,0.00516044132557922,0.5419774179842524,0.21681444991656548,0.23965141612200433,36.666666666666664,127,0.0788381742738589,38.0,136.66666666666666
forward_run,6,P,random_forest,validation,725,298,0.4110344827586207,0.47520180967413905,0.008788632703465218,0.560249438096286,0.36239790711137804,0.25279642058165547,75.33333333333333,145,0.16315378610460574,69.66666666666667,222.66666666666666
forward_run,6,S,logistic,test,635,153,0.2409448818897638,0.2578698296272846,0.0,0.4770360426328208,0.2391370296457377,0.2156862745098039,33.0,127,0.0,0.0,152.0
forward_run,6,S,logistic,validation,725,298,0.4110344827586207,0.48142886087067066,0.0,0.5903328984801094,0.3960773666434994,0.2382550335570469,71.0,145,0.1733021077283372,74.0,227.0
forward_run,6,SH,logistic,test,635,153,0.2409448818897638,0.2582183181820162,0.0,0.480093835597863,0.23885487334446656,0.2222222222222222,34.0,127,0.0,0.0,152.0
forward_run,6,SH,logistic,validation,725,298,0.4110344827586207,0.48222619888120616,0.0,0.5912327303019349,0.3946798493585988,0.2348993288590604,70.0,145,0.1756440281030445,75.0,228.0
forward_run,6,SH_FB,logistic,test,635,153,0.2409448818897638,0.2714426970466627,0.0,0.5151872643940011,0.2372107445154894,0.2287581699346405,35.0,127,0.0,0.0,152.0
forward_run,6,SH_FB,logistic,validation,725,298,0.4110344827586207,0.4811763161388238,0.0,0.596285934331924,0.3874810838211469,0.22818791946308722,68.0,145,0.180327868852459,77.0,230.0
forward_run,6,S_FB,logistic,test,635,153,0.2409448818897638,0.2714885993396215,0.0,0.5130854554823312,0.23785167232035573,0.2222222222222222,34.0,127,0.0,0.0,152.0
forward_run,6,S_FB,logistic,validation,725,298,0.4110344827586207,0.4771000599541859,0.0,0.5946041525863289,0.3893096835527299,0.22818791946308722,68.0,145,0.180327868852459,77.0,230.0
within_run,primary,FB,lightgbm,test,1387,272,0.1961067051189617,0.35505965458116934,0.0020492456989925955,0.6754006198892113,0.14594304508896042,0.3897058823529411,106.0,277,0.1052316890881913,117.33333333333333,195.0
within_run,primary,FB,lightgbm,validation,647,149,0.2302936630602782,0.44597950152263466,0.0029288794210779946,0.7172313414732757,0.15877207005853114,0.4340044742729306,64.66666666666667,129,0.1298527443105756,64.66666666666667,84.0
within_run,primary,H,catboost,test,1387,272,0.1961067051189617,0.337545170356871,0.0034105476920241844,0.710371054251297,0.14397736202070027,0.35784313725490197,97.33333333333333,277,0.09357249626307917,104.33333333333333,214.66666666666666
within_run,primary,H,catboost,validation,647,149,0.2302936630602782,0.35884309289174166,0.0035059060669307726,0.7022542069845378,0.16144908972629982,0.360178970917226,53.666666666666664,129,0.15194109772423017,75.66666666666667,94.66666666666667
within_run,primary,P,catboost,test,1387,272,0.1961067051189617,0.3416756385900172,0.003552348366488071,0.7202524619713356,0.14398907015883033,0.3737745098039215,101.66666666666667,277,0.09925261584454403,110.66666666666667,209.0
within_run,primary,P,catboost,validation,647,149,0.2302936630602782,0.3455910128105802,0.003881536396817074,0.6870299991913965,0.1645498442576578,0.3310961968680089,49.333333333333336,129,0.16064257028112447,80.0,99.33333333333333
within_run,primary,S,logistic,test,1387,272,0.1961067051189617,0.3713355997902669,0.0,0.7164468477974152,0.1439851253647324,0.41911764705882354,114.0,277,0.0367713004484304,41.0,235.0
within_run,primary,S,logistic,validation,647,149,0.2302936630602782,0.3425951226504904,0.0,0.6725357807067193,0.1656935002188524,0.3288590604026846,49.0,129,0.1626506024096385,81.0,100.0
within_run,primary,SH,random_forest,test,1387,272,0.1961067051189617,0.3248360356086512,0.004912921961755227,0.7079992086520707,0.150709809964167,0.3333333333333333,90.66666666666667,277,0.0361733931240657,40.333333333333336,245.33333333333334
within_run,primary,SH,random_forest,validation,647,149,0.2302936630602782,0.32759502473650076,0.0008270064838019357,0.6797750285257361,0.18324053531004217,0.3020134228187919,45.0,129,0.16934404283801874,84.33333333333333,103.33333333333333
within_run,primary,SH_FB,lightgbm,test,1387,272,0.1961067051189617,0.3430359664012122,0.0025880939383309664,0.7121614789413523,0.1449000305403796,0.392156862745098,106.66666666666667,277,0.0807174887892376,90.0,205.33333333333334
within_run,primary,SH_FB,lightgbm,validation,647,149,0.2302936630602782,0.4216839490963015,0.0048224373827498905,0.72171684500867,0.15842485249427815,0.39821029082774045,59.333333333333336,129,0.14190093708165996,70.66666666666667,89.66666666666667
within_run,primary,S_FB,logistic,test,1387,272,0.1961067051189617,0.3845012914004342,0.0,0.7378033500395672,0.1419255789356684,0.4301470588235294,117.0,277,0.095067264573991,106.0,192.0
within_run,primary,S_FB,logistic,validation,647,149,0.2302936630602782,0.4343748289009028,0.0,0.7146438101398885,0.1571600577392231,0.4093959731543624,61.0,129,0.1365461847389558,68.0,87.0
