dataset,population,scheme,fold,experiment,model,n,positive,ap_mean,ap_sd,auc_mean,auc_sd,recall_mean,fpr_mean,ece_mean,brier_mean
m41,all,forward_run,2,Gate,random_forest,417,20,0.6738973764257887,0.021459241721589167,0.9349622166246851,0.007044795635340912,0.8,0.05491183879093199,0.044155139518886395,0.03487480840793124
m41,all,forward_run,3,Gate,logistic,623,23,0.6581221020462695,0.0,0.8876086956521739,0.0,0.391304347826087,0.0,0.01867843259939702,0.017727064115103167
m41,all,forward_run,4,Gate,random_forest,733,8,0.8765040512685927,0.030693286362819917,0.9779137931034482,0.019421478236340894,0.925,0.04744827586206897,0.2006862643407108,0.04311804292413148
m41,all,forward_run,6,Gate,lightgbm,656,21,0.5696649687883015,0.01787913659784053,0.7937082864641919,0.021753590230901506,0.5238095238095238,0.025826771653543308,0.015081924984599763,0.018274998246514258
m41,all,run_holdout,0,Gate,random_forest,1105,6,0.9173015873015873,0.04553353126143202,0.9995753715498938,0.00019773134380348206,1.0,0.05586897179253867,0.005887273816014539,0.0021499575245788453
m41,all,run_holdout,1,Gate,random_forest,1183,26,0.2618630230697218,0.02446035696237597,0.8072601555747623,0.0407689069762743,0.6153846153846154,0.048055315471045815,0.01513701433568268,0.01953333732601464
m41,all,run_holdout,2,Gate,random_forest,417,20,0.6028955413103947,0.007077313211237575,0.9080100755667505,0.0037218702393127965,1.0,0.9622166246851386,0.19058364079202544,0.07308414186529015
m41,all,run_holdout,3,Gate,random_forest,623,23,0.9949452495974235,0.003259897272592235,0.9997826086956522,0.00014492753623189004,1.0,0.176,0.022728083340811937,0.008848651495392743
m41,all,run_holdout,4,Gate,catboost,733,8,0.985,0.013693063937629181,0.9997931034482758,0.00018886984741559701,1.0,0.035586206896551724,0.009174753008091212,0.001502816659093435
m41,all,run_holdout,6,Gate,lightgbm,656,21,0.5696649687883015,0.01787913659784053,0.7937082864641919,0.021753590230901506,0.5238095238095238,0.025826771653543308,0.015081924984599763,0.018274998246514258
m41,all,within_run,primary,Gate,random_forest,1445,58,0.6181527740327067,0.007981258374879186,0.879121398205007,0.012184990523254101,0.603448275862069,0.022206200432588318,0.018635255790503753,0.023352303326359614
p40,all,chronological,primary,E_full,lightgbm,22060,905,0.7953418420159143,0.0088630762233205,0.9477393508319938,0.0023571066695584346,0.687292817679558,0.005691325927676672,0.08781380717415951,0.04290403787774206
p40,all,chronological,primary,E_no_mold6,lightgbm,22060,905,0.7081550791351442,0.0038861950443278923,0.9033405997041045,0.0016147431260540297,0.5832044198895028,0.003271094303947057,0.3179791891534606,0.18938178079378698
p40,normal_pressure,chronological,primary,E_full,random_forest,21564,410,0.3621562852312845,0.00519625113912348,0.8673048169405775,0.0025227485162342697,0.4360975609756098,0.010825375815448615,0.1286405000016178,0.039343795000847774
p40,normal_pressure,chronological,primary,E_no_mold6,random_forest,21564,410,0.17156732932300992,0.010740993610372132,0.7458385313738738,0.003427793719523317,0.21902439024390247,0.014966436607733762,0.23768998994808538,0.09637282583649445
q42,all,forward_run,2,A,logistic,397,5,0.011483225768940054,0.0,0.3479591836734694,0.0,0.0,0.1326530612244898,0.05510057255283839,0.03752753301150576
q42,all,forward_run,2,A0,logistic,397,5,0.018589100821071288,0.0,0.6130102040816326,0.0,1.0,0.8877551020408163,0.8258237254466676,0.7829888067069409
q42,all,forward_run,2,B,logistic,397,5,0.01210149952820748,0.0,0.3755102040816327,0.0,0.0,0.1096938775510204,0.053586462662131226,0.037711203260106095
q42,all,forward_run,2,B2,logistic,397,5,0.012130874915497166,0.0,0.37551020408163266,0.0,0.0,0.1096938775510204,0.05401079463338941,0.0380517072576158
q42,all,forward_run,3,A,catboost,600,44,0.06943827874901105,0.007174673362637517,0.4699681164159582,0.03931909421699362,0.9,0.8938848920863309,0.40001641812100946,0.24954252063108048
q42,all,forward_run,3,A0,catboost,600,44,0.07459192608552978,0.010096365137227318,0.4657333224329626,0.04064128914364497,0.9227272727272726,0.9489208633093525,0.1357606731087795,0.08975423596987898
q42,all,forward_run,3,B,catboost,600,44,0.07277483287389404,0.015773213699179583,0.4422866252452583,0.05907352452468145,1.0,0.9996402877697841,0.3778387648159168,0.22138587434817456
q42,all,forward_run,3,B2,catboost,600,44,0.06822392199634461,0.005789672392743472,0.4543982995421844,0.020142146450717723,1.0,1.0,0.40801013845530765,0.2547904527728378
q42,all,forward_run,4,A,catboost,725,298,0.4131412879366798,0.014119517063200865,0.4985437656193515,0.035056999162260585,0.051006711409395965,0.054800936768149885,0.3127544051262416,0.3424456841954563
q42,all,forward_run,4,A0,catboost,725,298,0.42203305073993436,0.019091663911491717,0.4949475818493313,0.014021424636376184,0.6630872483221476,0.6716627634660421,0.3823081387529757,0.38857646356155773
q42,all,forward_run,4,B,catboost,725,298,0.421890066649229,0.015468279626635106,0.505932602989485,0.04097739001028961,0.07114093959731545,0.08337236533957845,0.3513126104886088,0.3656198691974222
q42,all,forward_run,4,B2,catboost,725,298,0.414443263325872,0.01700379528154661,0.48310516637065215,0.03173397428150829,0.025503355704697982,0.024355971896955503,0.36295724853400957,0.374476102802351
q42,all,forward_run,6,A,logistic,635,153,0.2576101782110153,0.0,0.4812464404849076,0.0,0.12418300653594772,0.10788381742738591,0.23570676771808405,0.2380434709811917
q42,all,forward_run,6,A0,logistic,635,153,0.2300440578851603,0.0,0.46068261329428034,0.0,0.9934640522875817,0.9979253112033195,0.23086574489832143,0.23639282812630383
q42,all,forward_run,6,B,logistic,635,153,0.2554616575451233,0.0,0.4820871640495755,0.0,0.1503267973856209,0.12863070539419086,0.2347508260275505,0.2375537006721064
q42,all,forward_run,6,B2,logistic,635,153,0.2557250101709537,0.0,0.4806497979551433,0.0,0.16339869281045752,0.13278008298755187,0.2347867445896828,0.23754738652193091
q42,all,run_holdout,0,A,logistic,1099,413,0.3895446979001878,0.0,0.5188410196316506,0.0,0.8934624697336562,0.8396501457725949,0.3324352576549165,0.34493061090062604
q42,all,run_holdout,0,A0,logistic,1099,413,0.40642954623913174,0.0,0.5343800958640115,0.0,0.9709443099273608,0.9489795918367347,0.2063409891990576,0.27525222249134007
q42,all,run_holdout,0,B,logistic,1099,413,0.39254004239525414,0.0,0.5229247700463789,0.0,0.8934624697336562,0.8338192419825073,0.3312655466875208,0.3440210027300365
q42,all,run_holdout,0,B2,logistic,1099,413,0.39195838185559406,0.0,0.5220423693517531,0.0,0.8837772397094431,0.8221574344023324,0.33135037604039186,0.3440980834898248
q42,all,run_holdout,1,A,logistic,1157,158,0.13950744196311265,0.0,0.5187339237972151,0.0,0.9936708860759493,1.0,0.40223529912021505,0.29193171043684385
q42,all,run_holdout,1,A0,logistic,1157,158,0.18876975743695898,0.0,0.5861399374057602,0.0,0.9873417721518989,0.9769769769769769,0.14187168081487272,0.13915235514756816
q42,all,run_holdout,1,B,logistic,1157,158,0.1435678766366809,0.0,0.534946338743807,0.0,0.9936708860759493,0.990990990990991,0.31628694806901003,0.23291008842669286
q42,all,run_holdout,1,B2,logistic,1157,158,0.14345387735444035,0.0,0.5342937874583444,0.0,0.9936708860759493,0.98998998998999,0.3114811849583174,0.2299884651696436
q42,all,run_holdout,2,A,logistic,397,5,0.030459189839994794,0.0,0.5760204081632654,0.0,1.0,0.9311224489795918,0.650222492566494,0.4664929332166709
q42,all,run_holdout,2,A0,logistic,397,5,0.01678414114942246,0.0,0.5604591836734694,0.0,1.0,0.9489795918367347,0.5273506037395788,0.3204326570351692
q42,all,run_holdout,2,B,logistic,397,5,0.03865060875167574,0.0,0.6096938775510204,0.0,1.0,0.9209183673469388,0.6457233342072627,0.46364589101993053
q42,all,run_holdout,2,B2,logistic,397,5,0.041221589288536954,0.0,0.6214285714285714,0.0,1.0,0.9107142857142858,0.6467890560208952,0.46847730116471836
q42,all,run_holdout,3,A,logistic,600,44,0.08397200887255955,0.0,0.5571451929365598,0.0,1.0,1.0,0.6832858686836094,0.5397874272004155
q42,all,run_holdout,3,A0,logistic,600,44,0.07720373530044544,0.0,0.5042920209287116,0.0,1.0,0.9820143884892086,0.5192072545304773,0.3526010667431041
q42,all,run_holdout,3,B,logistic,600,44,0.08355294218082528,0.0,0.5558371484630479,0.0,1.0,1.0,0.6760846527675628,0.5301494304993621
q42,all,run_holdout,3,B2,logistic,600,44,0.08276443130396953,0.0,0.5542838456507522,0.0,1.0,1.0,0.6747497654560767,0.5283150052366264
q42,all,run_holdout,4,A,catboost,725,298,0.37665996759106807,0.04070039622930929,0.44719519670559393,0.04399533069560976,0.9879194630872483,0.9892271662763467,0.3634834562947965,0.3758244715346869
q42,all,run_holdout,4,A0,catboost,725,298,0.4459861539064159,0.022136912288845668,0.5210434905615894,0.02823483009003283,0.8926174496644295,0.8918032786885245,0.3804355927551762,0.3863080658447824
q42,all,run_holdout,4,B,catboost,725,298,0.39335867543574016,0.04328781309440331,0.4767151816167109,0.05668157590513375,0.9986577181208054,0.999063231850117,0.36217145987756505,0.3738976631723504
q42,all,run_holdout,4,B2,catboost,725,298,0.39564093401506917,0.039227369083182834,0.46319334203039786,0.041513984813529664,0.9946308724832214,0.9901639344262294,0.375667222632202,0.38413877733900825
q42,all,run_holdout,6,A,logistic,635,153,0.2576101782110153,0.0,0.4812464404849076,0.0,0.12418300653594772,0.10788381742738591,0.23570676771808405,0.2380434709811917
q42,all,run_holdout,6,A0,logistic,635,153,0.2300440578851603,0.0,0.46068261329428034,0.0,0.9934640522875817,0.9979253112033195,0.23086574489832143,0.23639282812630383
q42,all,run_holdout,6,B,logistic,635,153,0.2554616575451233,0.0,0.4820871640495755,0.0,0.1503267973856209,0.12863070539419086,0.2347508260275505,0.2375537006721064
q42,all,run_holdout,6,B2,logistic,635,153,0.2557250101709537,0.0,0.4806497979551433,0.0,0.16339869281045752,0.13278008298755187,0.2347867445896828,0.23754738652193091
q42,all,within_run,primary,A,lightgbm,1387,272,0.26141068414045554,0.011815974435947703,0.6273700870482722,0.015558938741729192,0.5080882352941176,0.36322869955156956,0.07751877141273723,0.16344596133118933
q42,all,within_run,primary,A0,lightgbm,1387,272,0.31790363835040536,0.005857866418411564,0.6985914006858349,0.0023244072773837047,0.7389705882352942,0.420627802690583,0.06105548790508316,0.15266513387387617
q42,all,within_run,primary,B,lightgbm,1387,272,0.2667609829633419,0.0093733985044909,0.6381617647058824,0.005493030669377806,0.4897058823529411,0.32843049327354257,0.06992648009839948,0.16112354217334726
q42,all,within_run,primary,B2,lightgbm,1387,272,0.25895773593247534,0.005057373448615346,0.6310261144816671,0.007031803330023228,0.42279411764705876,0.2882511210762332,0.08220160434831313,0.16240232887062486
