defect,run_id,policy,positive_shots,hits_mean,capture,delta_hits_vs_FIFO,overlapping_labels_not_additive
Short_Shot_1,all,FIFO,139,41.0,0.2949640287769784,0.0,True
Short_Shot_1,all,Q,139,32.0,0.2302158273381295,-9.0,True
Short_Shot_1,all,GQ,139,29.4,0.21151079136690645,-11.6,True
Short_Shot_1,1,FIFO,38,14.0,0.3684210526315789,0.0,True
Short_Shot_1,1,Q,38,7.0,0.18421052631578946,-7.0,True
Short_Shot_1,1,GQ,38,7.0,0.18421052631578946,-7.0,True
Short_Shot_1,2,FIFO,0,0.0,,0.0,True
Short_Shot_1,2,Q,0,0.0,,0.0,True
Short_Shot_1,2,GQ,0,0.0,,0.0,True
Short_Shot_1,3,FIFO,1,0.0,0.0,0.0,True
Short_Shot_1,3,Q,1,0.0,0.0,0.0,True
Short_Shot_1,3,GQ,1,0.0,0.0,0.0,True
Short_Shot_1,4,FIFO,100,27.0,0.27,0.0,True
Short_Shot_1,4,Q,100,25.0,0.25,-2.0,True
Short_Shot_1,4,GQ,100,22.4,0.22399999999999998,-4.6,True
Bubble_1,all,FIFO,12,0.0,0.0,0.0,True
Bubble_1,all,Q,12,0.2,0.016666666666666666,0.2,True
Bubble_1,all,GQ,12,0.2,0.016666666666666666,0.2,True
Bubble_1,1,FIFO,11,0.0,0.0,0.0,True
Bubble_1,1,Q,11,0.0,0.0,0.0,True
Bubble_1,1,GQ,11,0.0,0.0,0.0,True
Bubble_1,2,FIFO,0,0.0,,0.0,True
Bubble_1,2,Q,0,0.0,,0.0,True
Bubble_1,2,GQ,0,0.0,,0.0,True
Bubble_1,3,FIFO,1,0.0,0.0,0.0,True
Bubble_1,3,Q,1,0.2,0.2,0.2,True
Bubble_1,3,GQ,1,0.2,0.2,0.2,True
Bubble_1,4,FIFO,0,0.0,,0.0,True
Bubble_1,4,Q,0,0.0,,0.0,True
Bubble_1,4,GQ,0,0.0,,0.0,True
Exfoliation_1,all,FIFO,49,10.0,0.20408163265306123,0.0,True
Exfoliation_1,all,Q,49,13.0,0.2653061224489796,3.0,True
Exfoliation_1,all,GQ,49,13.0,0.2653061224489796,3.0,True
Exfoliation_1,1,FIFO,49,10.0,0.20408163265306123,0.0,True
Exfoliation_1,1,Q,49,13.0,0.2653061224489796,3.0,True
Exfoliation_1,1,GQ,49,13.0,0.2653061224489796,3.0,True
Exfoliation_1,2,FIFO,0,0.0,,0.0,True
Exfoliation_1,2,Q,0,0.0,,0.0,True
Exfoliation_1,2,GQ,0,0.0,,0.0,True
Exfoliation_1,3,FIFO,0,0.0,,0.0,True
Exfoliation_1,3,Q,0,0.0,,0.0,True
Exfoliation_1,3,GQ,0,0.0,,0.0,True
Exfoliation_1,4,FIFO,0,0.0,,0.0,True
Exfoliation_1,4,Q,0,0.0,,0.0,True
Exfoliation_1,4,GQ,0,0.0,,0.0,True
Blow_Hole_1,all,FIFO,82,35.0,0.4268292682926829,0.0,True
Blow_Hole_1,all,Q,82,17.0,0.2073170731707317,-18.0,True
Blow_Hole_1,all,GQ,82,17.0,0.2073170731707317,-18.0,True
Blow_Hole_1,1,FIFO,0,0.0,,0.0,True
Blow_Hole_1,1,Q,0,0.0,,0.0,True
Blow_Hole_1,1,GQ,0,0.0,,0.0,True
Blow_Hole_1,2,FIFO,0,0.0,,0.0,True
Blow_Hole_1,2,Q,0,0.0,,0.0,True
Blow_Hole_1,2,GQ,0,0.0,,0.0,True
Blow_Hole_1,3,FIFO,3,0.0,0.0,0.0,True
Blow_Hole_1,3,Q,3,0.0,0.0,0.0,True
Blow_Hole_1,3,GQ,3,0.0,0.0,0.0,True
Blow_Hole_1,4,FIFO,79,35.0,0.4430379746835443,0.0,True
Blow_Hole_1,4,Q,79,17.0,0.21518987341772153,-18.0,True
Blow_Hole_1,4,GQ,79,17.0,0.21518987341772153,-18.0,True
Stain_1,all,FIFO,93,0.0,0.0,0.0,True
Stain_1,all,Q,93,18.0,0.1935483870967742,18.0,True
Stain_1,all,GQ,93,17.0,0.1827956989247312,17.0,True
Stain_1,1,FIFO,0,0.0,,0.0,True
Stain_1,1,Q,0,0.0,,0.0,True
Stain_1,1,GQ,0,0.0,,0.0,True
Stain_1,2,FIFO,0,0.0,,0.0,True
Stain_1,2,Q,0,0.0,,0.0,True
Stain_1,2,GQ,0,0.0,,0.0,True
Stain_1,3,FIFO,0,0.0,,0.0,True
Stain_1,3,Q,0,0.0,,0.0,True
Stain_1,3,GQ,0,0.0,,0.0,True
Stain_1,4,FIFO,93,0.0,0.0,0.0,True
Stain_1,4,Q,93,18.0,0.1935483870967742,18.0,True
Stain_1,4,GQ,93,17.0,0.1827956989247312,17.0,True
Dent_1,all,FIFO,4,1.0,0.25,0.0,True
Dent_1,all,Q,4,0.6000000000000001,0.15000000000000002,-0.4,True
Dent_1,all,GQ,4,0.6000000000000001,0.15000000000000002,-0.4,True
Dent_1,1,FIFO,0,0.0,,0.0,True
Dent_1,1,Q,0,0.0,,0.0,True
Dent_1,1,GQ,0,0.0,,0.0,True
Dent_1,2,FIFO,0,0.0,,0.0,True
Dent_1,2,Q,0,0.0,,0.0,True
Dent_1,2,GQ,0,0.0,,0.0,True
Dent_1,3,FIFO,4,1.0,0.25,0.0,True
Dent_1,3,Q,4,0.6000000000000001,0.15000000000000002,-0.4,True
Dent_1,3,GQ,4,0.6000000000000001,0.15000000000000002,-0.4,True
Dent_1,4,FIFO,0,0.0,,0.0,True
Dent_1,4,Q,0,0.0,,0.0,True
Dent_1,4,GQ,0,0.0,,0.0,True
Deformation_1,all,FIFO,0,0.0,,0.0,True
Deformation_1,all,Q,0,0.0,,0.0,True
Deformation_1,all,GQ,0,0.0,,0.0,True
Deformation_1,1,FIFO,0,0.0,,0.0,True
Deformation_1,1,Q,0,0.0,,0.0,True
Deformation_1,1,GQ,0,0.0,,0.0,True
Deformation_1,2,FIFO,0,0.0,,0.0,True
Deformation_1,2,Q,0,0.0,,0.0,True
Deformation_1,2,GQ,0,0.0,,0.0,True
Deformation_1,3,FIFO,0,0.0,,0.0,True
Deformation_1,3,Q,0,0.0,,0.0,True
Deformation_1,3,GQ,0,0.0,,0.0,True
Deformation_1,4,FIFO,0,0.0,,0.0,True
Deformation_1,4,Q,0,0.0,,0.0,True
Deformation_1,4,GQ,0,0.0,,0.0,True
Contamination_1,all,FIFO,4,0.0,0.0,0.0,True
Contamination_1,all,Q,4,0.0,0.0,0.0,True
Contamination_1,all,GQ,4,0.0,0.0,0.0,True
Contamination_1,1,FIFO,0,0.0,,0.0,True
Contamination_1,1,Q,0,0.0,,0.0,True
Contamination_1,1,GQ,0,0.0,,0.0,True
Contamination_1,2,FIFO,0,0.0,,0.0,True
Contamination_1,2,Q,0,0.0,,0.0,True
Contamination_1,2,GQ,0,0.0,,0.0,True
Contamination_1,3,FIFO,4,0.0,0.0,0.0,True
Contamination_1,3,Q,4,0.0,0.0,0.0,True
Contamination_1,3,GQ,4,0.0,0.0,0.0,True
Contamination_1,4,FIFO,0,0.0,,0.0,True
Contamination_1,4,Q,0,0.0,,0.0,True
Contamination_1,4,GQ,0,0.0,,0.0,True
Impurity_1,all,FIFO,2,0.0,0.0,0.0,True
Impurity_1,all,Q,2,0.0,0.0,0.0,True
Impurity_1,all,GQ,2,0.0,0.0,0.0,True
Impurity_1,1,FIFO,0,0.0,,0.0,True
Impurity_1,1,Q,0,0.0,,0.0,True
Impurity_1,1,GQ,0,0.0,,0.0,True
Impurity_1,2,FIFO,0,0.0,,0.0,True
Impurity_1,2,Q,0,0.0,,0.0,True
Impurity_1,2,GQ,0,0.0,,0.0,True
Impurity_1,3,FIFO,2,0.0,0.0,0.0,True
Impurity_1,3,Q,2,0.0,0.0,0.0,True
Impurity_1,3,GQ,2,0.0,0.0,0.0,True
Impurity_1,4,FIFO,0,0.0,,0.0,True
Impurity_1,4,Q,0,0.0,,0.0,True
Impurity_1,4,GQ,0,0.0,,0.0,True
Crack_1,all,FIFO,1,0.0,0.0,0.0,True
Crack_1,all,Q,1,0.0,0.0,0.0,True
Crack_1,all,GQ,1,0.0,0.0,0.0,True
Crack_1,1,FIFO,0,0.0,,0.0,True
Crack_1,1,Q,0,0.0,,0.0,True
Crack_1,1,GQ,0,0.0,,0.0,True
Crack_1,2,FIFO,0,0.0,,0.0,True
Crack_1,2,Q,0,0.0,,0.0,True
Crack_1,2,GQ,0,0.0,,0.0,True
Crack_1,3,FIFO,1,0.0,0.0,0.0,True
Crack_1,3,Q,1,0.0,0.0,0.0,True
Crack_1,3,GQ,1,0.0,0.0,0.0,True
Crack_1,4,FIFO,0,0.0,,0.0,True
Crack_1,4,Q,0,0.0,,0.0,True
Crack_1,4,GQ,0,0.0,,0.0,True
Scratch_1,all,FIFO,2,0.0,0.0,0.0,True
Scratch_1,all,Q,2,0.0,0.0,0.0,True
Scratch_1,all,GQ,2,0.0,0.0,0.0,True
Scratch_1,1,FIFO,0,0.0,,0.0,True
Scratch_1,1,Q,0,0.0,,0.0,True
Scratch_1,1,GQ,0,0.0,,0.0,True
Scratch_1,2,FIFO,0,0.0,,0.0,True
Scratch_1,2,Q,0,0.0,,0.0,True
Scratch_1,2,GQ,0,0.0,,0.0,True
Scratch_1,3,FIFO,2,0.0,0.0,0.0,True
Scratch_1,3,Q,2,0.0,0.0,0.0,True
Scratch_1,3,GQ,2,0.0,0.0,0.0,True
Scratch_1,4,FIFO,0,0.0,,0.0,True
Scratch_1,4,Q,0,0.0,,0.0,True
Scratch_1,4,GQ,0,0.0,,0.0,True
Buring_Mark_1,all,FIFO,5,4.0,0.8,0.0,True
Buring_Mark_1,all,Q,5,1.6,0.32,-2.4000000000000004,True
Buring_Mark_1,all,GQ,5,1.6,0.32,-2.4000000000000004,True
Buring_Mark_1,1,FIFO,0,0.0,,0.0,True
Buring_Mark_1,1,Q,0,0.0,,0.0,True
Buring_Mark_1,1,GQ,0,0.0,,0.0,True
Buring_Mark_1,2,FIFO,0,0.0,,0.0,True
Buring_Mark_1,2,Q,0,0.0,,0.0,True
Buring_Mark_1,2,GQ,0,0.0,,0.0,True
Buring_Mark_1,3,FIFO,5,4.0,0.8,0.0,True
Buring_Mark_1,3,Q,5,1.6,0.32,-2.4000000000000004,True
Buring_Mark_1,3,GQ,5,1.6,0.32,-2.4000000000000004,True
Buring_Mark_1,4,FIFO,0,0.0,,0.0,True
Buring_Mark_1,4,Q,0,0.0,,0.0,True
Buring_Mark_1,4,GQ,0,0.0,,0.0,True
Inclusions_1,all,FIFO,0,0.0,,0.0,True
Inclusions_1,all,Q,0,0.0,,0.0,True
Inclusions_1,all,GQ,0,0.0,,0.0,True
Inclusions_1,1,FIFO,0,0.0,,0.0,True
Inclusions_1,1,Q,0,0.0,,0.0,True
Inclusions_1,1,GQ,0,0.0,,0.0,True
Inclusions_1,2,FIFO,0,0.0,,0.0,True
Inclusions_1,2,Q,0,0.0,,0.0,True
Inclusions_1,2,GQ,0,0.0,,0.0,True
Inclusions_1,3,FIFO,0,0.0,,0.0,True
Inclusions_1,3,Q,0,0.0,,0.0,True
Inclusions_1,3,GQ,0,0.0,,0.0,True
Inclusions_1,4,FIFO,0,0.0,,0.0,True
Inclusions_1,4,Q,0,0.0,,0.0,True
Inclusions_1,4,GQ,0,0.0,,0.0,True
Short_Shot_2,all,FIFO,36,7.0,0.19444444444444445,0.0,True
Short_Shot_2,all,Q,36,10.4,0.2888888888888889,3.4,True
Short_Shot_2,all,GQ,36,10.2,0.2833333333333333,3.2,True
Short_Shot_2,1,FIFO,26,6.0,0.23076923076923078,0.0,True
Short_Shot_2,1,Q,26,9.0,0.34615384615384615,3.0,True
Short_Shot_2,1,GQ,26,9.0,0.34615384615384615,3.0,True
Short_Shot_2,2,FIFO,0,0.0,,0.0,True
Short_Shot_2,2,Q,0,0.0,,0.0,True
Short_Shot_2,2,GQ,0,0.0,,0.0,True
Short_Shot_2,3,FIFO,2,0.0,0.0,0.0,True
Short_Shot_2,3,Q,2,0.4,0.2,0.4,True
Short_Shot_2,3,GQ,2,0.2,0.1,0.2,True
Short_Shot_2,4,FIFO,8,1.0,0.125,0.0,True
Short_Shot_2,4,Q,8,1.0,0.125,0.0,True
Short_Shot_2,4,GQ,8,1.0,0.125,0.0,True
Bubble_2,all,FIFO,2,0.0,0.0,0.0,True
Bubble_2,all,Q,2,0.0,0.0,0.0,True
Bubble_2,all,GQ,2,0.0,0.0,0.0,True
Bubble_2,1,FIFO,0,0.0,,0.0,True
Bubble_2,1,Q,0,0.0,,0.0,True
Bubble_2,1,GQ,0,0.0,,0.0,True
Bubble_2,2,FIFO,2,0.0,0.0,0.0,True
Bubble_2,2,Q,2,0.0,0.0,0.0,True
Bubble_2,2,GQ,2,0.0,0.0,0.0,True
Bubble_2,3,FIFO,0,0.0,,0.0,True
Bubble_2,3,Q,0,0.0,,0.0,True
Bubble_2,3,GQ,0,0.0,,0.0,True
Bubble_2,4,FIFO,0,0.0,,0.0,True
Bubble_2,4,Q,0,0.0,,0.0,True
Bubble_2,4,GQ,0,0.0,,0.0,True
Exfoliation_2,all,FIFO,45,20.0,0.4444444444444444,0.0,True
Exfoliation_2,all,Q,45,5.0,0.1111111111111111,-15.0,True
Exfoliation_2,all,GQ,45,6.3999999999999995,0.14222222222222222,-13.600000000000001,True
Exfoliation_2,1,FIFO,42,20.0,0.47619047619047616,0.0,True
Exfoliation_2,1,Q,42,5.0,0.11904761904761904,-15.0,True
Exfoliation_2,1,GQ,42,5.0,0.11904761904761904,-15.0,True
Exfoliation_2,2,FIFO,3,0.0,0.0,0.0,True
Exfoliation_2,2,Q,3,0.0,0.0,0.0,True
Exfoliation_2,2,GQ,3,1.4,0.4666666666666666,1.4,True
Exfoliation_2,3,FIFO,0,0.0,,0.0,True
Exfoliation_2,3,Q,0,0.0,,0.0,True
Exfoliation_2,3,GQ,0,0.0,,0.0,True
Exfoliation_2,4,FIFO,0,0.0,,0.0,True
Exfoliation_2,4,Q,0,0.0,,0.0,True
Exfoliation_2,4,GQ,0,0.0,,0.0,True
Blow_Hole_2,all,FIFO,60,7.0,0.11666666666666667,0.0,True
Blow_Hole_2,all,Q,60,14.2,0.23666666666666666,7.2,True
Blow_Hole_2,all,GQ,60,12.4,0.20666666666666667,5.4,True
Blow_Hole_2,1,FIFO,0,0.0,,0.0,True
Blow_Hole_2,1,Q,0,0.0,,0.0,True
Blow_Hole_2,1,GQ,0,0.0,,0.0,True
Blow_Hole_2,2,FIFO,0,0.0,,0.0,True
Blow_Hole_2,2,Q,0,0.0,,0.0,True
Blow_Hole_2,2,GQ,0,0.0,,0.0,True
Blow_Hole_2,3,FIFO,3,0.0,0.0,0.0,True
Blow_Hole_2,3,Q,3,0.2,0.06666666666666667,0.2,True
Blow_Hole_2,3,GQ,3,0.2,0.06666666666666667,0.2,True
Blow_Hole_2,4,FIFO,57,7.0,0.12280701754385964,0.0,True
Blow_Hole_2,4,Q,57,14.0,0.24561403508771928,7.0,True
Blow_Hole_2,4,GQ,57,12.2,0.21403508771929824,5.2,True
Stain_2,all,FIFO,0,0.0,,0.0,True
Stain_2,all,Q,0,0.0,,0.0,True
Stain_2,all,GQ,0,0.0,,0.0,True
Stain_2,1,FIFO,0,0.0,,0.0,True
Stain_2,1,Q,0,0.0,,0.0,True
Stain_2,1,GQ,0,0.0,,0.0,True
Stain_2,2,FIFO,0,0.0,,0.0,True
Stain_2,2,Q,0,0.0,,0.0,True
Stain_2,2,GQ,0,0.0,,0.0,True
Stain_2,3,FIFO,0,0.0,,0.0,True
Stain_2,3,Q,0,0.0,,0.0,True
Stain_2,3,GQ,0,0.0,,0.0,True
Stain_2,4,FIFO,0,0.0,,0.0,True
Stain_2,4,Q,0,0.0,,0.0,True
Stain_2,4,GQ,0,0.0,,0.0,True
Dent_2,all,FIFO,4,1.0,0.25,0.0,True
Dent_2,all,Q,4,1.0,0.25,0.0,True
Dent_2,all,GQ,4,1.0,0.25,0.0,True
Dent_2,1,FIFO,0,0.0,,0.0,True
Dent_2,1,Q,0,0.0,,0.0,True
Dent_2,1,GQ,0,0.0,,0.0,True
Dent_2,2,FIFO,0,0.0,,0.0,True
Dent_2,2,Q,0,0.0,,0.0,True
Dent_2,2,GQ,0,0.0,,0.0,True
Dent_2,3,FIFO,4,1.0,0.25,0.0,True
Dent_2,3,Q,4,1.0,0.25,0.0,True
Dent_2,3,GQ,4,1.0,0.25,0.0,True
Dent_2,4,FIFO,0,0.0,,0.0,True
Dent_2,4,Q,0,0.0,,0.0,True
Dent_2,4,GQ,0,0.0,,0.0,True
Deformation_2,all,FIFO,0,0.0,,0.0,True
Deformation_2,all,Q,0,0.0,,0.0,True
Deformation_2,all,GQ,0,0.0,,0.0,True
Deformation_2,1,FIFO,0,0.0,,0.0,True
Deformation_2,1,Q,0,0.0,,0.0,True
Deformation_2,1,GQ,0,0.0,,0.0,True
Deformation_2,2,FIFO,0,0.0,,0.0,True
Deformation_2,2,Q,0,0.0,,0.0,True
Deformation_2,2,GQ,0,0.0,,0.0,True
Deformation_2,3,FIFO,0,0.0,,0.0,True
Deformation_2,3,Q,0,0.0,,0.0,True
Deformation_2,3,GQ,0,0.0,,0.0,True
Deformation_2,4,FIFO,0,0.0,,0.0,True
Deformation_2,4,Q,0,0.0,,0.0,True
Deformation_2,4,GQ,0,0.0,,0.0,True
Contamination_2,all,FIFO,8,0.0,0.0,0.0,True
Contamination_2,all,Q,8,0.4,0.05,0.4,True
Contamination_2,all,GQ,8,0.4,0.05,0.4,True
Contamination_2,1,FIFO,0,0.0,,0.0,True
Contamination_2,1,Q,0,0.0,,0.0,True
Contamination_2,1,GQ,0,0.0,,0.0,True
Contamination_2,2,FIFO,0,0.0,,0.0,True
Contamination_2,2,Q,0,0.0,,0.0,True
Contamination_2,2,GQ,0,0.0,,0.0,True
Contamination_2,3,FIFO,8,0.0,0.0,0.0,True
Contamination_2,3,Q,8,0.4,0.05,0.4,True
Contamination_2,3,GQ,8,0.4,0.05,0.4,True
Contamination_2,4,FIFO,0,0.0,,0.0,True
Contamination_2,4,Q,0,0.0,,0.0,True
Contamination_2,4,GQ,0,0.0,,0.0,True
Impurity_2,all,FIFO,5,1.0,0.2,0.0,True
Impurity_2,all,Q,5,1.0,0.2,0.0,True
Impurity_2,all,GQ,5,1.0,0.2,0.0,True
Impurity_2,1,FIFO,0,0.0,,0.0,True
Impurity_2,1,Q,0,0.0,,0.0,True
Impurity_2,1,GQ,0,0.0,,0.0,True
Impurity_2,2,FIFO,0,0.0,,0.0,True
Impurity_2,2,Q,0,0.0,,0.0,True
Impurity_2,2,GQ,0,0.0,,0.0,True
Impurity_2,3,FIFO,5,1.0,0.2,0.0,True
Impurity_2,3,Q,5,1.0,0.2,0.0,True
Impurity_2,3,GQ,5,1.0,0.2,0.0,True
Impurity_2,4,FIFO,0,0.0,,0.0,True
Impurity_2,4,Q,0,0.0,,0.0,True
Impurity_2,4,GQ,0,0.0,,0.0,True
Crack_2,all,FIFO,2,0.0,0.0,0.0,True
Crack_2,all,Q,2,1.0,0.5,1.0,True
Crack_2,all,GQ,2,1.0,0.5,1.0,True
Crack_2,1,FIFO,0,0.0,,0.0,True
Crack_2,1,Q,0,0.0,,0.0,True
Crack_2,1,GQ,0,0.0,,0.0,True
Crack_2,2,FIFO,0,0.0,,0.0,True
Crack_2,2,Q,0,0.0,,0.0,True
Crack_2,2,GQ,0,0.0,,0.0,True
Crack_2,3,FIFO,2,0.0,0.0,0.0,True
Crack_2,3,Q,2,1.0,0.5,1.0,True
Crack_2,3,GQ,2,1.0,0.5,1.0,True
Crack_2,4,FIFO,0,0.0,,0.0,True
Crack_2,4,Q,0,0.0,,0.0,True
Crack_2,4,GQ,0,0.0,,0.0,True
Scratch_2,all,FIFO,0,0.0,,0.0,True
Scratch_2,all,Q,0,0.0,,0.0,True
Scratch_2,all,GQ,0,0.0,,0.0,True
Scratch_2,1,FIFO,0,0.0,,0.0,True
Scratch_2,1,Q,0,0.0,,0.0,True
Scratch_2,1,GQ,0,0.0,,0.0,True
Scratch_2,2,FIFO,0,0.0,,0.0,True
Scratch_2,2,Q,0,0.0,,0.0,True
Scratch_2,2,GQ,0,0.0,,0.0,True
Scratch_2,3,FIFO,0,0.0,,0.0,True
Scratch_2,3,Q,0,0.0,,0.0,True
Scratch_2,3,GQ,0,0.0,,0.0,True
Scratch_2,4,FIFO,0,0.0,,0.0,True
Scratch_2,4,Q,0,0.0,,0.0,True
Scratch_2,4,GQ,0,0.0,,0.0,True
Buring_Mark_2,all,FIFO,0,0.0,,0.0,True
Buring_Mark_2,all,Q,0,0.0,,0.0,True
Buring_Mark_2,all,GQ,0,0.0,,0.0,True
Buring_Mark_2,1,FIFO,0,0.0,,0.0,True
Buring_Mark_2,1,Q,0,0.0,,0.0,True
Buring_Mark_2,1,GQ,0,0.0,,0.0,True
Buring_Mark_2,2,FIFO,0,0.0,,0.0,True
Buring_Mark_2,2,Q,0,0.0,,0.0,True
Buring_Mark_2,2,GQ,0,0.0,,0.0,True
Buring_Mark_2,3,FIFO,0,0.0,,0.0,True
Buring_Mark_2,3,Q,0,0.0,,0.0,True
Buring_Mark_2,3,GQ,0,0.0,,0.0,True
Buring_Mark_2,4,FIFO,0,0.0,,0.0,True
Buring_Mark_2,4,Q,0,0.0,,0.0,True
Buring_Mark_2,4,GQ,0,0.0,,0.0,True
Inclusions_2,all,FIFO,1,0.0,0.0,0.0,True
Inclusions_2,all,Q,1,0.0,0.0,0.0,True
Inclusions_2,all,GQ,1,0.0,0.0,0.0,True
Inclusions_2,1,FIFO,0,0.0,,0.0,True
Inclusions_2,1,Q,0,0.0,,0.0,True
Inclusions_2,1,GQ,0,0.0,,0.0,True
Inclusions_2,2,FIFO,0,0.0,,0.0,True
Inclusions_2,2,Q,0,0.0,,0.0,True
Inclusions_2,2,GQ,0,0.0,,0.0,True
Inclusions_2,3,FIFO,1,0.0,0.0,0.0,True
Inclusions_2,3,Q,1,0.0,0.0,0.0,True
Inclusions_2,3,GQ,1,0.0,0.0,0.0,True
Inclusions_2,4,FIFO,0,0.0,,0.0,True
Inclusions_2,4,Q,0,0.0,,0.0,True
Inclusions_2,4,GQ,0,0.0,,0.0,True
