dimension,group,policy,rows,quality_known,positive,positive_rate_known,inspected_mean,known_inspected_mean,unknown_quality_inspected_mean,hits_mean,capture,delta_hits_vs_FIFO,delta_pp_of_pooled_505
all,all,FIFO,3395,2879,505,0.17540812782216048,675.0,507.0,168.0,113.0,0.22376237623762377,0.0,0.0
all,all,RECENT_PRODUCT_RATE,3395,2879,505,0.17540812782216048,675.0,507.0,168.0,113.0,0.22376237623762377,0.0,0.0
all,all,Q,3395,2879,505,0.17540812782216048,675.0,507.0,168.0,105.39999999999999,0.2087128712871287,-7.599999999999999,-1.5049504950495047
all,all,GQ,3395,2879,505,0.17540812782216048,677.0,486.20000000000005,190.8,102.19999999999999,0.20237623762376236,-10.799999999999999,-2.1386138613861387
all,all,RANDOM,3395,2879,505,0.17540812782216048,675.0,507.0,168.0,99.10000000000001,0.19623762376237625,-13.900000000000002,-2.752475247524753
all,all,PROCESS_DEVIATION,3395,2879,505,0.17540812782216048,675.0,507.0,168.0,77.0,0.15247524752475247,-36.0,-7.128712871287129
run_id,1,FIFO,1296,1157,158,0.1365600691443388,259.0,176.0,83.0,46.0,0.2911392405063291,0.0,0.0
run_id,1,RECENT_PRODUCT_RATE,1296,1157,158,0.1365600691443388,259.0,176.0,83.0,46.0,0.2911392405063291,0.0,0.0
run_id,1,Q,1296,1157,158,0.1365600691443388,259.0,176.0,83.0,32.0,0.20253164556962025,-14.0,-2.772277227722772
run_id,1,GQ,1296,1157,158,0.1365600691443388,259.0,176.0,83.0,32.0,0.20253164556962025,-14.0,-2.772277227722772
run_id,1,RANDOM,1296,1157,158,0.1365600691443388,259.0,176.0,83.0,27.29,0.17272151898734175,-18.71,-3.704950495049505
run_id,1,PROCESS_DEVIATION,1296,1157,158,0.1365600691443388,259.0,176.0,83.0,20.0,0.12658227848101267,-26.0,-5.148514851485149
run_id,2,FIFO,743,397,5,0.012594458438287154,148.0,63.0,85.0,0.0,0.0,0.0,0.0
run_id,2,RECENT_PRODUCT_RATE,743,397,5,0.012594458438287154,148.0,63.0,85.0,0.0,0.0,0.0,0.0
run_id,2,Q,743,397,5,0.012594458438287154,148.0,63.0,85.0,0.0,0.0,0.0,0.0
run_id,2,GQ,743,397,5,0.012594458438287154,148.0,54.6,93.4,1.4,0.27999999999999997,1.4,0.27722772277227725
run_id,2,RANDOM,743,397,5,0.012594458438287154,148.0,63.00000000000001,85.0,1.06,0.21200000000000002,1.06,0.2099009900990099
run_id,2,PROCESS_DEVIATION,743,397,5,0.012594458438287154,148.0,63.0,85.0,1.0,0.2,1.0,0.19801980198019803
run_id,3,FIFO,623,600,44,0.07333333333333333,122.0,122.0,0.0,6.0,0.13636363636363635,0.0,0.0
run_id,3,RECENT_PRODUCT_RATE,623,600,44,0.07333333333333333,122.0,122.0,0.0,6.0,0.13636363636363635,0.0,0.0
run_id,3,Q,623,600,44,0.07333333333333333,122.0,122.00000000000001,0.0,6.4,0.14545454545454548,0.3999999999999999,0.0792079207920792
run_id,3,GQ,623,600,44,0.07333333333333333,123.99999999999999,116.0,8.0,6.2,0.1409090909090909,0.19999999999999996,0.0396039603960396
run_id,3,RANDOM,623,600,44,0.07333333333333333,122.0,122.0,0.0,8.9,0.20227272727272727,2.9,0.5742574257425742
run_id,3,PROCESS_DEVIATION,623,600,44,0.07333333333333333,122.0,122.0,0.0,6.0,0.13636363636363635,0.0,0.0
run_id,4,FIFO,733,725,298,0.4110344827586207,146.0,146.0,0.0,61.0,0.20469798657718122,0.0,0.0
run_id,4,RECENT_PRODUCT_RATE,733,725,298,0.4110344827586207,146.0,146.0,0.0,61.0,0.20469798657718122,0.0,0.0
run_id,4,Q,733,725,298,0.4110344827586207,146.0,146.0,0.0,67.0,0.22483221476510068,6.0,1.188118811881188
run_id,4,GQ,733,725,298,0.4110344827586207,146.0,139.6,6.4,62.599999999999994,0.2100671140939597,1.5999999999999999,0.31683168316831684
run_id,4,RANDOM,733,725,298,0.4110344827586207,146.0,146.0,0.0,61.849999999999994,0.20755033557046978,0.8499999999999974,0.1683168316831678
run_id,4,PROCESS_DEVIATION,733,725,298,0.4110344827586207,146.0,146.0,0.0,50.0,0.16778523489932887,-11.0,-2.1782178217821784
Product_Type,1.0,FIFO,1554,1554,163,0.1048906048906049,239.0,239.0,0.0,46.0,0.2822085889570552,0.0,0.0
Product_Type,1.0,RECENT_PRODUCT_RATE,1554,1554,163,0.1048906048906049,239.0,239.0,0.0,46.0,0.2822085889570552,0.0,0.0
Product_Type,1.0,Q,1554,1554,163,0.1048906048906049,239.0,239.0,0.0,32.0,0.19631901840490798,-14.0,-2.772277227722772
Product_Type,1.0,GQ,1554,1554,163,0.1048906048906049,230.6,230.6,0.0,33.4,0.20490797546012268,-12.600000000000001,-2.4950495049504955
Product_Type,1.0,RANDOM,1554,1554,163,0.1048906048906049,239.0,239.0,0.0,28.35,0.17392638036809815,-17.65,-3.4950495049504946
Product_Type,1.0,PROCESS_DEVIATION,1554,1554,163,0.1048906048906049,239.0,239.0,0.0,21.0,0.12883435582822086,-25.0,-4.9504950495049505
Product_Type,2.0,FIFO,1325,1325,342,0.2581132075471698,268.0,268.0,0.0,67.0,0.195906432748538,0.0,0.0
Product_Type,2.0,RECENT_PRODUCT_RATE,1325,1325,342,0.2581132075471698,268.0,268.0,0.0,67.0,0.195906432748538,0.0,0.0
Product_Type,2.0,Q,1325,1325,342,0.2581132075471698,268.0,268.0,0.0,73.4,0.21461988304093568,6.4,1.2673267326732673
Product_Type,2.0,GQ,1325,1325,342,0.2581132075471698,255.60000000000002,255.60000000000002,0.0,68.8,0.20116959064327486,1.7999999999999998,0.35643564356435636
Product_Type,2.0,RANDOM,1325,1325,342,0.2581132075471698,268.0,268.0,0.0,70.75,0.20687134502923976,3.7499999999999964,0.7425742574257419
Product_Type,2.0,PROCESS_DEVIATION,1325,1325,342,0.2581132075471698,268.0,268.0,0.0,56.0,0.16374269005847952,-11.0,-2.1782178217821784
Product_Type,nan,FIFO,516,0,0,,168.0,0.0,168.0,0.0,,0.0,0.0
Product_Type,nan,RECENT_PRODUCT_RATE,516,0,0,,168.0,0.0,168.0,0.0,,0.0,0.0
Product_Type,nan,Q,516,0,0,,168.0,0.0,168.0,0.0,,0.0,0.0
Product_Type,nan,GQ,516,0,0,,190.8,0.0,190.8,0.0,,0.0,0.0
Product_Type,nan,RANDOM,516,0,0,,168.0,0.0,168.0,0.0,,0.0,0.0
Product_Type,nan,PROCESS_DEVIATION,516,0,0,,168.0,0.0,168.0,0.0,,0.0,0.0
quartile,1,FIFO,850,821,151,0.18392204628501826,507.0,507.0,0.0,113.0,0.7483443708609272,0.0,0.0
quartile,1,RECENT_PRODUCT_RATE,850,821,151,0.18392204628501826,507.0,507.0,0.0,113.0,0.7483443708609272,0.0,0.0
quartile,1,Q,850,821,151,0.18392204628501826,262.0,262.0,0.0,48.8,0.32317880794701986,-64.2,-12.712871287128714
quartile,1,GQ,850,821,151,0.18392204628501826,262.8,249.4,13.4,49.4,0.3271523178807947,-63.6,-12.594059405940595
quartile,1,RANDOM,850,821,151,0.18392204628501826,183.73000000000002,183.73000000000002,0.0,34.010000000000005,0.22523178807947022,-78.99000000000001,-15.641584158415844
quartile,1,PROCESS_DEVIATION,850,821,151,0.18392204628501826,255.0,255.0,0.0,36.0,0.23841059602649006,-77.0,-15.247524752475247
quartile,2,FIFO,849,791,134,0.16940581542351454,55.0,0.0,55.0,0.0,0.0,0.0,0.0
quartile,2,RECENT_PRODUCT_RATE,849,791,134,0.16940581542351454,55.0,0.0,55.0,0.0,0.0,0.0,0.0
quartile,2,Q,849,791,134,0.16940581542351454,226.2,171.2,55.0,36.0,0.26865671641791045,36.0,7.128712871287129
quartile,2,GQ,849,791,134,0.16940581542351454,222.8,167.8,55.0,34.0,0.2537313432835821,34.0,6.732673267326732
quartile,2,RANDOM,849,791,134,0.16940581542351454,210.08999999999997,155.08999999999997,55.0,26.990000000000002,0.20141791044776122,26.990000000000002,5.344554455445545
quartile,2,PROCESS_DEVIATION,849,791,134,0.16940581542351454,181.0,126.0,55.0,15.0,0.11194029850746269,15.0,2.9702970297029703
quartile,3,FIFO,849,552,145,0.26268115942028986,111.0,0.0,111.0,0.0,0.0,0.0,0.0
quartile,3,RECENT_PRODUCT_RATE,849,552,145,0.26268115942028986,111.0,0.0,111.0,0.0,0.0,0.0,0.0
quartile,3,Q,849,552,145,0.26268115942028986,163.0,52.0,111.0,20.6,0.14206896551724138,20.6,4.079207920792079
quartile,3,GQ,849,552,145,0.26268115942028986,165.6,50.199999999999996,115.4,18.8,0.1296551724137931,18.8,3.722772277227723
quartile,3,RANDOM,849,552,145,0.26268115942028986,198.64,87.64,111.0,27.05,0.18655172413793103,27.05,5.356435643564357
quartile,3,PROCESS_DEVIATION,849,552,145,0.26268115942028986,177.0,66.0,111.0,23.0,0.15862068965517243,23.0,4.554455445544554
quartile,4,FIFO,847,715,75,0.1048951048951049,2.0,0.0,2.0,0.0,0.0,0.0,0.0
quartile,4,RECENT_PRODUCT_RATE,847,715,75,0.1048951048951049,2.0,0.0,2.0,0.0,0.0,0.0,0.0
quartile,4,Q,847,715,75,0.1048951048951049,23.8,21.8,2.0,0.0,0.0,0.0,0.0
quartile,4,GQ,847,715,75,0.1048951048951049,25.8,18.8,7.0,0.0,0.0,0.0,0.0
quartile,4,RANDOM,847,715,75,0.1048951048951049,82.54,80.54,2.0,11.05,0.14733333333333334,11.05,2.1881188118811883
quartile,4,PROCESS_DEVIATION,847,715,75,0.1048951048951049,62.0,60.0,2.0,3.0,0.04,3.0,0.594059405940594
run_quartile,1_Q1,FIFO,324,324,68,0.20987654320987653,176.0,176.0,0.0,46.0,0.6764705882352942,0.0,0.0
run_quartile,1_Q1,RECENT_PRODUCT_RATE,324,324,68,0.20987654320987653,176.0,176.0,0.0,46.0,0.6764705882352942,0.0,0.0
run_quartile,1_Q1,Q,324,324,68,0.20987654320987653,127.0,127.0,0.0,27.0,0.39705882352941174,-19.0,-3.762376237623762
run_quartile,1_Q1,GQ,324,324,68,0.20987654320987653,127.0,127.0,0.0,27.0,0.39705882352941174,-19.0,-3.762376237623762
run_quartile,1_Q1,RANDOM,324,324,68,0.20987654320987653,70.0,70.0,0.0,15.010000000000002,0.22073529411764709,-30.990000000000002,-6.136633663366337
run_quartile,1_Q1,PROCESS_DEVIATION,324,324,68,0.20987654320987653,69.0,69.0,0.0,14.0,0.20588235294117646,-32.0,-6.336633663366337
run_quartile,1_Q2,FIFO,324,321,45,0.14018691588785046,0.0,0.0,0.0,0.0,0.0,0.0,0.0
run_quartile,1_Q2,RECENT_PRODUCT_RATE,324,321,45,0.14018691588785046,0.0,0.0,0.0,0.0,0.0,0.0,0.0
run_quartile,1_Q2,Q,324,321,45,0.14018691588785046,38.0,38.0,0.0,4.0,0.08888888888888889,4.0,0.7920792079207921
run_quartile,1_Q2,GQ,324,321,45,0.14018691588785046,38.0,38.0,0.0,4.0,0.08888888888888889,4.0,0.7920792079207921
run_quartile,1_Q2,RANDOM,324,321,45,0.14018691588785046,61.91,61.91,0.0,8.4,0.18666666666666668,8.4,1.6633663366336633
run_quartile,1_Q2,PROCESS_DEVIATION,324,321,45,0.14018691588785046,62.0,62.0,0.0,3.0,0.06666666666666667,3.0,0.594059405940594
run_quartile,1_Q3,FIFO,324,218,21,0.0963302752293578,81.0,0.0,81.0,0.0,0.0,0.0,0.0
run_quartile,1_Q3,RECENT_PRODUCT_RATE,324,218,21,0.0963302752293578,81.0,0.0,81.0,0.0,0.0,0.0,0.0
run_quartile,1_Q3,Q,324,218,21,0.0963302752293578,92.0,11.0,81.0,1.0,0.047619047619047616,1.0,0.19801980198019803
run_quartile,1_Q3,GQ,324,218,21,0.0963302752293578,92.0,11.0,81.0,1.0,0.047619047619047616,1.0,0.19801980198019803
run_quartile,1_Q3,RANDOM,324,218,21,0.0963302752293578,102.03,21.03,81.0,2.08,0.09904761904761905,2.08,0.41188118811881186
run_quartile,1_Q3,PROCESS_DEVIATION,324,218,21,0.0963302752293578,100.0,19.0,81.0,2.0,0.09523809523809523,2.0,0.39603960396039606
run_quartile,1_Q4,FIFO,324,294,24,0.08163265306122448,2.0,0.0,2.0,0.0,0.0,0.0,0.0
run_quartile,1_Q4,RECENT_PRODUCT_RATE,324,294,24,0.08163265306122448,2.0,0.0,2.0,0.0,0.0,0.0,0.0
run_quartile,1_Q4,Q,324,294,24,0.08163265306122448,2.0,0.0,2.0,0.0,0.0,0.0,0.0
run_quartile,1_Q4,GQ,324,294,24,0.08163265306122448,2.0,0.0,2.0,0.0,0.0,0.0,0.0
run_quartile,1_Q4,RANDOM,324,294,24,0.08163265306122448,25.060000000000002,23.06,2.0,1.8,0.075,1.8,0.3564356435643564
run_quartile,1_Q4,PROCESS_DEVIATION,324,294,24,0.08163265306122448,28.0,26.0,2.0,1.0,0.041666666666666664,1.0,0.19801980198019803
run_quartile,2_Q1,FIFO,186,173,2,0.011560693641618497,63.0,63.0,0.0,0.0,0.0,0.0,0.0
run_quartile,2_Q1,RECENT_PRODUCT_RATE,186,173,2,0.011560693641618497,63.0,63.0,0.0,0.0,0.0,0.0,0.0
run_quartile,2_Q1,Q,186,173,2,0.011560693641618497,49.0,49.0,0.0,0.0,0.0,0.0,0.0
run_quartile,2_Q1,GQ,186,173,2,0.011560693641618497,48.2,39.800000000000004,8.4,0.6,0.3,0.6,0.1188118811881188
run_quartile,2_Q1,RANDOM,186,173,2,0.011560693641618497,39.43,39.43000000000001,0.0,0.29000000000000004,0.14500000000000002,0.29000000000000004,0.057425742574257435
run_quartile,2_Q1,PROCESS_DEVIATION,186,173,2,0.011560693641618497,39.0,39.0,0.0,1.0,0.5,1.0,0.19801980198019803
run_quartile,2_Q2,FIFO,186,131,3,0.022900763358778626,55.0,0.0,55.0,0.0,0.0,0.0,0.0
run_quartile,2_Q2,RECENT_PRODUCT_RATE,186,131,3,0.022900763358778626,55.0,0.0,55.0,0.0,0.0,0.0,0.0
run_quartile,2_Q2,Q,186,131,3,0.022900763358778626,69.0,14.0,55.0,0.0,0.0,0.0,0.0
run_quartile,2_Q2,GQ,186,131,3,0.022900763358778626,69.8,14.8,55.0,0.8,0.26666666666666666,0.8,0.15841584158415842
run_quartile,2_Q2,RANDOM,186,131,3,0.022900763358778626,78.57,23.57,55.0,0.77,0.25666666666666665,0.77,0.15247524752475247
run_quartile,2_Q2,PROCESS_DEVIATION,186,131,3,0.022900763358778626,79.0,24.0,55.0,0.0,0.0,0.0,0.0
run_quartile,2_Q3,FIFO,186,0,0,,30.0,0.0,30.0,0.0,,0.0,0.0
run_quartile,2_Q3,RECENT_PRODUCT_RATE,186,0,0,,30.0,0.0,30.0,0.0,,0.0,0.0
run_quartile,2_Q3,Q,186,0,0,,30.0,0.0,30.0,0.0,,0.0,0.0
run_quartile,2_Q3,GQ,186,0,0,,30.0,0.0,30.0,0.0,,0.0,0.0
run_quartile,2_Q3,RANDOM,186,0,0,,30.0,0.0,30.0,0.0,,0.0,0.0
run_quartile,2_Q3,PROCESS_DEVIATION,186,0,0,,30.0,0.0,30.0,0.0,,0.0,0.0
run_quartile,2_Q4,FIFO,185,93,0,0.0,0.0,0.0,0.0,0.0,,0.0,0.0
run_quartile,2_Q4,RECENT_PRODUCT_RATE,185,93,0,0.0,0.0,0.0,0.0,0.0,,0.0,0.0
run_quartile,2_Q4,Q,185,93,0,0.0,0.0,0.0,0.0,0.0,,0.0,0.0
run_quartile,2_Q4,GQ,185,93,0,0.0,0.0,0.0,0.0,0.0,,0.0,0.0
run_quartile,2_Q4,RANDOM,185,93,0,0.0,0.0,0.0,0.0,0.0,,0.0,0.0
run_quartile,2_Q4,PROCESS_DEVIATION,185,93,0,0.0,0.0,0.0,0.0,0.0,,0.0,0.0
run_quartile,3_Q1,FIFO,156,143,7,0.04895104895104895,122.0,122.0,0.0,6.0,0.8571428571428571,0.0,0.0
run_quartile,3_Q1,RECENT_PRODUCT_RATE,156,143,7,0.04895104895104895,122.0,122.0,0.0,6.0,0.8571428571428571,0.0,0.0
run_quartile,3_Q1,Q,156,143,7,0.04895104895104895,41.0,41.0,0.0,2.8,0.39999999999999997,-3.2,-0.6336633663366337
run_quartile,3_Q1,GQ,156,143,7,0.04895104895104895,42.599999999999994,39.599999999999994,3.0,2.8,0.39999999999999997,-3.2,-0.6336633663366337
run_quartile,3_Q1,RANDOM,156,143,7,0.04895104895104895,33.06,33.06,0.0,1.4499999999999997,0.2071428571428571,-4.55,-0.900990099009901
run_quartile,3_Q1,PROCESS_DEVIATION,156,143,7,0.04895104895104895,102.0,102.0,0.0,5.0,0.7142857142857143,-1.0,-0.19801980198019803
run_quartile,3_Q2,FIFO,156,156,6,0.038461538461538464,0.0,0.0,0.0,0.0,0.0,0.0,0.0
run_quartile,3_Q2,RECENT_PRODUCT_RATE,156,156,6,0.038461538461538464,0.0,0.0,0.0,0.0,0.0,0.0,0.0
run_quartile,3_Q2,Q,156,156,6,0.038461538461538464,55.2,55.2,0.0,2.9999999999999996,0.49999999999999994,2.9999999999999996,0.5940594059405939
run_quartile,3_Q2,GQ,156,156,6,0.038461538461538464,53.599999999999994,53.599999999999994,0.0,2.8,0.4666666666666666,2.8,0.5544554455445545
run_quartile,3_Q2,RANDOM,156,156,6,0.038461538461538464,32.21,32.21,0.0,1.32,0.22,1.32,0.2613861386138614
run_quartile,3_Q2,PROCESS_DEVIATION,156,156,6,0.038461538461538464,2.0,2.0,0.0,0.0,0.0,0.0,0.0
run_quartile,3_Q3,FIFO,156,156,23,0.14743589743589744,0.0,0.0,0.0,0.0,0.0,0.0,0.0
run_quartile,3_Q3,RECENT_PRODUCT_RATE,156,156,23,0.14743589743589744,0.0,0.0,0.0,0.0,0.0,0.0,0.0
run_quartile,3_Q3,Q,156,156,23,0.14743589743589744,3.9999999999999996,3.9999999999999996,0.0,0.6000000000000001,0.026086956521739136,0.6000000000000001,0.11881188118811882
run_quartile,3_Q3,GQ,156,156,23,0.14743589743589744,3.9999999999999996,3.9999999999999996,0.0,0.6000000000000001,0.026086956521739136,0.6000000000000001,0.11881188118811882
run_quartile,3_Q3,RANDOM,156,156,23,0.14743589743589744,31.02,31.02,0.0,4.79,0.2082608695652174,4.79,0.9485148514851485
run_quartile,3_Q3,PROCESS_DEVIATION,156,156,23,0.14743589743589744,7.0,7.0,0.0,0.0,0.0,0.0,0.0
run_quartile,3_Q4,FIFO,155,145,8,0.05517241379310345,0.0,0.0,0.0,0.0,0.0,0.0,0.0
run_quartile,3_Q4,RECENT_PRODUCT_RATE,155,145,8,0.05517241379310345,0.0,0.0,0.0,0.0,0.0,0.0,0.0
run_quartile,3_Q4,Q,155,145,8,0.05517241379310345,21.8,21.8,0.0,0.0,0.0,0.0,0.0
run_quartile,3_Q4,GQ,155,145,8,0.05517241379310345,23.799999999999997,18.8,5.0,0.0,0.0,0.0,0.0
run_quartile,3_Q4,RANDOM,155,145,8,0.05517241379310345,25.71,25.709999999999997,0.0,1.3400000000000003,0.16750000000000004,1.3400000000000003,0.2653465346534654
run_quartile,3_Q4,PROCESS_DEVIATION,155,145,8,0.05517241379310345,11.0,11.0,0.0,1.0,0.125,1.0,0.19801980198019803
run_quartile,4_Q1,FIFO,184,181,74,0.4088397790055249,146.0,146.0,0.0,61.0,0.8243243243243243,0.0,0.0
run_quartile,4_Q1,RECENT_PRODUCT_RATE,184,181,74,0.4088397790055249,146.0,146.0,0.0,61.0,0.8243243243243243,0.0,0.0
run_quartile,4_Q1,Q,184,181,74,0.4088397790055249,45.0,45.0,0.0,19.0,0.25675675675675674,-42.0,-8.316831683168317
run_quartile,4_Q1,GQ,184,181,74,0.4088397790055249,45.0,43.0,2.0,19.0,0.25675675675675674,-42.0,-8.316831683168317
run_quartile,4_Q1,RANDOM,184,181,74,0.4088397790055249,41.24,41.24000000000001,0.0,17.26,0.23324324324324328,-43.739999999999995,-8.66138613861386
run_quartile,4_Q1,PROCESS_DEVIATION,184,181,74,0.4088397790055249,45.0,45.0,0.0,16.0,0.21621621621621623,-45.0,-8.910891089108912
run_quartile,4_Q2,FIFO,183,183,80,0.4371584699453552,0.0,0.0,0.0,0.0,0.0,0.0,0.0
run_quartile,4_Q2,RECENT_PRODUCT_RATE,183,183,80,0.4371584699453552,0.0,0.0,0.0,0.0,0.0,0.0,0.0
run_quartile,4_Q2,Q,183,183,80,0.4371584699453552,64.0,64.0,0.0,29.0,0.3625,29.0,5.742574257425742
run_quartile,4_Q2,GQ,183,183,80,0.4371584699453552,61.4,61.4,0.0,26.4,0.32999999999999996,26.4,5.227722772277228
run_quartile,4_Q2,RANDOM,183,183,80,0.4371584699453552,37.400000000000006,37.400000000000006,0.0,16.5,0.20625,16.5,3.267326732673267
run_quartile,4_Q2,PROCESS_DEVIATION,183,183,80,0.4371584699453552,38.0,38.0,0.0,12.0,0.15,12.0,2.376237623762376
run_quartile,4_Q3,FIFO,183,178,101,0.5674157303370787,0.0,0.0,0.0,0.0,0.0,0.0,0.0
run_quartile,4_Q3,RECENT_PRODUCT_RATE,183,178,101,0.5674157303370787,0.0,0.0,0.0,0.0,0.0,0.0,0.0
run_quartile,4_Q3,Q,183,178,101,0.5674157303370787,37.0,37.0,0.0,19.0,0.18811881188118812,19.0,3.762376237623762
run_quartile,4_Q3,GQ,183,178,101,0.5674157303370787,39.6,35.2,4.3999999999999995,17.2,0.17029702970297028,17.2,3.405940594059406
run_quartile,4_Q3,RANDOM,183,178,101,0.5674157303370787,35.59,35.59,0.0,20.18,0.1998019801980198,20.18,3.996039603960396
run_quartile,4_Q3,PROCESS_DEVIATION,183,178,101,0.5674157303370787,40.0,40.0,0.0,21.0,0.2079207920792079,21.0,4.158415841584159
run_quartile,4_Q4,FIFO,183,183,43,0.23497267759562843,0.0,0.0,0.0,0.0,0.0,0.0,0.0
run_quartile,4_Q4,RECENT_PRODUCT_RATE,183,183,43,0.23497267759562843,0.0,0.0,0.0,0.0,0.0,0.0,0.0
run_quartile,4_Q4,Q,183,183,43,0.23497267759562843,0.0,0.0,0.0,0.0,0.0,0.0,0.0
run_quartile,4_Q4,GQ,183,183,43,0.23497267759562843,0.0,0.0,0.0,0.0,0.0,0.0,0.0
run_quartile,4_Q4,RANDOM,183,183,43,0.23497267759562843,31.77,31.77,0.0,7.91,0.18395348837209302,7.91,1.5663366336633664
run_quartile,4_Q4,PROCESS_DEVIATION,183,183,43,0.23497267759562843,23.0,23.0,0.0,1.0,0.023255813953488372,1.0,0.19801980198019803
availability_state,complete_with_quality_score,FIFO,2879,2879,505,0.17540812782216048,507.0,507.0,0.0,113.0,0.22376237623762377,0.0,0.0
availability_state,complete_with_quality_score,RECENT_PRODUCT_RATE,2879,2879,505,0.17540812782216048,507.0,507.0,0.0,113.0,0.22376237623762377,0.0,0.0
availability_state,complete_with_quality_score,Q,2879,2879,505,0.17540812782216048,507.0,507.0,0.0,105.4,0.20871287128712873,-7.6,-1.504950495049505
availability_state,complete_with_quality_score,GQ,2879,2879,505,0.17540812782216048,486.20000000000005,486.20000000000005,0.0,102.2,0.2023762376237624,-10.8,-2.1386138613861387
availability_state,complete_with_quality_score,RANDOM,2879,2879,505,0.17540812782216048,507.0,507.0,0.0,99.10000000000001,0.19623762376237625,-13.9,-2.7524752475247523
availability_state,complete_with_quality_score,PROCESS_DEVIATION,2879,2879,505,0.17540812782216048,507.0,507.0,0.0,77.0,0.15247524752475247,-36.0,-7.128712871287129
availability_state,complete_without_quality_score,FIFO,107,0,0,,0.0,0.0,0.0,0.0,,0.0,0.0
availability_state,complete_without_quality_score,RECENT_PRODUCT_RATE,107,0,0,,0.0,0.0,0.0,0.0,,0.0,0.0
availability_state,complete_without_quality_score,Q,107,0,0,,0.0,0.0,0.0,0.0,,0.0,0.0
availability_state,complete_without_quality_score,GQ,107,0,0,,22.8,0.0,22.8,0.0,,0.0,0.0
availability_state,complete_without_quality_score,RANDOM,107,0,0,,0.0,0.0,0.0,0.0,,0.0,0.0
availability_state,complete_without_quality_score,PROCESS_DEVIATION,107,0,0,,0.0,0.0,0.0,0.0,,0.0,0.0
availability_state,process_missing_hold,FIFO,409,0,0,,168.0,0.0,168.0,0.0,,0.0,0.0
availability_state,process_missing_hold,RECENT_PRODUCT_RATE,409,0,0,,168.0,0.0,168.0,0.0,,0.0,0.0
availability_state,process_missing_hold,Q,409,0,0,,168.0,0.0,168.0,0.0,,0.0,0.0
availability_state,process_missing_hold,GQ,409,0,0,,168.0,0.0,168.0,0.0,,0.0,0.0
availability_state,process_missing_hold,RANDOM,409,0,0,,168.0,0.0,168.0,0.0,,0.0,0.0
availability_state,process_missing_hold,PROCESS_DEVIATION,409,0,0,,168.0,0.0,168.0,0.0,,0.0,0.0
state,normal,FIFO,3191,2879,505,0.17540812782216048,580.0,507.0,73.0,113.0,0.22376237623762377,0.0,0.0
state,normal,RECENT_PRODUCT_RATE,3191,2879,505,0.17540812782216048,580.0,507.0,73.0,113.0,0.22376237623762377,0.0,0.0
state,normal,Q,3191,2879,505,0.17540812782216048,580.0,507.0,73.0,105.4,0.20871287128712873,-7.600000000000001,-1.5049504950495052
state,normal,GQ,3191,2879,505,0.17540812782216048,559.2,486.20000000000005,73.0,102.2,0.2023762376237624,-10.8,-2.1386138613861387
state,normal,RANDOM,3191,2879,505,0.17540812782216048,580.0,507.0,73.0,99.10000000000001,0.19623762376237625,-13.900000000000002,-2.752475247524753
state,normal,PROCESS_DEVIATION,3191,2879,505,0.17540812782216048,580.0,507.0,73.0,77.0,0.15247524752475247,-36.0,-7.128712871287129
state,state_unknown,FIFO,113,0,0,,83.0,0.0,83.0,0.0,,0.0,0.0
state,state_unknown,RECENT_PRODUCT_RATE,113,0,0,,83.0,0.0,83.0,0.0,,0.0,0.0
state,state_unknown,Q,113,0,0,,83.0,0.0,83.0,0.0,,0.0,0.0
state,state_unknown,GQ,113,0,0,,83.0,0.0,83.0,0.0,,0.0,0.0
state,state_unknown,RANDOM,113,0,0,,83.0,0.0,83.0,0.0,,0.0,0.0
state,state_unknown,PROCESS_DEVIATION,113,0,0,,83.0,0.0,83.0,0.0,,0.0,0.0
state,warm,FIFO,91,0,0,,12.0,0.0,12.0,0.0,,0.0,0.0
state,warm,RECENT_PRODUCT_RATE,91,0,0,,12.0,0.0,12.0,0.0,,0.0,0.0
state,warm,Q,91,0,0,,12.0,0.0,12.0,0.0,,0.0,0.0
state,warm,GQ,91,0,0,,34.8,0.0,34.8,0.0,,0.0,0.0
state,warm,RANDOM,91,0,0,,12.0,0.0,12.0,0.0,,0.0,0.0
state,warm,PROCESS_DEVIATION,91,0,0,,12.0,0.0,12.0,0.0,,0.0,0.0
