population,experiment,model,role,auc,auc_sd,ap,prevalence,n
all,E_full,lightgbm,test,0.9441,0.0014,0.7652,0.0415,22084
all,E_full,lightgbm,validation,0.9084,0.0012,0.7016,0.0443,10306
all,E_full,logistic,test,0.9143,0.0,0.7064,0.0415,22084
all,E_full,logistic,validation,0.869,0.0,0.654,0.0443,10306
all,E_no_mold6,lightgbm,test,0.8937,0.002,0.7158,0.0415,22084
all,E_no_mold6,lightgbm,validation,0.881,0.0049,0.6545,0.0443,10306
all,E_no_mold6,logistic,test,0.87,0.0,0.6659,0.0415,22084
all,E_no_mold6,logistic,validation,0.8135,0.0,0.5928,0.0443,10306
normal_pressure,E_full,lightgbm,test,0.8834,0.0046,0.3279,0.0193,21582
normal_pressure,E_full,lightgbm,validation,0.8474,0.003,0.3584,0.0209,10051
normal_pressure,E_full,logistic,test,0.8468,0.0,0.2554,0.0193,21582
normal_pressure,E_full,logistic,validation,0.7754,0.0,0.2705,0.0209,10051
normal_pressure,E_no_mold6,lightgbm,test,0.7431,0.0021,0.1473,0.0193,21582
normal_pressure,E_no_mold6,lightgbm,validation,0.7521,0.0089,0.1169,0.0209,10051
normal_pressure,E_no_mold6,logistic,test,0.7658,0.0,0.1301,0.0193,21582
normal_pressure,E_no_mold6,logistic,validation,0.7111,0.0,0.2007,0.0209,10051
