target,model,inner_cv_ap,selected
y_type_Blow_Hole,catboost,0.1654,False
y_type_Blow_Hole,lightgbm,0.1583,False
y_type_Blow_Hole,logistic,0.1608,False
y_type_Blow_Hole,random_forest,0.1818,True
y_type_Bubble,catboost,0.0513,False
y_type_Bubble,lightgbm,0.0939,True
y_type_Bubble,logistic,0.0594,False
y_type_Bubble,random_forest,0.046,False
y_type_Etc,catboost,0.223,False
y_type_Etc,lightgbm,0.2555,False
y_type_Etc,logistic,0.1833,False
y_type_Etc,random_forest,0.3001,True
y_type_Exfoliation,catboost,0.0833,False
y_type_Exfoliation,lightgbm,0.1015,False
y_type_Exfoliation,logistic,0.0821,False
y_type_Exfoliation,random_forest,0.0859,True
y_type_Short_Shot,catboost,0.2493,False
y_type_Short_Shot,lightgbm,0.2428,False
y_type_Short_Shot,logistic,0.2137,False
y_type_Short_Shot,random_forest,0.248,True
