axis,level,n,positives,prevalence,auc,ap,recall,fnr,alarm_rate,ece
가동구간,0,330,125,0.3788,0.539,0.4018,0.888,0.112,0.8818,0.0594
가동구간,1,348,32,0.092,0.3731,0.0734,0.0,1.0,0.0,0.0534
가동구간,2,120,1,0.0083,0.0672,0.0089,0.0,1.0,0.0,0.0712
가동구간,3,180,11,0.0611,0.5051,0.0623,0.0,1.0,0.0667,0.0971
가동구간,4,218,63,0.289,0.704,0.4881,0.9841,0.0159,0.922,0.0997
가동구간,6,191,40,0.2094,0.4864,0.2222,0.65,0.35,0.6963,0.107
제품,Type 1,798,158,0.198,0.7407,0.3711,0.7025,0.2975,0.3647,0.0516
제품,Type 2,589,114,0.1935,0.6916,0.3852,0.7719,0.2281,0.5874,0.0892
예열 후 경과 Shot(분석용),21–100,520,94,0.1808,0.7143,0.3325,0.6702,0.3298,0.4519,0.0718
예열 후 경과 Shot(분석용),>100,703,151,0.2148,0.7119,0.374,0.7748,0.2252,0.4979,0.0613
예열 후 경과 Shot(분석용),≤20,164,27,0.1646,0.7983,0.4995,0.7037,0.2963,0.3171,0.0851
센서 결측,정상,1387,272,0.1961,0.7269,0.3707,0.7316,0.2684,0.4593,0.0576
Casting_Pressure 분위(train 기준),Q1,300,45,0.15,0.6283,0.2482,0.6667,0.3333,0.51,0.104
Casting_Pressure 분위(train 기준),Q2,293,71,0.2423,0.727,0.5029,0.8451,0.1549,0.6655,0.0793
Casting_Pressure 분위(train 기준),Q3,271,51,0.1882,0.7127,0.3394,0.7059,0.2941,0.3948,0.0733
Casting_Pressure 분위(train 기준),Q4,523,105,0.2008,0.7558,0.3945,0.6952,0.3048,0.348,0.0419
High_Velocity 분위(train 기준),Q1,232,46,0.1983,0.7348,0.348,0.6087,0.3913,0.2888,0.0499
High_Velocity 분위(train 기준),Q2,359,83,0.2312,0.7088,0.4123,0.7108,0.2892,0.4457,0.0705
High_Velocity 분위(train 기준),Q3,509,114,0.224,0.735,0.4085,0.8772,0.1228,0.6326,0.0683
High_Velocity 분위(train 기준),Q4,287,29,0.101,0.6272,0.2258,0.4138,0.5862,0.3066,0.1179
Cycle_Time 분위(train 기준),Q1,56,10,0.1786,0.8978,0.5856,0.9,0.1,0.375,0.1083
Cycle_Time 분위(train 기준),Q2,647,146,0.2257,0.6955,0.362,0.6986,0.3014,0.4173,0.0581
Cycle_Time 분위(train 기준),Q3,331,25,0.0755,0.7024,0.1679,0.44,0.56,0.1782,0.0849
Cycle_Time 분위(train 기준),Q4,353,91,0.2578,0.6359,0.4245,0.8462,0.1538,0.813,0.1018
Melting_Furnace_Temp 분위(train 기준),Q1,356,66,0.1854,0.6425,0.3344,0.8788,0.1212,0.7416,0.1254
Melting_Furnace_Temp 분위(train 기준),Q2,318,58,0.1824,0.712,0.4362,0.5172,0.4828,0.2579,0.0606
Melting_Furnace_Temp 분위(train 기준),Q3,435,117,0.269,0.7171,0.404,0.8632,0.1368,0.5862,0.0359
Melting_Furnace_Temp 분위(train 기준),Q4,278,31,0.1115,0.7344,0.3032,0.3226,0.6774,0.1295,0.088
불확실성,낮음,971,194,0.1998,0.7538,0.3961,0.7938,0.2062,0.4295,0.0579
불확실성,높음(임계값 근처),416,78,0.1875,0.5569,0.2421,0.5769,0.4231,0.5288,0.0568
불량유형,Short_Shot,88,88,,,,0.7273,0.2727,,
불량유형,Bubble,28,28,,,,0.6429,0.3571,,
불량유형,Exfoliation,33,33,,,,0.7273,0.2727,,
불량유형,Blow_Hole,47,47,,,,0.6383,0.3617,,
불량유형,Stain,25,25,,,,1.0,0.0,,
불량유형,Dent,2,2,,,,0.5,0.5,,
불량유형,Deformation,58,58,,,,0.8621,0.1379,,
불량유형,Contamination,3,3,,,,0.0,1.0,,
불량유형,Impurity,2,2,,,,0.0,1.0,,
불량유형,Scratch,1,1,,,,0.0,1.0,,
불량유형,Etc,91,91,,,,0.8352,0.1648,,
Cavity,cavity_1,214,214,,,,0.7243,0.2757,,
Cavity,cavity_2,72,72,,,,0.75,0.25,,
