scheme,fold,experiment,n,prevalence,test_auc,test_ap
forward_run,2,A,397,0.0126,0.5776,0.025
forward_run,2,A0,397,0.0126,0.5488,0.0163
forward_run,2,A_FB,397,0.0126,0.6237,0.0234
forward_run,2,B,397,0.0126,0.5723,0.0293
forward_run,2,B_FB,397,0.0126,0.6251,0.0208
forward_run,3,A,600,0.0733,0.4743,0.067
forward_run,3,A0,600,0.0733,0.4691,0.0734
forward_run,3,A_FB,600,0.0733,0.4276,0.0755
forward_run,3,B,600,0.0733,0.4771,0.0678
forward_run,3,B_FB,600,0.0733,0.4376,0.0763
forward_run,4,A,725,0.411,0.5586,0.4502
forward_run,4,A0,725,0.411,0.545,0.4585
forward_run,4,A_FB,725,0.411,0.6227,0.5091
forward_run,4,B,725,0.411,0.5433,0.446
forward_run,4,B_FB,725,0.411,0.6213,0.5113
forward_run,6,A,635,0.2409,0.5099,0.2686
forward_run,6,A0,635,0.2409,0.5514,0.2789
forward_run,6,A_FB,635,0.2409,0.545,0.278
forward_run,6,B,635,0.2409,0.5186,0.2881
forward_run,6,B_FB,635,0.2409,0.5509,0.2799
run_holdout,0,A,1099,0.3758,0.5006,0.3794
run_holdout,0,A0,1099,0.3758,0.5604,0.4323
run_holdout,0,A_FB,1099,0.3758,0.5741,0.4338
run_holdout,0,B,1099,0.3758,0.4939,0.3704
run_holdout,0,B_FB,1099,0.3758,0.5729,0.429
run_holdout,1,A,1157,0.1366,0.5256,0.1509
run_holdout,1,A0,1157,0.1366,0.6178,0.2007
run_holdout,1,A_FB,1157,0.1366,0.5897,0.1761
run_holdout,1,B,1157,0.1366,0.5503,0.1591
run_holdout,1,B_FB,1157,0.1366,0.5859,0.1788
run_holdout,2,A,397,0.0126,0.3646,0.0115
run_holdout,2,A0,397,0.0126,0.5126,0.0169
run_holdout,2,A_FB,397,0.0126,0.2951,0.0103
run_holdout,2,B,397,0.0126,0.4302,0.0132
run_holdout,2,B_FB,397,0.0126,0.3156,0.0106
run_holdout,3,A,600,0.0733,0.5005,0.0794
run_holdout,3,A0,600,0.0733,0.4422,0.0824
run_holdout,3,A_FB,600,0.0733,0.3933,0.0583
run_holdout,3,B,600,0.0733,0.4945,0.0756
run_holdout,3,B_FB,600,0.0733,0.4013,0.0588
run_holdout,4,A,725,0.411,0.4876,0.4183
run_holdout,4,A0,725,0.411,0.5368,0.4516
run_holdout,4,A_FB,725,0.411,0.6082,0.5095
run_holdout,4,B,725,0.411,0.4979,0.4319
run_holdout,4,B_FB,725,0.411,0.6109,0.5121
run_holdout,6,A,635,0.2409,0.5099,0.2686
run_holdout,6,A0,635,0.2409,0.5514,0.2789
run_holdout,6,A_FB,635,0.2409,0.545,0.278
run_holdout,6,B,635,0.2409,0.5186,0.2881
run_holdout,6,B_FB,635,0.2409,0.5509,0.2799
