model,role,ap,auc,fpr,recall
catboost,test,0.5511,0.7784,0.019,0.4966
catboost,validation,0.8849,0.9985,0.0185,1.0
ensemble,test,0.5458,0.7669,0.0219,0.5241
ensemble,validation,0.87,0.9985,0.0185,1.0
lightgbm,test,0.5456,0.8103,0.0208,0.4828
lightgbm,validation,0.5856,0.9873,0.0185,0.4857
logistic,test,0.4298,0.5922,0.0137,0.3966
logistic,validation,0.8675,0.9801,0.0185,0.8571
random_forest,test,0.5743,0.9001,0.0146,0.4966
random_forest,validation,0.6845,0.9909,0.0185,0.8571
xgboost,test,0.5573,0.8262,0.0192,0.4655
xgboost,validation,0.6645,0.9845,0.0185,0.8571
