policy,scheme,fold,episodes,detected_within_k,mean_shots_to_detect,warmup_row_recall,false_stop_rate,row_auc
고정,forward_run,2,6,6.0,1.3333,0.85,0.1673,0.8898
고정,forward_run,3,3,0.0,,0.0,0.0,0.8011
고정,forward_run,4,2,2.0,1.0,0.9,0.0149,0.9973
고정,forward_run,6,4,3.0,1.0,0.5714,0.0189,0.876
고정,run_holdout,0,2,2.0,1.0,1.0,0.0158,1.0
고정,run_holdout,1,3,2.0,1.0,0.3462,0.0245,0.8178
고정,run_holdout,2,6,6.0,1.0667,0.98,0.7552,0.8847
고정,run_holdout,3,3,3.0,1.0,0.9652,0.043,0.9964
고정,run_holdout,4,2,2.0,1.0,1.0,0.0212,0.9995
고정,run_holdout,6,4,3.0,1.0,0.5714,0.0189,0.876
고정,within_run,primary,9,8.0,1.125,0.531,0.0268,0.7969
적응형,forward_run,2,6,6.0,1.3333,0.81,0.0479,0.8898
적응형,forward_run,3,3,0.0,,0.0,0.0,0.8011
적응형,forward_run,4,2,2.0,1.0,0.9,0.0143,0.9973
적응형,forward_run,6,4,3.0,1.0,0.5714,0.0189,0.876
적응형,run_holdout,0,2,2.0,1.0,1.0,0.0157,1.0
적응형,run_holdout,1,3,2.0,1.0,0.3385,0.0207,0.8178
적응형,run_holdout,2,6,3.4,1.7833,0.34,0.1073,0.8847
적응형,run_holdout,3,3,3.0,1.0,0.9565,0.033,0.9964
적응형,run_holdout,4,2,2.0,1.0,1.0,0.0204,0.9995
적응형,run_holdout,6,4,3.0,1.0,0.5714,0.0189,0.876
적응형,within_run,primary,9,8.0,1.125,0.531,0.0229,0.7969
