budget,policy,arrivals,capacity,inspections_used,quality_inspections,gate_reviews,defects_caught,defects_total,capture_rate,random_capture_rate,lift_vs_random,precision,warmup_episodes_reviewed_within_k,mean_wait_records,p90_wait_records,left_in_queue,gain_vs_fifo_pp
0.1,FIFO,1445,143,143,143,0,35,272,0.1287,0.1031,1.25,0.2448,0 / 9,125.52,252.0,1244,0.0
0.1,Q,1445,143,143,143,0,29,272,0.1066,0.1031,1.03,0.2028,0 / 9,64.19,159.8,1244,-2.2
0.1,GQ,1445,143,143,112,53,22,272,0.0809,0.0807,1.0,0.1964,8 / 9,56.2,154.4,1275,-4.8
0.2,FIFO,1445,287,287,287,0,74,272,0.2721,0.2069,1.31,0.2578,0 / 9,109.13,224.0,1100,0.0
0.2,Q,1445,287,287,287,0,65,272,0.239,0.2069,1.15,0.2265,0 / 9,54.03,142.0,1100,-3.3
0.2,GQ,1445,287,287,256,65,58,272,0.2132,0.1846,1.16,0.2266,8 / 9,47.71,141.4,1131,-5.9
0.3,FIFO,1445,432,432,432,0,108,272,0.3971,0.3115,1.27,0.25,0 / 9,94.91,195.8,955,0.0
0.3,Q,1445,432,432,432,0,97,272,0.3566,0.3115,1.14,0.2245,0 / 9,49.06,134.8,955,-4.1
0.3,GQ,1445,432,432,401,65,87,272,0.3199,0.2891,1.11,0.217,8 / 9,44.74,132.8,986,-7.7
