experiment,model,val_ap,val_ap_sd,val_auc,val_ece,test_ap,test_ap_sd,test_auc,test_auc_sd,test_ap_lift,fit_seconds,selected
B_FB,random_forest,0.4569,0.0114,0.733,0.0333,0.3666,0.0036,0.7258,0.0015,1.8696,0.9888,False
A_FB,random_forest,0.4517,0.0171,0.7314,0.0334,0.3703,0.0033,0.7269,0.0008,1.8882,1.0086,True
B_FB,xgboost,0.443,0.0098,0.725,0.0377,0.3447,0.0034,0.6983,0.0042,1.7576,0.132,False
A_FB,ensemble,0.441,0.009,0.7304,0.0243,0.3761,0.0037,0.7276,0.0037,1.9178,0.5914,False
A_FB,xgboost,0.4357,0.0063,0.722,0.0396,0.3424,0.0033,0.6978,0.0024,1.7459,0.1375,False
A_FB,catboost,0.4355,0.0111,0.732,0.0257,0.3563,0.0077,0.7108,0.01,1.8166,0.4419,False
FB,ensemble,0.4332,0.0036,0.7194,0.0299,0.3942,0.0042,0.714,0.0015,2.0102,0.3229,False
FB,xgboost,0.4315,0.0029,0.7036,0.0736,0.363,0.0028,0.6669,0.0028,1.8512,0.0629,False
A_FB,lightgbm,0.431,0.0048,0.7203,0.0356,0.3551,0.0048,0.7106,0.0031,1.8105,0.1285,False
A_FB,logistic,0.4288,0.0,0.7123,0.0191,0.3802,0.0,0.7364,0.0,1.9387,0.0188,False
B_FB,lightgbm,0.4283,0.0036,0.7184,0.0404,0.3509,0.0043,0.706,0.002,1.7891,0.1369,False
A,xgboost,0.4255,0.0087,0.7334,0.0333,0.3241,0.0054,0.6959,0.0052,1.6528,0.0861,False
FB,lightgbm,0.4246,0.0053,0.7088,0.0593,0.38,0.0013,0.6933,0.001,1.9379,0.0631,False
B_FB,catboost,0.4232,0.0043,0.7342,0.0266,0.3506,0.012,0.7159,0.0045,1.7881,0.5159,False
FB,logistic,0.4195,0.0,0.7239,0.0503,0.3675,0.0,0.7338,0.0,1.8738,0.0086,False
B,xgboost,0.4192,0.0084,0.7304,0.0334,0.3218,0.0131,0.6927,0.0117,1.6408,0.0946,False
B_FB,ensemble,0.413,0.0026,0.7165,0.0308,0.3752,0.0037,0.7286,0.0019,1.9132,0.6018,False
A,lightgbm,0.4109,0.0058,0.7226,0.0457,0.3349,0.0063,0.7112,0.0058,1.7077,0.1057,False
B,lightgbm,0.4105,0.008,0.7217,0.0457,0.3359,0.0053,0.7132,0.004,1.7127,0.1104,False
FB,catboost,0.4083,0.0029,0.7076,0.0587,0.3842,0.0094,0.704,0.0045,1.9591,0.2721,False
FB,random_forest,0.3734,0.0052,0.6981,0.0416,0.3621,0.004,0.7051,0.0035,1.8464,0.7814,False
A,ensemble,0.3705,0.0121,0.7065,0.0349,0.3686,0.0085,0.7324,0.0072,1.8797,0.4408,False
B,ensemble,0.3613,0.0083,0.6966,0.0317,0.3679,0.0066,0.731,0.004,1.8762,0.4631,False
A,random_forest,0.3515,0.0091,0.696,0.072,0.3377,0.0046,0.7173,0.0039,1.7219,0.807,False
B,catboost,0.3499,0.007,0.6951,0.0466,0.3266,0.019,0.701,0.0076,1.6652,0.3318,False
B,random_forest,0.3458,0.0059,0.6919,0.0709,0.3326,0.0031,0.7164,0.0023,1.696,0.8281,False
B_FB,logistic,0.3453,0.0,0.6803,0.0376,0.3665,0.0,0.7366,0.0,1.8688,0.0256,False
A0,lightgbm,0.3438,0.0035,0.6787,0.0675,0.3266,0.0041,0.7169,0.0022,1.6655,0.0939,False
A0,ensemble,0.3438,0.0043,0.6853,0.0267,0.3452,0.0033,0.7242,0.0013,1.7602,0.3339,False
A0,logistic,0.3434,0.0,0.6782,0.0263,0.3294,0.0,0.6958,0.0,1.6799,0.0137,False
A,catboost,0.3427,0.0182,0.6955,0.0516,0.3239,0.0164,0.7017,0.0121,1.6516,0.319,False
A,logistic,0.3417,0.0,0.6707,0.0434,0.3688,0.0,0.7148,0.0,1.8806,0.0177,False
A0,xgboost,0.3377,0.0085,0.674,0.0636,0.3309,0.0035,0.716,0.001,1.6874,0.066,False
A0,random_forest,0.3365,0.0039,0.6834,0.0552,0.3305,0.002,0.725,0.0006,1.6851,0.657,False
A0,catboost,0.3347,0.0064,0.6794,0.0558,0.3445,0.0039,0.7229,0.0017,1.7568,0.248,False
B,logistic,0.2946,0.0,0.645,0.0475,0.367,0.0,0.7254,0.0,1.8715,0.017,False
