row_id,Product_Type,risk_before,suggested_var,current_value,suggested_value,risk_after
q42_r4_s523,2,0.6648,High_Velocity,2.516,2.713,0.5458
q42_r4_s524,2,0.6497,Velocity_3,0.194,0.206,0.5472
q42_r4_s514,2,0.6411,Velocity_3,0.202,0.206,0.5414
q42_r4_s510,2,0.6357,Velocity_3,0.2,0.206,0.5355
q42_r4_s526,2,0.6145,High_Velocity,2.517,2.713,0.5142
q42_r4_s564,2,0.6119,High_Velocity,2.518,2.713,0.4896
q42_r4_s520,2,0.6074,Velocity_3,0.202,0.206,0.5106
q42_r4_s530,2,0.6068,High_Velocity,2.516,2.713,0.5102
q42_r4_s522,2,0.6027,Velocity_3,0.198,0.206,0.5104
q42_r4_s540,2,0.6016,High_Velocity,2.514,2.713,0.4892
q42_r4_s516,2,0.5993,Velocity_3,0.194,0.206,0.5038
q42_r4_s563,2,0.5976,High_Velocity,2.518,2.713,0.4747
q42_r4_s525,2,0.5947,Velocity_3,0.204,0.206,0.4974
q42_r4_s512,2,0.5895,Velocity_3,0.197,0.206,0.4908
q42_r4_s561,2,0.586,Velocity_3,0.198,0.206,0.4889
q42_r4_s519,2,0.5844,Velocity_3,0.202,0.206,0.4884
q42_r4_s549,2,0.5824,High_Velocity,2.518,2.713,0.4687
q42_r4_s527,2,0.5821,Velocity_3,0.19,0.206,0.4891
q42_r4_s513,2,0.575,Velocity_3,0.2,0.206,0.4762
q42_r4_s565,2,0.5748,High_Velocity,2.521,2.713,0.4777
q42_r4_s515,2,0.5741,Velocity_3,0.202,0.206,0.4808
q42_r4_s560,2,0.5625,Velocity_3,0.202,0.206,0.4609
q42_r4_s521,2,0.5614,Velocity_3,0.198,0.206,0.4707
q42_r4_s558,2,0.556,High_Velocity,2.511,2.713,0.4579
q42_r4_s529,2,0.5552,High_Velocity,2.518,2.713,0.4636
q42_r4_s547,2,0.555,High_Velocity,2.529,2.713,0.4508
q42_r4_s546,2,0.5528,High_Velocity,2.51,2.713,0.4555
q42_r4_s559,2,0.5521,Velocity_3,0.2,0.206,0.4602
q42_r4_s557,2,0.5479,High_Velocity,2.522,2.713,0.45
q42_r4_s517,2,0.5471,Velocity_3,0.194,0.206,0.4507
q42_r4_s518,2,0.5468,Velocity_3,0.196,0.206,0.4503
q42_r4_s528,2,0.5411,Velocity_3,0.202,0.206,0.4476
q42_r4_s539,2,0.5378,High_Velocity,2.512,2.713,0.4406
q42_r4_s587,2,0.5363,High_Velocity,2.521,2.713,0.4274
q42_r4_s566,2,0.5351,High_Velocity,2.521,2.713,0.4392
q42_r4_s548,2,0.5326,High_Velocity,2.512,2.713,0.4273
q42_r4_s536,2,0.528,Velocity_3,0.204,0.206,0.4336
q42_r0_s853,1,0.5277,Spray_Time,8.0,7.8,0.4553
q42_r0_s897,1,0.5272,Spray_Time,8.0,7.8,0.4529
q42_r4_s551,2,0.525,Velocity_3,0.198,0.206,0.4315
q42_r4_s562,2,0.5241,High_Velocity,2.515,2.713,0.4029
q42_r4_s556,2,0.5224,High_Velocity,2.522,2.713,0.4268
q42_r0_s854,1,0.5214,Spray_Time,8.0,7.8,0.4472
q42_r4_s568,2,0.5138,High_Velocity,2.534,2.713,0.4173
q42_r4_s599,2,0.5116,High_Velocity,2.515,2.713,0.4067
q42_r0_s864,1,0.5091,Spray_Time,8.0,7.8,0.4368
q42_r4_s572,2,0.5082,High_Velocity,2.527,2.713,0.4165
q42_r0_s848,1,0.5049,Spray_Time,8.0,7.8,0.4327
q42_r4_s537,2,0.4982,Velocity_3,0.198,0.206,0.406
q42_r4_s511,2,0.4964,High_Velocity,2.527,2.713,0.4048
q42_r0_s851,1,0.4953,Spray_Time,8.0,7.8,0.4233
q42_r4_s576,2,0.4948,Velocity_3,0.198,0.206,0.4053
q42_r4_s554,2,0.4932,High_Velocity,2.521,2.713,0.3953
q42_r0_s850,1,0.4924,Spray_Time,8.0,7.8,0.4205
q42_r4_s575,2,0.4887,Velocity_3,0.186,0.206,0.3994
q42_r4_s541,2,0.488,High_Velocity,2.512,2.713,0.3825
q42_r0_s876,1,0.4877,Spray_Time,8.0,7.8,0.4159
q42_r0_s849,1,0.4854,Spray_Time,8.0,7.8,0.4137
q42_r0_s860,1,0.4845,Spray_Time,8.0,7.8,0.4128
q42_r0_s852,1,0.4832,Spray_Time,8.0,7.8,0.4116
q42_r0_s869,1,0.4811,Clamping_Force,258.0,253.0,0.4254
q42_r4_s581,2,0.4806,High_Velocity,2.515,2.713,0.3833
q42_r4_s573,2,0.4775,Velocity_3,0.198,0.206,0.3941
q42_r4_s555,2,0.4773,Velocity_3,0.2,0.206,0.3863
q42_r0_s856,1,0.4758,Spray_Time,8.0,7.8,0.4044
q42_r4_s594,2,0.4756,High_Velocity,2.529,2.713,0.3796
q42_r0_s881,1,0.4731,Clamping_Force,257.0,253.0,0.4181
q42_r4_s586,2,0.4727,High_Velocity,2.533,2.713,0.3794
q42_r0_s886,1,0.4712,Clamping_Force,257.0,253.0,0.4182
