feature,mean_abs_shap,direction(corr value↔shap),explain_model_test_auc
fb_ewm,0.2576,0.8686,0.7119
fb_rate100,0.2022,0.6068,0.7119
fb_rate20,0.178,0.8925,0.7119
shot_position,0.1515,-0.7432,0.7119
fb_known_count,0.1341,-0.7813,0.7119
Melting_Furnace_Temp,0.1328,-0.8451,0.7119
High_Velocity,0.113,-0.1741,0.7119
Coolant_Pressure,0.1048,0.8061,0.7119
fb_rate50,0.0919,0.9378,0.7119
Factory_Humidity,0.0836,-0.9614,0.7119
fb_since_defect,0.0732,0.8635,0.7119
Velocity_3,0.0599,-0.6174,0.7119
Coolant_Temp,0.0598,-0.6181,0.7119
Casting_Pressure,0.0569,-0.8032,0.7119
Clamping_Force,0.0468,0.4365,0.7119
Velocity_1,0.0457,0.6232,0.7119
Biscuit_Thickness,0.039,-0.16,0.7119
Spray_2_Time,0.0353,0.3839,0.7119
Cycle_Time,0.0309,-0.5279,0.7119
Air_Pressure,0.0249,0.5523,0.7119
Pressure_Rise_Time,0.0222,0.8417,0.7119
Spray_1_Time,0.0178,0.5127,0.7119
Factory_Temp,0.0155,0.267,0.7119
Spray_Time,0.0153,-0.3454,0.7119
Velocity_2,0.0097,-0.5576,0.7119
Rapid_Rise_Time,0.0039,-0.576,0.7119
Cylinder_Pressure,0.0015,0.2951,0.7119
Product_Type,0.0,,0.7119
